file,label,a,b,full,db_low,db_high,db_median,cents_low,cents_high,ref_hz,amd,pmd,ams,pms,stable_db_span,stable_cents_span,low_amplitude
15,AMD=0 AMS=0 AME=1,1.237,1.63844003142801,True,-0.0006852262886241078,0.00019362918101251125,-0.00018327072029933333,-0.0150451073423028,0.01597367413341999,1752.110107421875,0,0,0,0,0.0004141631652601063,0.017439039424061775,0.06143379211425781
15,AMD=1 AMS=0 AME=1,1.63844003142801,2.039880062856021,True,-0.0006852262886241078,0.00013191589096095413,-0.0002132977533619851,-0.01510702259838581,0.017377030104398727,1752.109619140625,1,0,0,0,0.00044833176070824265,0.018367746844887733,0.061434585601091385
15,AMD=2 AMS=0 AME=1,2.039880062856021,2.441320094284031,True,-0.0006779787945561111,0.0001891767024062574,-0.00021226232638582587,-0.014756174758076668,0.016675354912877083,1752.1075439453125,2,0,0,0,0.0004271059879101813,0.01821296475827694,0.061434630304574966
15,AMD=3 AMS=0 AME=1,2.441320094284031,2.8427601257120414,True,-0.0006912313983775675,0.00016970997967291623,-0.00020501443941611797,-0.016324670985341072,0.015478369779884815,1752.1109619140625,3,0,0,0,0.00044833202264271677,0.01909007877111435,0.061434440314769745
15,AMD=4 AMS=0 AME=1,2.8427601257120414,3.2442001571400514,True,-0.0006693853065371513,0.00017110793851315975,-0.00021588627714663744,-0.015065746381878853,0.01692301034927368,1752.1094970703125,4,0,0,0,0.0004149397718720138,0.018496733158826828,0.06143394112586975
15,AMD=5 AMS=0 AME=1,3.2442001571400514,3.645640188568061,True,-0.0006796353263780475,0.0002112320507876575,-0.00019880195031873882,-0.01638658344745636,0.016386428847908974,1752.1102294921875,5,0,0,0,0.0004317653947509825,0.017954984679818153,0.06143356114625931
15,AMD=6 AMS=0 AME=1,3.645640188568061,4.047080219996071,True,-0.0006868828204460442,0.00014692978584207594,-0.00021122692851349711,-0.016304031014442444,0.017170658335089684,1752.1097412109375,6,0,0,0,0.00042969544301740825,0.019606027752161026,0.06143369525671005
15,AMD=7 AMS=0 AME=1,4.047080219996071,4.448520251424082,True,-0.0006937162252143025,0.00019766745390370488,-0.00021433315123431385,-0.015354678966104984,0.017088109627366066,1752.109130859375,7,0,0,0,0.0004193404165562242,0.018367744982242584,0.06143413484096527
15,AMD=8 AMS=0 AME=1,4.448520251424082,4.849960282852092,True,-0.0006821201532147825,0.0001998419757001102,-0.00020812067668884993,-0.015622973442077637,0.01597367413341999,1752.1099853515625,8,0,0,0,0.0004328017239458859,0.018677320331335068,0.06143423542380333
15,AMD=9 AMS=0 AME=1,4.849960282852092,5.251400314280102,True,-0.0006833626539446414,0.00017105616279877722,-0.00021226232638582587,-0.015210212208330631,0.016386428847908974,1752.109375,9,0,0,0,0.0004167515435256064,0.01818716712296009,0.061434172093868256
15,AMD=10 AMS=0 AME=1,5.251400314280102,5.652840345708112,True,-0.0006732161273248494,0.00017789016419555992,-0.00019258944666944444,-0.01576744019985199,0.016180051490664482,1752.1085205078125,10,0,0,0,0.0004359075683169067,0.016097581014037132,0.06143399700522423
15,AMD=11 AMS=0 AME=1,5.652840345708112,6.054280377136123,True,-0.000689367763698101,0.00015003637236077338,-0.00019569569849409163,-0.015478506684303284,0.017088109627366066,1752.1094970703125,11,0,0,0,0.0004206355952192098,0.018548330292105675,0.06143397092819214
15,AMD=12 AMS=0 AME=1,6.054280377136123,6.455720408564132,True,-0.0006725948769599199,0.0001832745474530384,-0.0002329705748707056,-0.015168935991823673,0.016097500920295715,1752.1090087890625,12,0,0,0,0.00041002247598953545,0.018264560028910637,0.06143419072031975
15,AMD=13 AMS=0 AME=1,6.455720408564132,6.857160439992143,True,-0.0006676252232864499,0.00015045054897200316,-0.00019673112547025084,-0.014900640584528446,0.0162626001983881,1752.109375,13,0,0,0,0.00044419075129553676,0.018548335880041122,0.06143438071012497
15,AMD=14 AMS=0 AME=1,6.857160439992143,7.258600471420153,True,-0.0006800494738854468,0.00016608595615252852,-0.00020812067668884993,-0.01576744019985199,0.016180051490664482,1752.1077880859375,14,0,0,0,0.00044108388829045,0.018986880779266357,0.06143423169851303
15,AMD=15 AMS=0 AME=1,7.258600471420153,7.660040502848164,True,-0.0006674181786365807,0.00017064189887605608,-0.00021640399063471705,-0.015602335333824158,0.01597367413341999,1752.110107421875,15,0,0,0,0.00043461305904202163,0.017645422369241714,0.06143403425812721
15,AMD=16 AMS=0 AME=1,7.660040502848164,8.061480534276175,True,-0.0006827414035797119,0.00016639658133499324,-0.00017912905605044216,-0.015354678966104984,0.01700556091964245,1752.1083984375,16,0,0,0,0.0004607565642800182,0.017851797863841057,0.06143401935696602
15,AMD=17 AMS=0 AME=1,8.061480534276175,8.462920565704184,True,-0.0006732161273248494,0.00019155819609295577,-0.00022261645062826574,-0.015891270712018013,0.016799183562397957,1752.108154296875,17,0,0,0,0.00042865893919952214,0.018367746844887733,0.06143411248922348
15,AMD=18 AMS=0 AME=1,8.462920565704184,8.864360597132194,True,-0.0006821202114224434,0.00016059796325862408,-0.00019155404879711568,-0.015891270712018013,0.016180051490664482,1752.1099853515625,18,0,0,0,0.000445743091404438,0.018109774217009544,0.06143393740057945
15,AMD=19 AMS=0 AME=1,8.864360597132194,9.265800628560203,True,-0.0006761151016689837,0.00016753555973991752,-0.0001874123845482245,-0.016077011823654175,0.01671663299202919,1752.1090087890625,19,0,0,0,0.0004390134126879275,0.018367741256952286,0.061434272676706314
15,AMD=20 AMS=0 AME=1,9.265800628560203,9.667240659988217,True,-0.0006595493759959936,0.0001744731853250414,-0.00021433315123431385,-0.015891270712018013,0.016613444313406944,1752.1083984375,20,0,0,0,0.00045092019718140364,0.018470941111445427,0.0614340677857399
15,AMD=21 AMS=0 AME=1,9.667240659988217,10.068680691416226,True,-0.0006765293073840439,0.00016712139768060297,-0.00019051862182095647,-0.015478506684303284,0.0165102556347847,1752.1090087890625,21,0,0,0,0.00038931428571231663,0.019296448677778244,0.06143425777554512
15,AMD=22 AMS=0 AME=1,10.068680691416226,10.470120722844236,True,-0.0006750797620043159,0.00014651571109425277,-0.00021019151608925313,-0.015664249658584595,0.015230713412165642,1752.109130859375,22,0,0,0,0.0004291771329008043,0.018754705786705017,0.06143367290496826
15,AMD=23 AMS=0 AME=1,10.470120722844236,10.871560754272245,True,-0.0006875040708109736,0.00016287602193187922,-0.00020294361456763,-0.015292763710021973,0.017088109627366066,1752.1099853515625,23,0,0,0,0.0004410845576785505,0.0179549939930439,0.06143378093838692
15,AMD=24 AMS=0 AME=1,10.871560754272245,11.273000785700255,True,-0.0006895747501403093,0.00016950297867879272,-0.0002008727751672268,-0.01593254692852497,0.01597367413341999,1752.1063232421875,24,0,0,0,0.00042736533214338124,0.01890948787331581,0.0614338293671608
15,AMD=25 AMS=0 AME=1,11.273000785700255,11.674440817128268,True,-0.0006549938698299229,0.00015303910186048597,-0.00022261645062826574,-0.014983193017542362,0.017088109627366066,1752.1080322265625,25,0,0,0,0.0004038096813019365,0.017542237415909767,0.061434417963027954
15,AMD=26 AMS=0 AME=1,11.674440817128268,12.075880848556277,True,-0.0006763222045265138,0.00020087738812435418,-0.0001977665233425796,-0.015003831125795841,0.0162626001983881,1752.1085205078125,26,0,0,0,0.0004369424714241177,0.017851796001195908,0.061434246599674225
15,AMD=27 AMS=0 AME=1,12.075880848556277,12.477320879984287,True,-0.0006734231719747186,0.0001588377053849399,-0.00020397902699187398,-0.015272126533091068,0.01597367413341999,1752.1094970703125,27,0,0,0,0.00041934099863283336,0.018986888229846954,0.06143389642238617
15,AMD=28 AMS=0 AME=1,12.477320879984287,12.878760911412297,True,-0.0006804636213928461,0.00019186890858691186,-0.00020604985184036195,-0.014962554909288883,0.016180051490664482,1752.109130859375,28,0,0,0,0.0004193401837255806,0.0179549902677536,0.061433907598257065
15,AMD=29 AMS=0 AME=1,12.878760911412297,13.280200942840306,True,-0.0006885394686833024,0.0001993242622120306,-0.00018793009803630412,-0.01578807830810547,0.015684746205806732,1752.108154296875,29,0,0,0,0.0004646398010663688,0.018135571852326393,0.06143367663025856
15,AMD=30 AMS=0 AME=1,13.280200942840306,13.681640974268316,True,-0.0006910242955200374,0.0001499327045166865,-0.00021433315123431385,-0.015210212208330631,0.016427699476480484,1752.1097412109375,30,0,0,0,0.0004224463482387364,0.018780507147312164,0.061434462666511536
15,AMD=31 AMS=0 AME=1,13.681640974268316,14.083081005696329,True,-0.0006877111154608428,0.0001915582688525319,-0.0002132977533619851,-0.01463234517723322,0.0157672967761755,1752.1075439453125,31,0,0,0,0.00040277402149513364,0.017671218141913414,0.06143484264612198
15,AMD=32 AMS=0 AME=1,14.083081005696329,14.484521037124338,True,-0.0006939232698641717,0.0001485867251176387,-0.000201908202143386,-0.014364050701260567,0.017129387706518173,1752.10888671875,32,0,0,0,0.00046800533891655505,0.0190900769084692,0.0614343024790287
15,AMD=33 AMS=0 AME=1,14.484521037124338,14.885961068552348,True,-0.0006771504995413125,0.00020160223357379436,-0.00020812067668884993,-0.01510702259838581,0.016799183562397957,1752.110595703125,33,0,0,0,0.0004141627287026495,0.018574126064777374,0.0614340640604496
15,AMD=34 AMS=0 AME=1,14.885961068552348,15.287401099980357,True,-0.0006786000449210405,0.0001695028622634709,-0.0001894832239486277,-0.015168935991823673,0.01580856740474701,1752.1083984375,34,0,0,0,0.0004278823616914451,0.017593827098608017,0.061434000730514526
15,AMD=35 AMS=0 AME=1,15.287401099980357,15.688841131408367,True,-0.0006995141739025712,0.00017726888472680002,-0.00021847481548320502,-0.014487878419458866,0.016634076833724976,1752.1102294921875,35,0,0,0,0.00043694255873560905,0.01774861291050911,0.061434075236320496
15,AMD=36 AMS=0 AME=1,15.688841131408367,16.090281162836376,True,-0.0006868828204460442,0.0001928008277900517,-0.00021433315123431385,-0.015272126533091068,0.016799183562397957,1752.10791015625,36,0,0,0,0.00040691602043807507,0.01710367575287819,0.0614342987537384
15,AMD=37 AMS=0 AME=1,16.090281162836376,16.491721194264386,True,-0.000675286864861846,0.00013574700278695673,-0.0002008727751672268,-0.015292763710021973,0.01675790548324585,1752.109130859375,37,0,0,0,0.00043797827675007284,0.01816137507557869,0.061434440314769745
15,AMD=38 AMS=0 AME=1,16.491721194264386,16.8931612256924,True,-0.0006858474807813764,0.00019870295363944024,-0.00020604985184036195,-0.015168935060501099,0.016799183562397957,1752.1099853515625,38,0,0,0,0.00041726912604644895,0.018187157809734344,0.0614345446228981
15,AMD=39 AMS=0 AME=1,16.8931612256924,17.29460125712041,True,-0.0006775646470487118,0.00018441356951370835,-0.00018534155969973654,-0.0155610591173172,0.016799183562397957,1752.1087646484375,39,0,0,0,0.0004338368307799101,0.017439045011997223,0.06143365800380707
15,AMD=40 AMS=0 AME=1,17.29460125712041,17.696041288548418,True,-0.0006763222045265138,0.00014734413707628846,-0.0002008727751672268,-0.015519782900810242,0.016592806205153465,1752.10986328125,40,0,0,0,0.00039500946877524257,0.01844513975083828,0.06143360584974289
15,AMD=41 AMS=0 AME=1,17.696041288548418,18.097481319976428,True,-0.0006848121993243694,0.0001682604051893577,-0.0002132977533619851,-0.01599445939064026,0.016097500920295715,1752.109130859375,41,0,0,0,0.00042865952127613127,0.0168199073523283,0.0614338293671608
15,AMD=42 AMS=0 AME=1,18.097481319976428,18.498921351404437,True,-0.0006933020777069032,0.00017343770014122128,-0.0001874123845482245,-0.014962554909288883,0.017129387706518173,1752.109619140625,42,0,0,0,0.00044419115874916315,0.01960602030158043,0.06143418326973915
15,AMD=43 AMS=0 AME=1,18.498921351404437,18.90036138283245,True,-0.000674044422339648,0.00015552427794318646,-0.00022261645062826574,-0.015478506684303284,0.01597367413341999,1752.1083984375,43,0,0,0,0.00042943545849993825,0.018135571852326393,0.06143444776535034
15,AMD=44 AMS=0 AME=1,18.90036138283245,19.30180141426046,True,-0.0006576857413165271,0.00014568737242370844,-0.0001998373627429828,-0.014797450974583626,0.016592806205153465,1752.108642578125,44,0,0,0,0.00044833263382315636,0.018058180809020996,0.061434242874383926
15,AMD=45 AMS=0 AME=1,19.30180141426046,19.70324144568847,True,-0.0006869864300824702,0.0001923348754644394,-0.00020656755077652633,-0.015839673578739166,0.015891123563051224,1752.10986328125,45,0,0,0,0.00046075755381025374,0.01870310679078102,0.06143397092819214
15,AMD=46 AMS=0 AME=1,19.70324144568847,20.10468147711648,True,-0.0006738373776897788,0.00016070145647972822,-0.00022158105275593698,-0.0159531831741333,0.015478369779884815,1752.1085205078125,46,0,0,0,0.00043176571489311755,0.0168199073523283,0.06143387034535408
15,AMD=47 AMS=0 AME=1,20.10468147711648,20.50612150854449,True,-0.0006812919164076447,0.0001835852162912488,-0.0001843061181716621,-0.015210212208330631,0.015891123563051224,1752.109619140625,47,0,0,0,0.0004560973320621997,0.018393538892269135,0.06143395975232124
15,AMD=48 AMS=0 AME=1,20.50612150854449,20.907561539972498,True,-0.0006790141342207789,0.00015376399096567184,-0.00021433315123431385,-0.015622973442077637,0.016303878277540207,1752.107177734375,48,0,0,0,0.0004265883762855083,0.018161363899707794,0.06143415719270706
15,AMD=49 AMS=0 AME=1,20.907561539972498,21.30900157140051,True,-0.0006585140363313258,0.0001539710210636258,-0.00020604985184036195,-0.014838727191090584,0.01646897755563259,1752.109130859375,49,0,0,0,0.00045428541488945484,0.018058180809020996,0.06143458932638168
15,AMD=50 AMS=0 AME=1,21.30900157140051,21.71044160282852,True,-0.0006951657123863697,0.0002036731893895194,-0.0001874123845482245,-0.015622973442077637,0.015478369779884815,1752.1099853515625,50,0,0,0,0.00044936733320355415,0.01847093738615513,0.06143417954444885
15,AMD=51 AMS=0 AME=1,21.71044160282852,22.11188163425653,True,-0.000671559595502913,0.00017592277436051518,-0.00022468730458058417,-0.014797450974583626,0.016675354912877083,1752.1072998046875,51,0,0,0,0.0004669689806178212,0.018161369487643242,0.061434224247932434
15,AMD=52 AMS=0 AME=1,22.11188163425653,22.51332166568454,True,-0.0006897819112055004,0.00017468025907874107,-0.00018327072029933333,-0.015210212208330631,0.0162626001983881,1752.10986328125,52,0,0,0,0.00043331916094757617,0.018883690237998962,0.06143360212445259
15,AMD=53 AMS=0 AME=1,22.51332166568454,22.914761697112553,True,-0.0006827414617873728,0.00016204759594984353,-0.00021122692851349711,-0.01599445939064026,0.0157672967761755,1752.1090087890625,53,0,0,0,0.0004224474250804633,0.018367746844887733,0.061433907598257065
15,AMD=54 AMS=0 AME=1,22.914761697112553,23.316201728540566,True,-0.0006802565767429769,0.0001923348754644394,-0.00022520500351674855,-0.015065746381878853,0.01743895187973976,1752.109375,54,0,0,0,0.00043383624870330095,0.018058184534311295,0.06143445149064064
15,AMD=55 AMS=0 AME=1,23.316201728540566,23.717641759968576,True,-0.0006906101480126381,0.0001868986146291718,-0.0001998373627429828,-0.01655169017612934,0.015354542061686516,1752.109375,55,0,0,0,0.0004317661514505744,0.017954986542463303,0.061434514820575714
15,AMD=56 AMS=0 AME=1,23.717641759968576,24.119081791396585,True,-0.0006645191460847855,0.0001799610472517088,-0.00021743940305896103,-0.015168935991823673,0.016881732270121574,1752.1075439453125,56,0,0,0,0.00041209306800737977,0.019193269312381744,0.06143365055322647
15,AMD=57 AMS=0 AME=1,24.119081791396585,24.520521822824595,True,-0.0006761151598766446,0.00020936822693329304,-0.00020294361456763,-0.015519782900810242,0.015891123563051224,1752.109375,57,0,0,0,0.0004162346012890339,0.0180581696331501,0.06143372133374214
15,AMD=58 AMS=0 AME=1,24.520521822824595,24.921961854252604,True,-0.0006976505392231047,0.00017923627456184477,-0.00020294361456763,-0.015354678966104984,0.01659279875457287,1752.1083984375,58,0,0,0,0.00042762470548041165,0.01909007877111435,0.061433758586645126
15,AMD=59 AMS=0 AME=1,24.921961854252604,25.323401885680617,True,-0.0006701100501231849,0.00018959090812131763,-0.00022261645062826574,-0.014487878419458866,0.016551528126001358,1752.109130859375,59,0,0,0,0.00040380930295214057,0.0179549939930439,0.061434306204319
15,AMD=60 AMS=0 AME=1,25.323401885680617,25.724841917108627,True,-0.0006775646470487118,0.0002020164392888546,-0.00019155404879711568,-0.016200842335820198,0.01597367413341999,1752.109375,60,0,0,0,0.00044315573177300394,0.017954986542463303,0.06143439933657646
15,AMD=61 AMS=0 AME=1,25.724841917108627,26.126281948536636,True,-0.0006856404361315072,0.0001642220449866727,-0.0002132977533619851,-0.01502446923404932,0.016799183562397957,1752.1083984375,61,0,0,0,0.0004586862924043089,0.019606027752161026,0.0614340677857399
15,AMD=62 AMS=0 AME=1,26.126281948536636,26.527721979964646,True,-0.0006785999867133796,0.00018720931257121265,-0.00021433315123431385,-0.015065746381878853,0.016221322119235992,1752.10888671875,62,0,0,0,0.0004203762218821794,0.016923096030950546,0.06143397092819214
15,AMD=63 AMS=0 AME=1,26.527721979964646,26.929162011392656,True,-0.0006819131667725742,0.00013740381109528244,-0.0001894832239486277,-0.015210212208330631,0.016964280977845192,1752.109375,63,0,0,0,0.00046075714635662735,0.018574131652712822,0.06143377721309662
15,AMD=64 AMS=0 AME=1,26.929162011392656,27.330602042820665,True,-0.0006868828204460442,0.00018265329708810896,-0.000220545640331693,-0.015292763710021973,0.016881732270121574,1752.1097412109375,64,0,0,0,0.00043487150105647743,0.018780507147312164,0.06143422797322273
15,AMD=65 AMS=0 AME=1,27.330602042820665,27.732042074248678,True,-0.000670317152980715,0.0001684674498392269,-0.000201908202143386,-0.015065746381878853,0.015478369779884815,1752.107421875,65,0,0,0,0.0004201175761409104,0.017645422369241714,0.061434369534254074
15,AMD=66 AMS=0 AME=1,27.732042074248678,28.133482105676688,True,-0.0006806707242503762,0.00016152991156559438,-0.0001874123845482245,-0.015003831125795841,0.017170658335089684,1752.108154296875,66,0,0,0,0.00045247364323586226,0.018367750570178032,0.061434291303157806
15,AMD=67 AMS=0 AME=1,28.133482105676688,28.534922137104697,True,-0.0006692817551083863,0.00019031562260352075,-0.00021019151608925313,-0.015395954251289368,0.0165102556347847,1752.1083984375,67,0,0,0,0.0004069154092576355,0.018367746844887733,0.06143452599644661
15,AMD=68 AMS=0 AME=1,28.534922137104697,28.936362168532707,True,-0.0006732161273248494,0.00015552427794318646,-0.00017705821665003896,-0.015622973442077637,0.017418313771486282,1752.108642578125,68,0,0,0,0.00044833210995420814,0.018109779804944992,0.06143384799361229
15,AMD=69 AMS=0 AME=1,28.936362168532707,29.337802199960716,True,-0.0006788070895709097,0.00016028738173190504,-0.00021640399063471705,-0.015581697225570679,0.016551528126001358,1752.1083984375,69,0,0,0,0.0004131285531911999,0.018161369487643242,0.06143365800380707
15,AMD=70 AMS=0 AME=1,29.337802199960716,29.73924223138873,True,-0.0006833625957369804,0.0001659306581132114,-0.0001998373627429828,-0.015891270712018013,0.01599431224167347,1752.108154296875,70,0,0,0,0.0004392729024402797,0.018109772354364395,0.06143384799361229
15,AMD=71 AMS=0 AME=1,29.73924223138873,30.14068226281674,True,-0.0006864687311463058,0.0001715739053906873,-0.00019051862182095647,-0.015891270712018013,0.017129387706518173,1752.1075439453125,71,0,0,0,0.00039242004277184606,0.018780501559376717,0.06143427640199661
15,AMD=72 AMS=0 AME=1,30.14068226281674,30.54212229424475,True,-0.0006665898254141212,0.0001663964067120105,-0.00021743940305896103,-0.015148298814892769,0.01671663299202919,1752.1083984375,72,0,0,0,0.0004149399173911661,0.016974691301584244,0.06143452972173691
15,AMD=73 AMS=0 AME=1,30.54212229424475,30.94356232567276,True,-0.0006765293073840439,0.00018078944412991405,-0.0001874123845482245,-0.015581697225570679,0.016799183562397957,1752.1092529296875,73,0,0,0,0.0004400492471177131,0.018986884504556656,0.061434198170900345
15,AMD=74 AMS=0 AME=1,30.94356232567276,31.34500235710077,True,-0.0006864686729386449,0.00015749152225907892,-0.000201908202143386,-0.015829354524612427,0.016180051490664482,1752.108642578125,74,0,0,0,0.00041830516420304775,0.018341951072216034,0.061434075236320496
15,AMD=75 AMS=0 AME=1,31.34500235710077,31.746442388528774,True,-0.0006786000449210405,0.00012974136916454881,-0.00021847481548320502,-0.01461170706897974,0.016799183562397957,1752.1097412109375,75,0,0,0,0.0004276240069884807,0.01723266765475273,0.061434004455804825
15,AMD=76 AMS=0 AME=1,31.746442388528774,32.14788241995679,True,-0.0006997212185524404,0.00020025612320750952,-0.0001998373627429828,-0.01576744019985199,0.0162626001983881,1752.108154296875,76,0,0,0,0.00044522579992190003,0.019915584474802017,0.06143384799361229
15,AMD=77 AMS=0 AME=1,32.14788241995679,32.54932245138479,True,-0.0006672110757790506,0.00015314269694499671,-0.00021122692851349711,-0.015292763710021973,0.0157672967761755,1752.10693359375,77,0,0,0,0.0004232230130583048,0.017929192632436752,0.06143464148044586
15,AMD=78 AMS=0 AME=1,32.54932245138479,32.950762482812806,True,-0.0006707313004881144,0.00019362918101251125,-0.0001977665233425796,-0.014343411661684513,0.01671663299202919,1752.1080322265625,78,0,0,0,0.0004369427333585918,0.017645420506596565,0.061434969305992126
15,AMD=79 AMS=0 AME=1,32.950762482812806,33.352202514240815,True,-0.000676632858812809,0.00017939161625690758,-0.0001982842368306592,-0.01522053126245737,0.015787934884428978,1752.110595703125,79,0,0,0,0.0004550622252281755,0.018832096830010414,0.061434052884578705
15,AMD=80 AMS=0 AME=1,33.352202514240815,33.753642545668825,True,-0.0006767363520339131,0.00016152985335793346,-0.00020397902699187398,-0.015519782900810242,0.015932396054267883,1752.10888671875,80,0,0,0,0.0004276225226931274,0.01774860918521881,0.061434123665094376
15,AMD=81 AMS=0 AME=1,33.753642545668825,34.155082577096834,True,-0.0006846050964668393,0.00019456111476756632,-0.0001874123845482245,-0.015622973442077637,0.015684746205806732,1752.1097412109375,81,0,0,0,0.00042632949771359563,0.017645420506596565,0.061433762311935425
15,AMD=82 AMS=0 AME=1,34.155082577096834,34.556522608524844,True,-0.0006951657123863697,0.00013585062697529793,-0.00021433315123431385,-0.014797450974583626,0.01712937466800213,1752.1097412109375,82,0,0,0,0.0004410847323015332,0.018986880779266357,0.06143437325954437
15,AMD=83 AMS=0 AME=1,34.556522608524844,34.957962639952854,True,-0.0006897818529978395,0.00020284477795939893,-0.0002132977533619851,-0.01463234517723322,0.016592806205153465,1752.1075439453125,83,0,0,0,0.00042658791062422097,0.017954986542463303,0.06143445894122124
15,AMD=84 AMS=0 AME=1,34.957962639952854,35.35940267138087,True,-0.0006906101480126381,0.00016391139070037752,-0.00021019151608925313,-0.015829354524612427,0.015684746205806732,1752.1103515625,84,0,0,0,0.0004483317898120731,0.018032383173704147,0.06143444776535034
15,AMD=85 AMS=0 AME=1,35.35940267138087,35.76084270280887,True,-0.0006634838064201176,0.00018420642300043255,-0.0002132977533619851,-0.0155610591173172,0.01700556091964245,1752.1085205078125,85,0,0,0,0.0004286593175493181,0.01774861291050911,0.061433956027030945
15,AMD=86 AMS=0 AME=1,35.76084270280887,36.16228273423689,True,-0.00068419094895944,0.00020450154261197895,-0.00019880195031873882,-0.015829354524612427,0.016592806205153465,1752.1094970703125,86,0,0,0,0.0004330608935561031,0.01733585074543953,0.0614335760474205
15,AMD=87 AMS=0 AME=1,36.16228273423689,36.56372276566489,True,-0.0006997212767601013,0.00017250579548999667,-0.00021536856365855783,-0.01533403992652893,0.016716625541448593,1752.1097412109375,87,0,0,0,0.0004100222431588918,0.01888369768857956,0.06143374368548393
15,AMD=88 AMS=0 AME=1,36.56372276566489,36.96516279709291,True,-0.0006883323658257723,0.00020667600620072335,-0.00020812067668884993,-0.01502446923404932,0.01692301034927368,1752.10888671875,88,0,0,0,0.0004004444635938853,0.017851796001195908,0.0614343136548996
15,AMD=89 AMS=0 AME=1,36.96516279709291,37.36660282852092,True,-0.0006846050964668393,0.00020315544679760933,-0.00021743940305896103,-0.015354678966104984,0.01646897755563259,1752.1099853515625,89,0,0,0,0.00042969558853656054,0.018058180809020996,0.06143423169851303
15,AMD=90 AMS=0 AME=1,37.36660282852092,37.76804285994893,True,-0.0006837768014520407,0.00016743203741498291,-0.00020812067668884993,-0.015168935991823673,0.015891123563051224,1752.1090087890625,90,0,0,0,0.00042037537787109613,0.018341949209570885,0.061434581875801086
15,AMD=91 AMS=0 AME=1,37.76804285994893,38.16948289137694,True,-0.0006759080570191145,0.0001569739106344059,-0.00019673112547025084,-0.015499144792556763,0.016303878277540207,1752.1090087890625,91,0,0,0,0.0004431555571500212,0.017335856333374977,0.06143409386277199
15,AMD=92 AMS=0 AME=1,38.16948289137694,38.57092292280495,True,-0.000685433391481638,0.00014610162179451436,-0.00019258944666944444,-0.01593254692852497,0.016427699476480484,1752.10888671875,92,0,0,0,0.00041934140608645976,0.018780503422021866,0.06143395975232124
15,AMD=93 AMS=0 AME=1,38.57092292280495,38.972362954232956,True,-0.0006790141342207789,0.0001760263548931107,-0.00022779351274948567,-0.015622973442077637,0.016097500920295715,1752.1085205078125,93,0,0,0,0.00040665664710104465,0.01914167031645775,0.061434436589479446
15,AMD=94 AMS=0 AME=1,38.972362954232956,39.373802985660966,True,-0.0006744585698470473,0.00014972573262639344,-0.0001998373627429828,-0.014364050701260567,0.016386428847908974,1752.10888671875,94,0,0,0,0.00044212007196620107,0.018986888229846954,0.06143433228135109
15,AMD=95 AMS=0 AME=1,39.373802985660966,39.775243017088975,True,-0.0006797388778068125,0.00016101221262943,-0.00021329773881006986,-0.015220530331134796,0.01620068959891796,1752.107177734375,95,0,0,0,0.00043875479605048895,0.018522530794143677,0.0614343024790287
15,AMD=96 AMS=0 AME=1,39.775243017088975,40.17668304851699,True,-0.000667625165078789,0.00016090857388917357,-0.00021536856365855783,-0.015065746381878853,0.016345150768756866,1752.1085205078125,96,0,0,0,0.0004296945407986641,0.01816137135028839,0.06143391504883766
15,AMD=97 AMS=0 AME=1,40.17668304851699,40.578123079944994,True,-0.0006823273142799735,0.0001766475907061249,-0.00018534155969973654,-0.014694259501993656,0.01700556091964245,1752.1090087890625,97,0,0,0,0.0004550610901787877,0.018341949209570885,0.06143408641219139
15,AMD=98 AMS=0 AME=1,40.578123079944994,40.97956311137301,True,-0.0006690746522508562,0.00018441356951370835,-0.00021847481548320502,-0.015726163983345032,0.01572601869702339,1752.1083984375,98,0,0,0,0.00043590698624029756,0.01847093738615513,0.06143413856625557
15,AMD=99 AMS=0 AME=1,40.97956311137301,41.38100314280101,True,-0.0006810848717577755,0.00014817249029874802,-0.0001874123845482245,-0.014756174758076668,0.01572601869702339,1752.1102294921875,99,0,0,0,0.0004379790916573256,0.019064273685216904,0.06143376976251602
15,AMD=100 AMS=0 AME=1,41.38100314280101,41.78244317422903,True,-0.0006775646470487118,0.00015852709475439042,-0.00019051862182095647,-0.01578807830810547,0.016675354912877083,1752.1087646484375,100,0,0,0,0.0004328004433773458,0.018780501559376717,0.061434149742126465
15,AMD=101 AMS=0 AME=1,41.78244317422903,42.18388320565704,True,-0.0006570644909515977,0.00016836384020280093,-0.00021433315123431385,-0.015395954251289368,0.01597367413341999,1752.1092529296875,101,0,0,0,0.00045454478822648525,0.018883701413869858,0.06143420189619064
15,AMD=102 AMS=0 AME=1,42.18388320565704,42.58532323708505,True,-0.0006831556092947721,0.00018493131210561842,-0.00019569569849409163,-0.015272126533091068,0.015932396054267883,1752.108642578125,102,0,0,0,0.00040018639992922544,0.019012678414583206,0.061434172093868256
15,AMD=103 AMS=0 AME=1,42.58532323708505,42.98676326851306,True,-0.0006721807294525206,0.00016204765415750444,-0.00021640399063471705,-0.01593254692852497,0.015849845483899117,1752.109130859375,103,0,0,0,0.0004296952683944255,0.018780507147312164,0.061433762311935425
15,AMD=104 AMS=0 AME=1,42.98676326851306,43.38820329994107,True,-0.0006926808855496347,0.000168778162333183,-0.00019880195031873882,-0.015633292496204376,0.017026197165250778,1752.10986328125,104,0,0,0,0.00043150692363269627,0.018032383173704147,0.061433687806129456
15,AMD=105 AMS=0 AME=1,43.38820329994107,43.78964333136908,True,-0.0006848121411167085,0.00019186890858691186,-0.00021226232638582587,-0.01574680209159851,0.016303878277540207,1752.1075439453125,105,0,0,0,0.0004203769494779408,0.018574126064777374,0.06143384054303169
15,AMD=106 AMS=0 AME=1,43.78964333136908,44.191083362797094,True,-0.0006628625560551882,0.00014879362424835563,-0.0002288289397256449,-0.014859364368021488,0.017088109627366066,1752.108154296875,106,0,0,0,0.00042296425090171397,0.01769702136516571,0.06143449991941452
15,AMD=107 AMS=0 AME=1,44.191083362797094,44.5925233942251,True,-0.0006783929420635104,0.00020543338905554265,-0.0001998373627429828,-0.016283394768834114,0.015643468126654625,1752.108154296875,107,0,0,0,0.0004286601615604013,0.0180581696331501,0.0614345408976078
15,AMD=108 AMS=0 AME=1,44.5925233942251,44.993963425653114,True,-0.0006754939095117152,0.00016981361841317266,-0.00021640399063471705,-0.0155610591173172,0.015891123563051224,1752.1077880859375,108,0,0,0,0.000428659695899114,0.01888369768857956,0.061433956027030945
15,AMD=109 AMS=0 AME=1,44.993963425653114,45.395403457081116,True,-0.0006846050382591784,0.00018928021017927676,-0.00020708526426460594,-0.015292763710021973,0.016592806205153465,1752.110107421875,109,0,0,0,0.0003975965373683721,0.017181068658828735,0.06143396347761154
15,AMD=110 AMS=0 AME=1,45.395403457081116,45.79684348850913,True,-0.000699307129252702,0.00019383626931812614,-0.00019362487364560366,-0.015168935991823673,0.016427699476480484,1752.10888671875,110,0,0,0,0.000458685914054513,0.01847093552350998,0.061433713883161545
15,AMD=111 AMS=0 AME=1,45.79684348850913,46.19828351993714,True,-0.0006914384430274367,0.00016090853023342788,-0.00022468730458058417,-0.01510702259838581,0.016303878277540207,1752.1090087890625,111,0,0,0,0.00039837369695305824,0.018832102417945862,0.061434391885995865
15,AMD=112 AMS=0 AME=1,46.19828351993714,46.59972355136515,True,-0.0006895748083479702,0.00019570012227632105,-0.00019569569849409163,-0.015210212208330631,0.01572601869702339,1752.10791015625,112,0,0,0,0.00041002201032824814,0.018058180809020996,0.06143498420715332
15,AMD=113 AMS=0 AME=1,46.59972355136515,47.00116358279316,True,-0.0006895747501403093,0.00014071720943320543,-0.00021226232638582587,-0.014859364368021488,0.017170658335089684,1752.10888671875,113,0,0,0,0.00046101585030555725,0.01929645612835884,0.061434369534254074
15,AMD=114 AMS=0 AME=1,47.00116358279316,47.40260361422117,True,-0.000657478638458997,0.00020626181503757834,-0.00020708526426460594,-0.015684887766838074,0.017129387706518173,1752.1102294921875,114,0,0,0,0.0004089851281605661,0.018161369487643242,0.06143411621451378
15,AMD=115 AMS=0 AME=1,47.40260361422117,47.80404364564918,True,-0.0006771505577489734,0.00015945895574986935,-0.0001874123845482245,-0.015684887766838074,0.016303878277540207,1752.1085205078125,115,0,0,0,0.0004234825901221484,0.01751643978059292,0.061433807015419006
15,AMD=116 AMS=0 AME=1,47.80404364564918,48.2054836770772,True,-0.0006893677054904401,0.00016794970724731684,-0.00021536856365855783,-0.014714897610247135,0.016592806205153465,1752.1094970703125,116,0,0,0,0.0004410844121593982,0.017851803451776505,0.061433907598257065
15,AMD=117 AMS=0 AME=1,48.2054836770772,48.6069237085052,True,-0.000677771691698581,0.0001889696141006425,-0.00020812067668884993,-0.015622973442077637,0.015891123563051224,1752.10791015625,117,0,0,0,0.00040588053525425494,0.017645422369241714,0.06143413856625557
15,AMD=118 AMS=0 AME=1,48.6069237085052,49.008363739933216,True,-0.0006796353263780475,0.0001391640107613057,-0.0001884477969724685,-0.015210212208330631,0.016386421397328377,1752.1083984375,118,0,0,0,0.00044315523700788617,0.017826005816459656,0.0614343024790287
15,AMD=119 AMS=0 AME=1,49.008363739933216,49.40980377136122,True,-0.0006788070895709097,0.00018182492931373417,-0.00021122692851349711,-0.015519782900810242,0.01721193641424179,1752.110107421875,119,0,0,0,0.00042141115409322083,0.017851797863841057,0.061434581875801086
15,AMD=120 AMS=0 AME=1,49.40980377136122,49.811243802789235,True,-0.0006735267816111445,0.00016670723562128842,-0.00018793009803630412,-0.015323720872402191,0.01671663299202919,1752.10986328125,120,0,0,0,0.00044186151353642344,0.01707788184285164,0.06143374741077423
15,AMD=121 AMS=0 AME=1,49.811243802789235,50.21268383421724,True,-0.0006852262886241078,0.00015718098438810557,-0.00020812067668884993,-0.01599445939064026,0.016386428847908974,1752.10986328125,121,0,0,0,0.00040484522469341755,0.0179549902677536,0.06143375113606453
15,AMD=122 AMS=0 AME=1,50.21268383421724,50.614123865645254,True,-0.0006872970261611044,0.00016950290591921657,-0.00021847481548320502,-0.016200842335820198,0.016303878277540207,1752.109375,122,0,0,0,0.0004460026975721121,0.01725846156477928,0.06143389642238617
15,AMD=123 AMS=0 AME=1,50.614123865645254,51.015563897073264,True,-0.0006986859953030944,0.00017499081150162965,-0.00018119988089893013,-0.01510702259838581,0.01721193641424179,1752.108642578125,123,0,0,0,0.00044522626558318734,0.01981239765882492,0.06143425777554512
15,AMD=124 AMS=0 AME=1,51.015563897073264,51.41700392850127,True,-0.000671352434437722,0.00016784624313004315,-0.00022468730458058417,-0.015891270712018013,0.016386428847908974,1752.1083984375,124,0,0,0,0.000423740828409791,0.01821296289563179,0.0614345483481884
15,AMD=125 AMS=0 AME=1,51.41700392850127,51.81844395992928,True,-0.0006626554531976581,0.00015976963913999498,-0.000201908202143386,-0.014549792744219303,0.017129387706518173,1752.108154296875,125,0,0,0,0.0004586866416502744,0.018367750570178032,0.06143444776535034
15,AMD=126 AMS=0 AME=1,51.81844395992928,52.21988399135729,True,-0.0006846050382591784,0.00019797806453425437,-0.00019880195031873882,-0.01578807830810547,0.01597367413341999,1752.10986328125,126,0,0,0,0.0004421195772010833,0.018574126064777374,0.061434049159288406
15,AMD=127 AMS=0 AME=1,52.21988399135729,52.6213240227853,True,-0.000662655511405319,0.00015334966883528978,-0.00023089975002221763,-0.015808716416358948,0.015891123563051224,1752.108154296875,127,0,0,0,0.0004265883762855083,0.01751643791794777,0.061434172093868256
15,AMD=0 AMS=1 AME=1,52.6213240227853,53.02276405421332,True,-0.0006843979936093092,0.00017975391529034823,-0.0001843061181716621,-0.015065746381878853,0.0162626001983881,1752.109375,0,0,1,0,0.0004359072190709412,0.01847093179821968,0.06143401563167572
15,AMD=1 AMS=1 AME=1,53.02276405421332,53.42420408564132,True,-0.0005705079529434443,0.09416819363832474,0.09106054157018661,-0.018471036106348038,0.018574027344584465,1752.107177734375,1,0,1,0,0.09401388466358185,0.02130865678191185,0.060776133090257645
15,AMD=2 AMS=1 AME=1,53.42420408564132,53.82564411706934,True,-0.000566366536077112,0.2822357416152954,0.011239190585911274,-0.021752502769231796,0.022206252440810204,1752.10888671875,2,0,1,0,0.28214433789253235,0.020431548357009888,0.05947446450591087
15,AMD=3 AMS=1 AME=1,53.82564411706934,54.22708414849734,True,-0.0005945285665802658,0.47026410698890686,0.45133766531944275,-0.02187633141875267,0.02150457352399826,1752.1103515625,3,0,1,0,0.47007444500923157,0.02316606417298317,0.05819966271519661
15,AMD=4 AMS=1 AME=1,54.22708414849734,54.62852417992536,True,-0.0006110944086685777,0.6586915850639343,0.009903921745717525,-0.02069995552301407,0.021669678390026093,1752.1080322265625,4,0,1,0,0.6585367918014526,0.023733612149953842,0.056952349841594696
15,AMD=5 AMS=1 AME=1,54.62852417992536,55.02996421135337,True,-0.0005460731917992234,0.8466325402259827,0.8419049978256226,-0.019399750977754593,0.019399533048272133,1752.1109619140625,5,0,1,0,0.846360445022583,0.022082574665546417,0.055732663720846176
15,AMD=6 AMS=1 AME=1,55.02996421135337,55.431404242781376,True,-0.0006257966160774231,1.035130500793457,0.01625865325331688,-0.017872529104351997,0.019399533048272133,1752.110107421875,6,0,1,0,1.034914255142212,0.017516443505883217,0.05453671142458916
15,AMD=7 AMS=1 AME=1,55.431404242781376,55.832844274209386,True,-0.0005825182306580245,1.2235126495361328,0.042516496032476425,-0.025219717994332314,0.022866660729050636,1752.1090087890625,7,0,1,0,1.223123550415039,0.022598516196012497,0.05336757004261017
15,AMD=8 AMS=1 AME=1,55.832844274209386,56.234284305637395,True,-0.0006384279695339501,1.4115500450134277,1.34477961063385,-0.040657173842191696,0.036281075328588486,1752.109130859375,8,0,1,0,1.4112378358840942,0.02873830683529377,0.052224449813365936
15,AMD=9 AMS=1 AME=1,56.234284305637395,56.635724337065405,True,-0.0005887305014766753,1.5996735095977783,0.04390517622232437,-0.027159711346030235,0.03260760381817818,1752.1083984375,9,0,1,0,1.5993684530258179,0.023733608424663544,0.051105812191963196
15,AMD=10 AMS=1 AME=1,56.635724337065405,57.03716436849342,True,-0.0005315779126249254,1.7877098321914673,1.770460844039917,-0.02806779555976391,0.027324387803673744,1752.1103515625,10,0,1,0,1.7874293327331543,0.02837713249027729,0.05001089721918106
15,AMD=11 AMS=1 AME=1,57.03716436849342,57.438604399921424,True,-0.000637185585219413,1.975870132446289,0.00990081112831831,-0.019296560436487198,0.020307591184973717,1752.1094970703125,11,0,1,0,1.975669264793396,0.022701721638441086,0.04894014447927475
15,AMD=12 AMS=1 AME=1,57.438604399921424,57.84004443134944,True,-0.0006133721908554435,2.1641831398010254,2.099519968032837,-0.019771236926317215,0.023527054116129875,1752.109375,12,0,1,0,2.164053440093994,0.01955443248152733,0.04788927361369133
15,AMD=13 AMS=1 AME=1,57.84004443134944,58.24148446277744,True,-0.0006301450775936246,2.3525452613830566,0.08949530124664307,-0.021030165255069733,0.026952898129820824,1752.109619140625,13,0,1,0,2.3522040843963623,0.023217659443616867,0.046863846480846405
15,AMD=14 AMS=1 AME=1,58.24148446277744,58.64292449420546,True,-0.0005440023960545659,2.540710926055908,2.422764539718628,-0.024146532639861107,0.021669678390026093,1752.109130859375,14,0,1,0,2.5404295921325684,0.025281449779868126,0.04585852101445198
15,AMD=15 AMS=1 AME=1,58.64292449420546,59.04436452563346,True,-0.0005593259702436626,2.7289514541625977,0.06093134731054306,-0.029202900826931,0.027035461738705635,1752.1090087890625,15,0,1,0,2.728463888168335,0.025487828999757767,0.04487692937254906
15,AMD=16 AMS=1 AME=1,59.04436452563346,59.44580455706148,True,-0.0006433977396227419,2.9171526432037354,2.8731327056884766,-0.022330371662974358,0.02233007922768593,1752.1083984375,16,0,1,0,2.9168763160705566,0.022908085957169533,0.04391440749168396
15,AMD=17 AMS=1 AME=1,59.44580455706148,59.84724458848949,True,-0.0005906976875849068,3.1051735877990723,0.017780885100364685,-0.02486886829137802,0.023320689797401428,1752.109130859375,17,0,1,0,3.1049764156341553,0.023914173245429993,0.04297412931919098
15,AMD=18 AMS=1 AME=1,59.84724458848949,60.2486846199175,True,-0.0005895587964914739,3.2939701080322266,3.1676461696624756,-0.030998429283499718,0.028975393623113632,1752.1082763671875,18,0,1,0,3.2936010360717773,0.031060054898262024,0.042050790041685104
15,AMD=19 AMS=1 AME=1,60.2486846199175,60.65012465134551,True,-0.000588316295761615,3.4820621013641357,0.11385007947683334,-0.024125894531607628,0.0280673336237669,1752.10791015625,19,0,1,0,3.4817399978637695,0.028067566454410553,0.04114999622106552
15,AMD=20 AMS=1 AME=1,60.65012465134551,61.05156468277352,True,-0.0005814828909933567,3.6699697971343994,3.47792387008667,-0.026003971695899963,0.023609615862369537,1752.1094970703125,20,0,1,0,3.6697874069213867,0.02393999695777893,0.04026850685477257
15,AMD=21 AMS=1 AME=1,61.05156468277352,61.453004714201526,True,-0.0006612059660255909,3.858551263809204,0.0837971568107605,-0.03512609377503395,0.03293778374791145,1752.10986328125,21,0,1,0,3.858149290084839,0.027267856523394585,0.03940568119287491
15,AMD=22 AMS=1 AME=1,61.453004714201526,61.85444474562954,True,-0.0005939073162153363,4.046797275543213,4.021544933319092,-0.024641849100589752,0.025962304323911667,1752.1082763671875,22,0,1,0,4.046281814575195,0.024455927312374115,0.03856048360466957
15,AMD=23 AMS=1 AME=1,61.85444474562954,62.255884777057545,True,-0.0005348911508917809,4.235202789306641,4.113177299499512,-0.027139075100421906,0.023031750693917274,1752.1090087890625,23,0,1,0,4.234842300415039,0.023630406707525253,0.03773342818021774
15,AMD=24 AMS=1 AME=1,62.255884777057545,62.65732480848556,True,-0.0005943214637227356,4.42371940612793,0.11224091053009033,-0.035249922424554825,0.03900522738695145,1752.107421875,24,0,1,0,4.423220634460449,0.030311958864331245,0.03692448511719704
15,AMD=25 AMS=1 AME=1,62.65732480848556,63.05876483991357,True,-0.0005816899356432259,4.612192153930664,4.349411487579346,-0.029244177043437958,0.029470693320035934,1752.10693359375,25,0,1,0,4.611664772033691,0.024971887469291687,0.03613216057419777
15,AMD=26 AMS=1 AME=1,63.05876483991357,63.46020487134158,True,-0.0006538549205288291,4.800017356872559,0.09651176631450653,-0.027139075100421906,0.024765323847532272,1752.108642578125,26,0,1,0,4.799440383911133,0.026003781706094742,0.035359591245651245
15,AMD=27 AMS=1 AME=1,63.46020487134158,63.86164490276959,True,-0.0005725786322727799,4.988926410675049,4.879902362823486,-0.036034177988767624,0.03599213436245918,1752.1072998046875,27,0,1,0,4.98773717880249,0.03075047954916954,0.034600455313920975
15,AMD=28 AMS=1 AME=1,63.86164490276959,64.26308493419761,True,-0.0006125438376329839,5.176650047302246,0.0033937955740839243,-0.022392285987734795,0.023733442649245262,1752.1094970703125,28,0,1,0,5.175938606262207,0.02499767392873764,0.033860474824905396
15,AMD=29 AMS=1 AME=1,64.26308493419761,64.66452496562562,True,-0.0005816899938508868,5.3653764724731445,5.244102954864502,-0.03518800809979439,0.0404498465359211,1752.1094970703125,29,0,1,0,5.364811420440674,0.03446534276008606,0.03313247486948967
15,AMD=30 AMS=1 AME=1,64.66452496562562,65.06596499705363,True,-0.0005934932269155979,5.55450963973999,0.16239620745182037,-0.031658854335546494,0.03429987654089928,1752.109619140625,30,0,1,0,5.553194046020508,0.027345240116119385,0.032423026859760284
15,AMD=31 AMS=1 AME=1,65.06596499705363,65.46740502848164,True,-0.0005796192563138902,5.743435859680176,5.396986484527588,-0.0349816232919693,0.03070894256234169,1752.1085205078125,31,0,1,0,5.742104530334473,0.027603212743997574,0.03172500804066658
15,AMD=32 AMS=1 AME=1,65.46740502848164,65.86884505990965,True,-0.0006079883314669132,5.931331157684326,0.1391744762659073,-0.0270977970212698,0.027654582634568214,1752.109375,32,0,1,0,5.930495738983154,0.024249553680419922,0.03104603849351406
15,AMD=33 AMS=1 AME=1,65.86884505990965,66.27028509133766,True,-0.0005514571093954146,6.120057106018066,5.915773391723633,-0.029244177043437958,0.027902236208319664,1752.1087646484375,33,0,1,0,6.119271278381348,0.029589617624878883,0.030379902571439743
15,AMD=34 AMS=1 AME=1,66.27028509133766,66.67172512276566,True,-0.0005773414159193635,6.308369159698486,0.03614253178238869,-0.04418634623289108,0.041192784905433655,1752.110107421875,34,0,1,0,6.307922840118408,0.032504722476005554,0.029727261513471603
15,AMD=35 AMS=1 AME=1,66.67172512276566,67.07316515419369,True,-0.0006303522386588156,6.497243404388428,6.253180980682373,-0.028686944395303726,0.02848009206354618,1752.109130859375,35,0,1,0,6.496659755706787,0.02590058371424675,0.02908908575773239
15,AMD=36 AMS=1 AME=1,67.07316515419369,67.47460518562168,True,-0.0005885233986191452,6.685468673706055,0.1613682210445404,-0.032401833683252335,0.03033747337758541,1752.107666015625,36,0,1,0,6.684967517852783,0.027138836681842804,0.02846563421189785
15,AMD=37 AMS=1 AME=1,67.47460518562168,67.8760452170497,True,-0.0005760989733971655,6.873504638671875,6.426942348480225,-0.03609609603881836,0.030585121363401413,1752.10888671875,37,0,1,0,6.872845649719238,0.027448419481515884,0.027854789048433304
15,AMD=38 AMS=1 AME=1,67.8760452170497,68.27748524847772,True,-0.0005783767555840313,7.062596797943115,1.5948467254638672,-0.0394807867705822,0.03615725040435791,1752.1094970703125,38,0,1,0,7.061315059661865,0.02528146281838417,0.02725665643811226
15,AMD=39 AMS=1 AME=1,68.27748524847772,68.67892527990573,True,-0.0006158570758998394,7.250344753265381,0.06554090231657028,-0.030688855797052383,0.033144157379865646,1752.1090087890625,39,0,1,0,7.24957799911499,0.025591030716896057,0.02667379379272461
15,AMD=40 AMS=1 AME=1,68.67892527990573,69.08036531133372,True,-0.0005810686852782965,7.438584327697754,7.260165214538574,-0.034857794642448425,0.03661127761006355,1752.109619140625,40,0,1,0,7.4373674392700195,0.02811916172504425,0.02610255964100361
15,AMD=41 AMS=1 AME=1,69.08036531133372,69.48180534276173,True,-0.0006088164518587291,7.62690544128418,0.12904804944992065,-0.042349524796009064,0.036652542650699615,1752.1102294921875,41,0,1,0,7.626041412353516,0.03291745483875275,0.02554149366915226
15,AMD=42 AMS=1 AME=1,69.48180534276173,69.88324537418976,True,-0.0006103696650825441,7.814298629760742,7.4584245681762695,-0.03709705173969269,0.042513586580753326,1752.1090087890625,42,0,1,0,7.813544750213623,0.030931079760193825,0.02499568648636341
15,AMD=43 AMS=1 AME=1,69.88324537418976,70.28468540561776,True,-0.0005487651214934886,8.003030776977539,0.22309987246990204,-0.04819020628929138,0.046393416821956635,1752.1075439453125,43,0,1,0,8.002190589904785,0.03363979607820511,0.02445974014699459
15,AMD=44 AMS=1 AME=1,70.28468540561776,70.68612543704576,True,-0.0005963922012597322,8.191644668579102,7.871846675872803,-0.05240046977996826,0.05274968221783638,1752.1099853515625,44,0,1,0,8.19054126739502,0.0338461697101593,0.023934591561555862
15,AMD=45 AMS=1 AME=1,70.68612543704576,71.08756546847378,True,-0.0006817060639150441,8.379307746887207,0.030897503718733788,-0.026891415938735008,0.026498883962631226,1752.109130859375,45,0,1,0,8.377456665039062,0.026726096868515015,0.023424698039889336
15,AMD=46 AMS=1 AME=1,71.08756546847378,71.4890054999018,True,-0.0006048821960575879,8.567342758178711,8.40480899810791,-0.06356596201658249,0.05134637653827667,1752.1082763671875,46,0,1,0,8.56639289855957,0.032556287944316864,0.022921165451407433
15,AMD=47 AMS=1 AME=1,71.4890054999018,71.8904455313298,True,-0.0005901800468564034,8.755340576171875,0.18425387144088745,-0.03176204860210419,0.028975393623113632,1752.109130859375,47,0,1,0,8.75365161895752,0.024662312120199203,0.022432109341025352
15,AMD=48 AMS=1 AME=1,71.8904455313298,72.29188556275781,True,-0.0005651240353472531,8.943764686584473,8.300468444824219,-0.0449499636888504,0.03768441081047058,1752.10888671875,48,0,1,0,8.94312572479248,0.03487807512283325,0.021948548033833504
15,AMD=49 AMS=1 AME=1,72.29188556275781,72.69332559418582,True,-0.0005972204962745309,9.13318157196045,0.21372255682945251,-0.04007929936051369,0.039211586117744446,1752.109375,49,0,1,0,9.13183307647705,0.02943483740091324,0.021477261558175087
15,AMD=50 AMS=1 AME=1,72.69332559418582,73.09476562561383,True,-0.0006328371237032115,9.320880889892578,8.828085899353027,-0.03943950682878494,0.03945924714207649,1752.1092529296875,50,0,1,0,9.31950855255127,0.030028171837329865,0.021016443148255348
15,AMD=51 AMS=1 AME=1,73.09476562561383,73.49620565704184,True,-0.0006357360980473459,9.508790016174316,0.038623690605163574,-0.02822258323431015,0.034052230417728424,1752.107177734375,51,0,1,0,9.507903099060059,0.02760322578251362,0.020566627383232117
15,AMD=52 AMS=1 AME=1,73.49620565704184,73.89764568846985,True,-0.0005342699587345123,9.697864532470703,9.37233829498291,-0.0453420989215374,0.04300887882709503,1752.1087646484375,52,0,1,0,9.696803092956543,0.03436211496591568,0.020124191418290138
15,AMD=53 AMS=1 AME=1,73.89764568846985,74.29908571989786,True,-0.0006026044138707221,9.8849515914917,0.1676062047481537,-0.04833467677235603,0.04540281742811203,1752.1102294921875,53,0,1,0,9.884031295776367,0.031085871160030365,0.01969454251229763
15,AMD=54 AMS=1 AME=1,74.29908571989786,74.70052575132587,True,-0.000570300908293575,10.07504653930664,0.258727490901947,-0.033557578921318054,0.02951197139918804,1752.110107421875,54,0,1,0,10.073633193969727,0.024559125304222107,0.019269723445177078
15,AMD=55 AMS=1 AME=1,74.70052575132587,75.1019657827539,True,-0.0005897658411413431,10.262059211730957,9.544564247131348,-0.028563113883137703,0.031575705856084824,1752.108642578125,55,0,1,0,10.261331558227539,0.02889309823513031,0.018857372924685478
15,AMD=56 AMS=1 AME=1,75.1019657827539,75.50340581418189,True,-0.0006349078030325472,10.450688362121582,0.08450549095869064,-0.03665332868695259,0.03590960428118706,1752.1077880859375,56,0,1,0,10.449832916259766,0.027267862111330032,0.018452763557434082
15,AMD=57 AMS=1 AME=1,75.50340581418189,75.9048458456099,True,-0.0005597401177510619,10.640398979187012,10.482017517089844,-0.0372312031686306,0.04073876887559891,1752.1104736328125,57,0,1,0,10.638598442077637,0.030647311359643936,0.018055759370326996
15,AMD=58 AMS=1 AME=1,75.9048458456099,76.30628587703791,True,-0.0006291097961366177,10.827315330505371,0.11131425201892853,-0.06354531645774841,0.04961283132433891,1752.10986328125,58,0,1,0,10.826216697692871,0.034052543342113495,0.017671046778559685
15,AMD=59 AMS=1 AME=1,76.30628587703791,76.70772590846593,True,-0.0006295238854363561,11.016251564025879,10.231789588928223,-0.03933631628751755,0.035084083676338196,1752.1083984375,59,0,1,0,11.014923095703125,0.029615383595228195,0.017290949821472168
15,AMD=60 AMS=1 AME=1,76.70772590846593,77.10916593989393,True,-0.0006661756779067218,11.204211235046387,0.2837139964103699,-0.05642498657107353,0.05852814018726349,1752.1082763671875,60,0,1,0,11.202856063842773,0.033949390053749084,0.016920961439609528
15,AMD=61 AMS=1 AME=1,77.10916593989393,77.51060597132194,True,-0.0005965993041172624,11.392536163330078,10.689180374145508,-0.03217481076717377,0.0341760478913784,1752.107666015625,61,0,1,0,11.391473770141602,0.03126642480492592,0.016557181254029274
15,AMD=62 AMS=1 AME=1,77.51060597132194,77.91204600274996,True,-0.0005330274580046535,11.581293106079102,0.08554328233003616,-0.027572477236390114,0.03289652615785599,1752.109619140625,62,0,1,0,11.57972526550293,0.027577416971325874,0.01620228961110115
15,AMD=63 AMS=1 AME=1,77.91204600274996,78.31348603417797,True,-0.0005858314107172191,11.768902778625488,11.683494567871094,-0.03178268298506737,0.039624352008104324,1752.1070556640625,63,0,1,0,11.76837158203125,0.02724205143749714,0.015853814780712128
15,AMD=64 AMS=1 AME=1,78.31348603417797,78.71492606560598,True,-0.0006224834942258894,11.957539558410645,0.16013674437999725,-0.03927440196275711,0.05031450837850571,1752.108642578125,64,0,1,0,11.956489562988281,0.02971860021352768,0.015514176338911057
15,AMD=65 AMS=1 AME=1,78.71492606560598,79.11636609703399,True,-0.0005655381246469915,12.146018981933594,11.143041610717773,-0.05531050264835358,0.04267868772149086,1752.1087646484375,65,0,1,0,12.145503997802734,0.033639781177043915,0.015180284157395363
15,AMD=66 AMS=1 AME=1,79.11636609703399,79.517806128462,True,-0.0006226904806680977,12.33430004119873,0.27413854002952576,-0.04909830167889595,0.052171867340803146,1752.1087646484375,66,0,1,0,12.332819938659668,0.02713887207210064,0.014856122434139252
15,AMD=67 AMS=1 AME=1,79.517806128462,79.91924615989001,True,-0.0005596365663222969,12.523151397705078,11.842044830322266,-0.023424195125699043,0.0266227088868618,1752.110107421875,67,0,1,0,12.52260971069336,0.025513628497719765,0.014535515569150448
15,AMD=68 AMS=1 AME=1,79.91924615989001,80.32068619131802,True,-0.0006293168407864869,12.711109161376953,0.11830990016460419,-0.033949706703424454,0.03760187327861786,1752.1085205078125,68,0,1,0,12.710431098937988,0.02497188188135624,0.014223990961909294
15,AMD=69 AMS=1 AME=1,80.32068619131802,80.72212622274603,True,-0.0005684372154064476,12.89909839630127,12.63861083984375,-0.034692686051130295,0.04160551726818085,1752.1094970703125,69,0,1,0,12.898568153381348,0.025977997109293938,0.01391950249671936
15,AMD=70 AMS=1 AME=1,80.72212622274603,81.12356625417404,True,-0.00056118966313079,13.087876319885254,12.116771697998047,-0.046848706901073456,0.05039706081151962,1752.109619140625,70,0,1,0,13.087120056152344,0.032195135951042175,0.013620620593428612
15,AMD=71 AMS=1 AME=1,81.12356625417404,81.52500628560205,True,-0.0005918365786783397,13.27624797821045,0.2760313153266907,-0.04627082869410515,0.03619852289557457,1752.1083984375,71,0,1,0,13.275426864624023,0.02842871844768524,0.013328746892511845
15,AMD=72 AMS=1 AME=1,81.52500628560205,81.92644631703007,True,-0.000566366477869451,13.46391773223877,12.210198402404785,-0.036756522953510284,0.03070894628763199,1752.1114501953125,72,0,1,0,13.462810516357422,0.026003791019320488,0.01304389163851738
15,AMD=73 AMS=1 AME=1,81.92644631703007,82.32788634845807,True,-0.0006632767035625875,13.653236389160156,0.17159998416900635,-0.05442304536700249,0.05031450837850571,1752.10986328125,73,0,1,0,13.652759552001953,0.034052543342113495,0.012762152589857578
15,AMD=74 AMS=1 AME=1,82.32788634845807,82.72932637988607,True,-0.0005798262427560985,13.841484069824219,13.71854305267334,-0.037499506026506424,0.045567918568849564,1752.108154296875,74,0,1,0,13.84085464477539,0.03436214476823807,0.012488416396081448
15,AMD=75 AMS=1 AME=1,82.72932637988607,83.1307664113141,True,-0.0005881092511117458,14.02938175201416,0.06856641918420792,-0.05716798081994057,0.05423559620976448,1752.108642578125,75,0,1,0,14.02857780456543,0.030853670090436935,0.012221487239003181
15,AMD=76 AMS=1 AME=1,83.1307664113141,83.53220644274211,True,-0.0005958745023235679,14.216699600219727,13.48158073425293,-0.04364974796772003,0.0433390848338604,1752.1075439453125,76,0,1,0,14.215633392333984,0.03155021369457245,0.01196097582578659
15,AMD=77 AMS=1 AME=1,83.53220644274211,83.9336464741701,True,-0.0005767201655544341,14.40566635131836,0.3159748911857605,-0.03289715200662613,0.03917030245065689,1752.1087646484375,77,0,1,0,14.404149055480957,0.02559102699160576,0.011704020202159882
15,AMD=78 AMS=1 AME=1,83.9336464741701,84.33508650559811,True,-0.0006133722490631044,14.592686653137207,13.293461799621582,-0.06304998695850372,0.06797993183135986,1752.1097412109375,78,0,1,0,14.591289520263672,0.04364916682243347,0.011454612016677856
15,AMD=79 AMS=1 AME=1,84.33508650559811,84.73652653702614,True,-0.0006289026350714266,14.780051231384277,0.14762112498283386,-0.04284484684467316,0.03908775374293327,1752.1087646484375,79,0,1,0,14.77954387664795,0.03002816252410412,0.011209492571651936
15,AMD=80 AMS=1 AME=1,84.73652653702614,85.13796656845415,True,-0.0006181348580867052,14.969183921813965,14.533190727233887,-0.044681668281555176,0.044659871608018875,1752.109130859375,80,0,1,0,14.96879768371582,0.03818013519048691,0.010967605747282505
15,AMD=81 AMS=1 AME=1,85.13796656845415,85.53940659988214,True,-0.0005734070437029004,15.160135269165039,0.1014140397310257,-0.030399920418858528,0.03500154986977577,1752.1094970703125,81,0,1,0,15.159411430358887,0.02541043609380722,0.010729732923209667
15,AMD=82 AMS=1 AME=1,85.53940659988214,85.94084663131017,True,-0.0005916295340284705,15.350593566894531,13.956781387329102,-0.033536940813064575,0.035538118332624435,1752.10791015625,82,0,1,0,15.349273681640625,0.027758002281188965,0.010497376322746277
15,AMD=83 AMS=1 AME=1,85.94084663131017,86.34228666273818,True,-0.0005835536285303533,15.536018371582031,0.30283451080322266,-0.040492065250873566,0.03673509135842323,1752.109619140625,83,0,1,0,15.535350799560547,0.030621493235230446,0.010275336913764477
15,AMD=84 AMS=1 AME=1,86.34228666273818,86.74372669416618,True,-0.0005972204962745309,15.726529121398926,14.090654373168945,-0.05456751212477684,0.04721890389919281,1752.1087646484375,84,0,1,0,15.725703239440918,0.03560039401054382,0.01005223486572504
15,AMD=85 AMS=1 AME=1,86.74372669416618,87.14516672559418,True,-0.0006216551992110908,15.914661407470703,0.1514376699924469,-0.05174003168940544,0.0531211756169796,1752.1082763671875,85,0,1,0,15.913917541503906,0.030028192326426506,0.009836829267442226
15,AMD=86 AMS=1 AME=1,87.14516672559418,87.5466067570222,True,-0.0006638978375121951,16.105499267578125,0.06937164068222046,-0.04909830540418625,0.05745500698685646,1752.10986328125,86,0,1,0,16.10289764404297,0.02951223775744438,0.009625067934393883
15,AMD=87 AMS=1 AME=1,87.5466067570222,87.94804678845021,True,-0.0005810686852782965,16.292461395263672,15.058594703674316,-0.07599048316478729,0.0676497370004654,1752.1087646484375,87,0,1,0,16.291627883911133,0.03743202984333038,0.009418345987796783
15,AMD=88 AMS=1 AME=1,87.94804678845021,88.34948681987822,True,-0.0005810687434859574,16.47972297668457,0.2631016969680786,-0.08323472738265991,0.0719422772526741,1752.10888671875,88,0,1,0,16.478296279907227,0.04241088777780533,0.009217880666255951
15,AMD=89 AMS=1 AME=1,88.34948681987822,88.75092685130623,True,-0.0006593423313461244,16.669036865234375,14.709978103637695,-0.04336080700159073,0.05233694985508919,1752.1094970703125,89,0,1,0,16.668432235717773,0.033742986619472504,0.009018334560096264
15,AMD=90 AMS=1 AME=1,88.75092685130623,89.15236688273424,True,-0.0005988770863041282,16.856353759765625,0.2501273453235626,-0.12057092040777206,0.1371954381465912,1752.109130859375,90,0,1,0,16.855144500732422,0.04506804794073105,0.008826508186757565
15,AMD=91 AMS=1 AME=1,89.15236688273424,89.55380691416225,True,-0.0005963922012597322,17.046606063842773,16.633174896240234,-0.08253299444913864,0.0880391076207161,1752.10888671875,91,0,1,0,17.045869827270508,0.0602625273168087,0.008634953759610653
15,AMD=92 AMS=1 AME=1,89.55380691416225,89.95524694559028,True,-0.0006409129127860069,17.23565673828125,0.027957387268543243,-0.06944798678159714,0.06469866633415222,1752.1085205078125,92,0,1,0,17.234146118164062,0.03567776829004288,0.008449549786746502
15,AMD=93 AMS=1 AME=1,89.95524694559028,90.35668697701827,True,-0.0006106802611611784,17.424760818481445,16.283084869384766,-0.03851078450679779,0.049819208681583405,1752.109130859375,93,0,1,0,17.42337989807129,0.03570355847477913,0.00826804619282484
15,AMD=94 AMS=1 AME=1,90.35668697701827,90.75812700844628,True,-0.0006351148476824164,17.61206817626953,0.31992408633232117,-0.06800327450037003,0.06488437205553055,1752.1087646484375,94,0,1,0,17.611129760742188,0.031679198145866394,0.008091018535196781
15,AMD=95 AMS=1 AME=1,90.75812700844628,91.15956703987429,True,-0.0005293001304380596,17.8020076751709,15.665284156799316,-0.08515414595603943,0.06199515983462334,1752.1090087890625,95,0,1,0,17.801008224487305,0.03910878673195839,0.007916097529232502
15,AMD=96 AMS=1 AME=1,91.15956703987429,91.56100707130231,True,-0.0005678160232491791,17.990848541259766,0.21115420758724213,-0.07293593883514404,0.07499652355909348,1752.1090087890625,96,0,1,0,17.989158630371094,0.03456854820251465,0.007746274583041668
15,AMD=97 AMS=1 AME=1,91.56100707130231,91.96244710273031,True,-0.0006734232301823795,18.181236267089844,17.288827896118164,-0.06542343646287918,0.06220155954360962,1752.1087646484375,97,0,1,0,18.179119110107422,0.038386501371860504,0.007578611373901367
15,AMD=98 AMS=1 AME=1,91.96244710273031,92.36388713415832,True,-0.0006057104910723865,18.367517471313477,0.09599440544843674,-0.05941758304834366,0.05889960750937462,1752.1085205078125,98,0,1,0,18.364938735961914,0.03178238496184349,0.007418612018227577
15,AMD=99 AMS=1 AME=1,92.36388713415832,92.76532716558634,True,-0.0005719574983231723,18.555545806884766,16.78562355041504,-0.10370863974094391,0.0758218765258789,1752.109375,99,0,1,0,18.5546932220459,0.05033060163259506,0.00725798262283206
15,AMD=100 AMS=1 AME=1,92.76532716558634,93.16676719701435,True,-0.0005806545959785581,18.744943618774414,0.2904703915119171,-0.08119147270917892,0.08254968374967575,1752.109130859375,100,0,1,0,18.743383407592773,0.037870559841394424,0.007102232426404953
15,AMD=101 AMS=1 AME=1,93.16676719701435,93.56820722844235,True,-0.0005549773923121393,18.931766510009766,17.132431030273438,-0.08874532580375671,0.07759683579206467,1752.110595703125,101,0,1,0,18.93068504333496,0.033227015286684036,0.006950628012418747
15,AMD=102 AMS=1 AME=1,93.56820722844235,93.96964725987036,True,-0.0006104731583036482,19.121299743652344,17.30347442626953,-0.03669460862874985,0.03809716925024986,1752.108642578125,102,0,1,0,19.120115280151367,0.027758009731769562,0.006800568196922541
15,AMD=103 AMS=1 AME=1,93.96964725987036,94.37108729129838,True,-0.0006204126984812319,19.308744430541992,0.056129343807697296,-0.06059398874640465,0.056340593844652176,1752.10693359375,103,0,1,0,19.307376861572266,0.03322703763842583,0.006655669771134853
15,AMD=104 AMS=1 AME=1,94.37108729129838,94.77252732272639,True,-0.0005707150558009744,19.496536254882812,18.09994888305664,-0.08763081580400467,0.07437744736671448,1752.109375,104,0,1,0,19.49579620361328,0.04808631166815758,0.006512699648737907
15,AMD=105 AMS=1 AME=1,94.77252732272639,95.17396735415439,True,-0.0006046751514077187,19.68671417236328,0.22959980368614197,-0.04257654771208763,0.0423484742641449,1752.108642578125,105,0,1,0,19.68544578552246,0.031988754868507385,0.006372290197759867
15,AMD=106 AMS=1 AME=1,95.17396735415439,95.57540738558241,True,-0.0005992911173962057,19.87453842163086,17.077392578125,-0.0654027983546257,0.0795779600739479,1752.1087646484375,106,0,1,0,19.8734188079834,0.04331380873918533,0.006235653534531593
15,AMD=107 AMS=1 AME=1,95.57540738558241,95.97684741701042,True,-0.0006558221066370606,20.064714431762695,0.3083917796611786,-0.16432689130306244,0.17388635873794556,1752.1080322265625,107,0,1,0,20.06156349182129,0.0742969661951065,0.006101767532527447
15,AMD=108 AMS=1 AME=1,95.97684741701042,96.37828744843843,True,-0.0005810686852782965,20.251127243041992,18.838783264160156,-0.08418411761522293,0.092166468501091,1752.10888671875,108,0,1,0,20.248687744140625,0.04999537020921707,0.005971810780465603
15,AMD=109 AMS=1 AME=1,96.37828744843843,96.77972747986644,True,-0.0005740282358601689,20.442096710205078,0.04369756579399109,-0.05112087354063988,0.06533841043710709,1752.1097412109375,109,0,1,0,20.439990997314453,0.032917480915784836,0.005842405371367931
15,AMD=110 AMS=1 AME=1,96.77972747986644,97.18116751129445,True,-0.0005611896049231291,20.62811279296875,19.762998580932617,-0.0680239126086235,0.0960049033164978,1752.1080322265625,110,0,1,0,20.626741409301758,0.04220461845397949,0.005717623978853226
15,AMD=111 AMS=1 AME=1,97.18116751129445,97.58260754272246,True,-0.0006009477656334639,20.81636619567871,0.2976183295249939,-0.05176066979765892,0.061293527483940125,1752.109375,111,0,1,0,20.813236236572266,0.03250471130013466,0.005596212577074766
15,AMD=112 AMS=1 AME=1,97.58260754272246,97.98404757415047,True,-0.0005690584657713771,21.006542205810547,17.833120346069336,-0.06507258117198944,0.08366407454013824,1752.1083984375,112,0,1,0,21.005638122558594,0.050924189388751984,0.005473629105836153
15,AMD=113 AMS=1 AME=1,97.98404757415047,98.38548760557848,True,-0.000612750998698175,21.198135375976562,0.26937049627304077,-0.06230699270963669,0.05167657136917114,1752.1090087890625,113,0,1,0,21.196760177612305,0.030853688716888428,0.005354626569896936
15,AMD=114 AMS=1 AME=1,98.38548760557848,98.78692763700649,True,-0.0005437953514046967,21.38872528076172,19.34859848022461,-0.09163477271795273,0.08415935933589935,1752.109130859375,114,0,1,0,21.386178970336914,0.04499062895774841,0.005238815676420927
15,AMD=115 AMS=1 AME=1,98.78692763700649,99.1883676684345,True,-0.0005881092511117458,21.57510757446289,0.034520141780376434,-0.09726924449205399,0.08316880464553833,1752.107421875,115,0,1,0,21.572040557861328,0.03521342948079109,0.005128047429025173
15,AMD=116 AMS=1 AME=1,99.1883676684345,99.58980769986252,True,-0.000570093747228384,21.763843536376953,19.713756561279297,-0.09710412472486496,0.08457212150096893,1752.108642578125,116,0,1,0,21.76289939880371,0.040037523955106735,0.005016502924263477
15,AMD=117 AMS=1 AME=1,99.58980769986252,99.99124773129051,True,-0.0005891446489840746,21.955406188964844,0.19004224240779877,-0.06800327450037003,0.0587138757109642,1752.1085205078125,117,0,1,0,21.952543258666992,0.033459171652793884,0.004908252973109484
15,AMD=118 AMS=1 AME=1,99.99124773129051,100.39268776271852,True,-0.0006266249110922217,22.142240524291992,0.32500159740448,-0.06657920032739639,0.07710153609514236,1752.1094970703125,118,0,1,0,22.13972282409668,0.03694187477231026,0.004803775809705257
15,AMD=119 AMS=1 AME=1,100.39268776271852,100.79412779414655,True,-0.0005707150558009744,22.33318519592285,19.25865936279297,-0.09941571205854416,0.0783810093998909,1752.110595703125,119,0,1,0,22.329002380371094,0.043391153216362,0.004700108431279659
15,AMD=120 AMS=1 AME=1,100.79412779414655,101.19556782557456,True,-0.000619170255959034,22.519397735595703,0.05752386152744293,-0.10585511475801468,0.12419451773166656,1752.1087646484375,120,0,1,0,22.51738739013672,0.04220458120107651,0.004599124658852816
15,AMD=121 AMS=1 AME=1,101.19556782557456,101.59700785700255,True,-0.0006365643930621445,22.707557678222656,21.65715217590332,-0.07219294458627701,0.05885833129286766,1752.1097412109375,121,0,1,0,22.7059268951416,0.04006330668926239,0.004500390961766243
15,AMD=122 AMS=1 AME=1,101.59700785700255,101.99844788843056,True,-0.0006067457725293934,22.896360397338867,0.17828607559204102,-0.08152168989181519,0.09910043329000473,1752.1097412109375,122,0,1,0,22.893569946289062,0.04395870119333267,0.004404402803629637
15,AMD=123 AMS=1 AME=1,101.99844788843056,102.39988791985859,True,-0.0006154429283924401,23.08644676208496,19.415552139282227,-0.17435790598392487,0.15911102294921875,1752.107421875,123,0,1,0,23.085140228271484,0.08368661999702454,0.004308254923671484
15,AMD=124 AMS=1 AME=1,102.39988791985859,102.8013279512866,True,-0.0005460731917992234,23.2773494720459,0.3426228165626526,-0.07857033610343933,0.09039170295000076,1752.1099853515625,124,0,1,0,23.273929595947266,0.03387196734547615,0.00421559764072299
15,AMD=125 AMS=1 AME=1,102.8013279512866,103.20276798271459,True,-0.0006092307157814503,23.46652603149414,20.672882080078125,-0.1397862583398819,0.15023747086524963,1752.1090087890625,125,0,1,0,23.46355438232422,0.0700656920671463,0.004124507773667574
15,AMD=126 AMS=1 AME=1,103.20276798271459,103.60420801414261,True,-0.0006766328006051481,23.65620231628418,0.0603477843105793,-0.12558627128601074,0.11670349538326263,1752.1085205078125,126,0,1,0,23.653522491455078,0.048782892525196075,0.0040354495868086815
15,AMD=127 AMS=1 AME=1,103.60420801414261,104.00564804557062,True,-0.0006400845595635474,23.849037170410156,22.652273178100586,-0.09285248816013336,0.10896477103233337,1752.1092529296875,127,0,1,0,23.84579849243164,0.06614470481872559,0.003947161138057709
15,AMD=0 AMS=2 AME=1,104.00564804557062,104.40708807699863,True,-0.000692887871991843,0.00015925192565191537,-0.00019155404879711568,-0.014900640584528446,0.016303878277540207,1752.1090087890625,0,0,2,0,0.00044729633373208344,0.019760802388191223,0.06143437698483467
15,AMD=1 AMS=2 AME=1,104.40708807699863,104.80852810842663,True,-0.0005510429618880153,0.18815383315086365,0.1801586002111435,-0.0198331531137228,0.020101213827729225,1752.1085205078125,1,0,2,0,0.18797928094863892,0.024352753534913063,0.06012183427810669
15,AMD=2 AMS=2 AME=1,104.80852810842663,105.20996813985465,True,-0.0005982558941468596,0.564489483833313,0.021143488585948944,-0.01717083342373371,0.019853558391332626,1752.1082763671875,2,0,2,0,0.5642719268798828,0.01888369768857956,0.05757308378815651
15,AMD=3 AMS=2 AME=1,105.20996813985465,105.61140817128266,True,-0.00058583146892488,0.9408490657806396,0.9090999364852905,-0.02206207439303398,0.023692164570093155,1752.1080322265625,3,0,2,0,0.9405860900878906,0.022237353026866913,0.05513150244951248
15,AMD=4 AMS=2 AME=1,105.61140817128266,106.01284820271067,True,-0.0006293168407864869,1.3175604343414307,0.015549113973975182,-0.02084442228078842,0.019936108961701393,1752.107421875,4,0,2,0,1.31731379032135,0.02156662940979004,0.0527929961681366
15,AMD=5 AMS=2 AME=1,106.01284820271067,106.41428823413868,True,-0.0005487651797011495,1.6936053037643433,1.6612868309020996,-0.02288760244846344,0.02022504061460495,1752.1094970703125,5,0,2,0,1.6933619976043701,0.020637914538383484,0.050555519759655
15,AMD=6 AMS=2 AME=1,106.41428823413868,106.81572826556669,True,-0.0005694725550711155,2.070251226425171,1.9848377704620361,-0.021195271983742714,0.021422024816274643,1752.108154296875,6,0,2,0,2.070040702819824,0.02218577265739441,0.04841042682528496
15,AMD=7 AMS=2 AME=1,106.81572826556669,107.2171682969947,True,-0.0005789980059489608,2.446676254272461,0.08989442139863968,-0.017934443429112434,0.019564632326364517,1752.1077880859375,7,0,2,0,2.4464621543884277,0.019425444304943085,0.046357661485672
15,AMD=8 AMS=2 AME=1,107.2171682969947,107.61860832842272,True,-0.0006514735287055373,2.8229784965515137,2.69199275970459,-0.029842685908079147,0.025755921378731728,1752.1090087890625,8,0,2,0,2.822614908218384,0.027138862758874893,0.04439288750290871
15,AMD=9 AMS=2 AME=1,107.61860832842272,108.02004835985072,True,-0.0006284885457716882,3.199681282043457,0.04748066887259483,-0.03663269057869911,0.03388712555170059,1752.107666015625,9,0,2,0,3.199336051940918,0.025539424270391464,0.04250975698232651
15,AMD=10 AMS=2 AME=1,108.02004835985072,108.42148839127873,True,-0.0005539419944398105,3.5762548446655273,3.5570156574249268,-0.02470376342535019,0.028768999502062798,1752.1109619140625,10,0,2,0,3.5758121013641357,0.026519715785980225,0.04070574790239334
15,AMD=11 AMS=2 AME=1,108.42148839127873,108.82292842270674,True,-0.0006291097961366177,3.95273756980896,0.049074240028858185,-0.02226845733821392,0.025673380121588707,1752.10888671875,11,0,2,0,3.9521937370300293,0.02393999695777893,0.038981154561042786
15,AMD=12 AMS=2 AME=1,108.82292842270674,109.22436845413476,True,-0.0006260036025196314,4.329537391662598,4.136404037475586,-0.024249723181128502,0.029842160642147064,1752.1087646484375,12,0,2,0,4.328983306884766,0.025591019541025162,0.03732666000723839
15,AMD=13 AMS=2 AME=1,109.22436845413476,109.62580848556276,True,-0.0006603776710107923,4.7063398361206055,0.16428112983703613,-0.028955241665244102,0.027819687500596046,1752.108154296875,13,0,2,0,4.7057929039001465,0.024249542504549026,0.03574318438768387
15,AMD=14 AMS=2 AME=1,109.62580848556276,110.02724851699077,True,-0.0005855208728462458,5.082598686218262,4.920344352722168,-0.025591207668185234,0.03136935085058212,1752.107666015625,14,0,2,0,5.082028388977051,0.025358835235238075,0.0342288501560688
15,AMD=15 AMS=2 AME=1,110.02724851699077,110.42868854841879,True,-0.0005328204133547843,5.460321426391602,0.06707414239645004,-0.022970154881477356,0.023609615862369537,1752.1090087890625,15,0,2,0,5.459042549133301,0.02455911412835121,0.03277485445141792
15,AMD=16 AMS=2 AME=1,110.42868854841879,110.8301285798468,True,-0.0005963922012597322,5.837210655212402,5.787609100341797,-0.03333055600523949,0.03165827691555023,1752.108642578125,16,0,2,0,5.836099624633789,0.03219512850046158,0.03138457611203194
15,AMD=17 AMS=2 AME=1,110.8301285798468,111.2315686112748,True,-0.0006233116728253663,6.2146315574646,0.09162293374538422,-0.036756519228219986,0.035414278507232666,1752.109130859375,17,0,2,0,6.2138590812683105,0.025591008365154266,0.030050864443182945
15,AMD=18 AMS=2 AME=1,111.2315686112748,111.63300864270282,True,-0.0005725786904804409,6.590871334075928,6.217103958129883,-0.052194081246852875,0.0358683206140995,1752.1068115234375,18,0,2,0,6.590244293212891,0.030260326340794563,0.02877577394247055
15,AMD=19 AMS=2 AME=1,111.63300864270282,112.03444867413083,True,-0.0006044680485501885,6.96740198135376,0.20382529497146606,-0.035642050206661224,0.038881395012140274,1752.1077880859375,19,0,2,0,6.9666619300842285,0.03002817928791046,0.027556223794817924
15,AMD=20 AMS=2 AME=1,112.03444867413083,112.43588870555884,True,-0.0005276435404084623,7.345107078552246,6.91685152053833,-0.03211289644241333,0.03326799347996712,1752.108154296875,20,0,2,0,7.343491077423096,0.029305847361683846,0.026386108249425888
15,AMD=21 AMS=2 AME=1,112.43588870555884,112.83732873698683,True,-0.0006299380329437554,7.720315456390381,7.51182746887207,-0.033516302704811096,0.034423694014549255,1752.1082763671875,21,0,2,0,7.719404220581055,0.025616835802793503,0.02526816539466381
15,AMD=22 AMS=2 AME=1,112.83732873698683,113.23876876841486,True,-0.0006057104910723865,8.097251892089844,0.06179945915937424,-0.03192714974284172,0.031905923038721085,1752.109619140625,22,0,2,0,8.096731185913086,0.025281444191932678,0.02419443242251873
15,AMD=23 AMS=2 AME=1,113.23876876841486,113.64020879984287,True,-0.0005860385135747492,8.474361419677734,8.15491771697998,-0.05505251884460449,0.04447413980960846,1752.1097412109375,23,0,2,0,8.47277545928955,0.034671708941459656,0.023168379440903664
15,AMD=24 AMS=2 AME=1,113.64020879984287,114.04164883127088,True,-0.000584381923545152,8.849479675292969,0.21716797351837158,-0.047364670783281326,0.04065621644258499,1752.1083984375,24,0,2,0,8.848257064819336,0.02909947745501995,0.02218981646001339
15,AMD=25 AMS=2 AME=1,114.04164883127088,114.44308886269889,True,-0.000599912425968796,9.227606773376465,8.55119514465332,-0.06047015264630318,0.04234848916530609,1752.108154296875,25,0,2,0,9.22647476196289,0.03477485105395317,0.02124442532658577
15,AMD=26 AMS=2 AME=1,114.44308886269889,114.8445288941269,True,-0.0006593422731384635,9.603950500488281,0.164568692445755,-0.0375201441347599,0.03789079934358597,1752.10888671875,26,0,2,0,9.602274894714355,0.02796437405049801,0.020344184711575508
15,AMD=27 AMS=2 AME=1,114.8445288941269,115.2459689255549,True,-0.0006119227036833763,9.979866981506348,9.86252498626709,-0.06020185351371765,0.0712406188249588,1752.108154296875,27,0,2,0,9.97868537902832,0.04509393870830536,0.019480697810649872
15,AMD=28 AMS=2 AME=1,115.2459689255549,115.64740895698291,True,-0.0005812757881358266,10.35693359375,0.04329431802034378,-0.028315454721450806,0.03529047966003418,1752.1083984375,28,0,2,0,10.355257987976074,0.028789877891540527,0.018654853105545044
15,AMD=29 AMS=2 AME=1,115.64740895698291,116.04884898841092,True,-0.0006026043556630611,10.733590126037598,10.153617858886719,-0.03669460490345955,0.03145188093185425,1752.1085205078125,29,0,2,0,10.73192024230957,0.03198876604437828,0.01786249317228794
15,AMD=30 AMS=2 AME=1,116.04884898841092,116.45028901983893,True,-0.0005775485187768936,11.110580444335938,0.2785285413265228,-0.057374365627765656,0.05984891951084137,1752.109375,30,0,2,0,11.1087646484375,0.03240152448415756,0.017105508595705032
15,AMD=31 AMS=2 AME=1,116.45028901983893,116.85172905126694,True,-0.0006175136659294367,11.486598014831543,10.606485366821289,-0.03609609231352806,0.03446494787931442,1752.110107421875,31,0,2,0,11.485697746276855,0.029615404084324837,0.016378525644540787
15,AMD=32 AMS=2 AME=1,116.85172905126694,117.25316908269497,True,-0.0006117156590335071,11.862967491149902,0.15299353003501892,-0.03134927898645401,0.03475390374660492,1752.1085205078125,32,0,2,0,11.861567497253418,0.02752581238746643,0.01568477600812912
15,AMD=33 AMS=2 AME=1,117.25316908269497,117.65460911412296,True,-0.0005522854044102132,12.240492820739746,12.012746810913086,-0.04278293251991272,0.041646808385849,1752.108642578125,33,0,2,0,12.240069389343262,0.03302067145705223,0.015016037039458752
15,AMD=34 AMS=2 AME=1,117.65460911412296,118.05604914555097,True,-0.0005665735807269812,12.616372108459473,0.06350987404584885,-0.04897446930408478,0.05320373550057411,1752.109375,34,0,2,0,12.615839004516602,0.03242732584476471,0.0143800750374794
15,AMD=35 AMS=2 AME=1,118.05604914555097,118.457489176979,True,-0.0005992912338115275,12.992812156677246,12.029656410217285,-0.0402650460600853,0.0382622554898262,1752.1082763671875,35,0,2,0,12.992166519165039,0.03157602995634079,0.013770162127912045
15,AMD=36 AMS=2 AME=1,118.457489176979,118.858929208407,True,-0.0005854172632098198,13.37101936340332,0.2771531641483307,-0.04284484684467316,0.0348777249455452,1752.1090087890625,36,0,2,0,13.369851112365723,0.031163234263658524,0.013184433802962303
15,AMD=37 AMS=2 AME=1,118.858929208407,119.260369239835,True,-0.0006104731583036482,13.745862007141113,0.2276538908481598,-0.04265910014510155,0.04148170351982117,1752.108642578125,37,0,2,0,13.745356559753418,0.029125262051820755,0.01262656133621931
15,AMD=38 AMS=2 AME=1,119.260369239835,119.66180927126301,True,-0.0006005336763337255,14.122570037841797,13.310449600219727,-0.07058311998844147,0.07252012193202972,1752.108154296875,38,0,2,0,14.122230529785156,0.03425893187522888,0.012090424075722694
15,AMD=39 AMS=2 AME=1,119.66180927126301,120.06324930269103,True,-0.0005875915521755815,14.498104095458984,0.03336522355675697,-0.02956406958401203,0.03446497768163681,1752.109619140625,39,0,2,0,14.497339248657227,0.028144974261522293,0.011579632759094238
15,AMD=40 AMS=2 AME=1,120.06324930269103,120.46468933411904,True,-0.000635943200904876,14.87597370147705,13.940254211425781,-0.06304999440908432,0.06331593543291092,1752.1087646484375,40,0,2,0,14.87482738494873,0.04488752409815788,0.011086743324995041
15,AMD=41 AMS=2 AME=1,120.46468933411904,120.86612936554704,True,-0.0005918365786783397,15.255172729492188,0.24129675328731537,-0.05140981450676918,0.05080980435013771,1752.109130859375,41,0,2,0,15.254661560058594,0.03361397981643677,0.010612858459353447
15,AMD=42 AMS=2 AME=1,120.86612936554704,121.26756939697506,True,-0.0006479533622041345,15.631760597229004,13.90088939666748,-0.03849014267325401,0.043173983693122864,1752.1094970703125,42,0,2,0,15.630870819091797,0.040347106754779816,0.010162805207073689
15,AMD=43 AMS=2 AME=1,121.26756939697506,121.66900942840307,True,-0.0005910082836635411,16.00768280029297,0.26478710770606995,-0.034692686051130295,0.036858923733234406,1752.1097412109375,43,0,2,0,16.006155014038086,0.027164656668901443,0.00973324291408062
15,AMD=44 AMS=2 AME=1,121.66900942840307,122.07044945983108,True,-0.0006013619713485241,16.386316299438477,15.805929183959961,-0.05194642022252083,0.07082787901163101,1752.1087646484375,44,0,2,0,16.385438919067383,0.03539402410387993,0.009317032061517239
15,AMD=45 AMS=2 AME=1,122.07044945983108,122.47188949125909,True,-0.0006982717895880342,16.762537002563477,0.024477021768689156,-0.07993250340223312,0.05695970728993416,1752.1092529296875,45,0,2,0,16.76125144958496,0.03787052631378174,0.008922705426812172
15,AMD=46 AMS=2 AME=1,122.47188949125909,122.8733295226871,True,-0.0005893516354262829,17.1409969329834,16.216812133789062,-0.08360622823238373,0.09208393096923828,1752.109130859375,46,0,2,0,17.1395263671875,0.04728660732507706,0.008542412891983986
15,AMD=47 AMS=2 AME=1,122.8733295226871,123.27476955411511,True,-0.0006303522386588156,17.517221450805664,0.3091508746147156,-0.09256353974342346,0.08911223709583282,1752.1082763671875,47,0,2,0,17.516244888305664,0.037767380475997925,0.008179977536201477
15,AMD=48 AMS=2 AME=1,123.27476955411511,123.67620958554312,True,-0.000546694383956492,17.893672943115234,16.32550048828125,-0.0827600359916687,0.08389110863208771,1752.109619140625,48,0,2,0,17.89293670654297,0.05448407679796219,0.007832696661353111
15,AMD=49 AMS=2 AME=1,123.67620958554312,124.07764961697113,True,-0.0005821040831506252,18.27517318725586,0.23097458481788635,-0.07320424169301987,0.08040345460176468,1752.108642578125,49,0,2,0,18.27266502380371,0.03621955215930939,0.007497421000152826
15,AMD=50 AMS=2 AME=1,124.07764961697113,124.47908964839914,True,-0.0006324228015728295,18.650165557861328,17.476438522338867,-0.0794784426689148,0.06888798624277115,1752.109619140625,50,0,2,0,18.648895263671875,0.03856711834669113,0.007179560139775276
15,AMD=51 AMS=2 AME=1,124.47908964839914,124.88052967982715,True,-0.0006576857413165271,19.026647567749023,0.07397053390741348,-0.04474358260631561,0.03772570192813873,1752.1085205078125,51,0,2,0,19.024869918823242,0.02971857786178589,0.006875638850033283
15,AMD=52 AMS=2 AME=1,124.88052967982715,125.28196971125517,True,-0.0005713362479582429,19.405010223388672,17.58072853088379,-0.05663137137889862,0.05658823996782303,1752.10986328125,52,0,2,0,19.40378761291504,0.035600438714027405,0.006582086905837059
15,AMD=53 AMS=2 AME=1,125.28196971125517,125.68340974268317,True,-0.0005512500647455454,19.779884338378906,17.041608810424805,-0.0559709370136261,0.06158244237303734,1752.1094970703125,53,0,2,0,19.778661727905273,0.03260790929198265,0.006303819827735424
15,AMD=54 AMS=2 AME=1,125.68340974268317,126.08484977411118,True,-0.0005959780537523329,20.155359268188477,0.2988271117210388,-0.11980725824832916,0.12349285930395126,1752.109375,54,0,2,0,20.15424919128418,0.040759842842817307,0.006037311162799597
15,AMD=55 AMS=2 AME=1,126.08484977411118,126.48628980553919,True,-0.000642155297100544,20.53371238708496,18.236135482788086,-0.08717676252126694,0.0846133902668953,1752.1087646484375,55,0,2,0,20.532711029052734,0.04150805622339249,0.0057799192145466805
15,AMD=56 AMS=2 AME=1,126.48628980553919,126.88772983696721,True,-0.00063325121300295,20.911861419677734,0.07813304662704468,-0.10893036425113678,0.10879967361688614,1752.106201171875,56,0,2,0,20.910682678222656,0.03776738792657852,0.005533900111913681
15,AMD=57 AMS=2 AME=1,126.88772983696721,127.2891698683952,True,-0.0005636745481751859,21.29242706298828,19.793790817260742,-0.07194527238607407,0.0651320368051529,1752.1094970703125,57,0,2,0,21.29078483581543,0.03789637237787247,0.005296859424561262
15,AMD=58 AMS=2 AME=1,127.2891698683952,127.69060989982323,True,-0.0006071599782444537,21.669099807739258,0.21364666521549225,-0.03533247485756874,0.03685891628265381,1752.1090087890625,58,0,2,0,21.66705322265625,0.031163249164819717,0.0050722332671284676
15,AMD=59 AMS=2 AME=1,127.69060989982323,128.0920499312512,True,-0.0006411199574358761,22.04538345336914,18.594703674316406,-0.06001610308885574,0.0691356435418129,1752.109375,59,0,2,0,22.043407440185547,0.039676353335380554,0.0048573436215519905
15,AMD=60 AMS=2 AME=1,128.0920499312512,128.49348996267923,True,-0.0006607918185181916,22.42563247680664,0.32479792833328247,-0.08071678131818771,0.07697772234678268,1752.1094970703125,60,0,2,0,22.422700881958008,0.03983112424612045,0.004649593494832516
15,AMD=61 AMS=2 AME=1,128.49348996267923,128.89492999410726,True,-0.000584381923545152,22.802053451538086,20.619123458862305,-0.10459612309932709,0.12402945011854172,1752.1085205078125,61,0,2,0,22.800893783569336,0.047570452094078064,0.00445160549134016
15,AMD=62 AMS=2 AME=1,128.89492999410726,129.29637002553525,True,-0.0005580835277214646,23.183496475219727,0.03718806803226471,-0.1363394558429718,0.15646955370903015,1752.1102294921875,62,0,2,0,23.180362701416016,0.04989226162433624,0.004261314868927002
15,AMD=63 AMS=2 AME=1,129.29637002553525,129.69781005696325,True,-0.0006282814429141581,23.5603084564209,22.35259246826172,-0.10137642174959183,0.11779722571372986,1752.109130859375,63,0,2,0,23.55790138244629,0.05995335057377815,0.0040799761191010475
15,AMD=64 AMS=2 AME=1,129.69781005696325,130.09925008839127,True,-0.0006145110819488764,23.936901092529297,0.1974060833454132,-0.2346174269914627,0.26816898584365845,1752.10791015625,64,0,2,0,23.934968948364258,0.05448434501886368,0.003906800411641598
15,AMD=65 AMS=2 AME=1,130.09925008839127,130.50069011981927,True,-0.000562432047445327,24.320589065551758,19.914180755615234,-0.28585878014564514,0.2914653718471527,1752.1094970703125,65,0,2,0,24.318702697753906,0.13631296157836914,0.003737951396033168
15,AMD=66 AMS=2 AME=1,130.50069011981927,130.9021301512473,True,-0.0006231046281754971,24.694780349731445,0.29311051964759827,-0.1013970896601677,0.0938173457980156,1752.10888671875,66,0,2,0,24.69135856628418,0.03928934782743454,0.003580754157155752
15,AMD=67 AMS=2 AME=1,130.9021301512473,131.30357018267532,True,-0.0005390326259657741,25.07440948486328,21.820850372314453,-0.1636045128107071,0.11932431161403656,1752.1097412109375,67,0,2,0,25.0721378326416,0.0596432164311409,0.003427322721108794
15,AMD=68 AMS=2 AME=1,131.30357018267532,131.7050102141033,True,-0.0006015690742060542,25.45456314086914,0.05013592168688774,-0.22633019089698792,0.20178572833538055,1752.1064453125,68,0,2,0,25.449125289916992,0.06193971261382103,0.0032817767933011055
15,AMD=69 AMS=2 AME=1,131.7050102141033,132.10645024553133,True,-0.0006158570758998394,25.830528259277344,0.19727468490600586,-0.20067408680915833,0.1378145068883896,1752.1090087890625,69,0,2,0,25.826345443725586,0.04870528727769852,0.0031422744505107403
15,AMD=70 AMS=2 AME=1,132.10645024553133,132.50789027695933,True,-0.0006077811704017222,26.2055721282959,21.241491317749023,-0.12672145664691925,0.1146191880106926,1752.1092529296875,70,0,2,0,26.201976776123047,0.03673546761274338,0.0030092650558799505
15,AMD=71 AMS=2 AME=1,132.50789027695933,132.90933030838733,True,-0.0006135792937129736,26.582548141479492,0.34499600529670715,-0.1713857501745224,0.22572281956672668,1752.109130859375,71,0,2,0,26.57939910888672,0.05536135286092758,0.0028811837546527386
15,AMD=72 AMS=2 AME=1,132.90933030838733,133.31077033981535,True,-0.0005829323781654239,26.962923049926758,21.99693489074707,-0.4406343400478363,0.3751979172229767,1752.1097412109375,72,0,2,0,26.95918083190918,0.24528086185455322,0.0027579842135310173
15,AMD=73 AMS=2 AME=1,133.31077033981535,133.71221037124334,True,-0.0006497134454548359,27.3436336517334,0.07530279457569122,-0.26774609088897705,0.221017986536026,1752.1085205078125,73,0,2,0,27.33834457397461,0.06539653241634369,0.00264011905528605
15,AMD=74 AMS=2 AME=1,133.71221037124334,134.11365040267137,True,-0.0006752868066541851,27.728145599365234,25.781831741333008,-0.3195872902870178,0.3069411814212799,1752.109619140625,74,0,2,0,27.720905303955078,0.1594286412000656,0.002526388969272375
15,AMD=75 AMS=2 AME=1,134.11365040267137,134.5150904340994,True,-0.0005974275409244001,28.101369857788086,0.15643921494483948,-0.20996227860450745,0.2097097784280777,1752.1090087890625,75,0,2,0,28.09870719909668,0.06537047028541565,0.002419066149741411
15,AMD=76 AMS=2 AME=1,134.5150904340994,134.9165304655274,True,-0.0005916295340284705,28.486204147338867,22.66409683227539,-0.34877467155456543,0.25737693905830383,1752.1070556640625,76,0,2,0,28.483549118041992,0.10834866762161255,0.002313942415639758
15,AMD=77 AMS=2 AME=1,134.9165304655274,135.3179704969554,True,-0.0005572551744990051,28.861099243164062,0.3506864905357361,-0.3990388512611389,0.4033830165863037,1752.1094970703125,77,0,2,0,28.855058670043945,0.07718632370233536,0.0022171533200889826
15,AMD=78 AMS=2 AME=1,135.3179704969554,135.71941052838343,True,-0.0006154429283924401,29.250080108642578,23.95677947998047,-0.257889986038208,0.2679007053375244,1752.109619140625,78,0,2,0,29.241413116455078,0.15852487087249756,0.0021206510718911886
15,AMD=79 AMS=2 AME=1,135.71941052838343,136.1208505598114,True,-0.0006686605629511178,29.622894287109375,0.08588261157274246,-0.3804399371147156,0.4087473154067993,1752.1092529296875,79,0,2,0,29.620180130004883,0.09802946448326111,0.002030274597927928
15,AMD=80 AMS=2 AME=1,136.1208505598114,136.52229059123943,True,-0.0005537349497899413,29.999128341674805,27.987503051757812,-0.21951882541179657,0.2773098647594452,1752.1094970703125,80,0,2,0,29.996374130249023,0.11459311842918396,0.0019442480988800526
15,AMD=81 AMS=2 AME=1,136.52229059123943,136.92373062266745,True,-0.0005798263009637594,30.38376808166504,0.23186680674552917,-0.5417270660400391,0.5598161816596985,1752.1102294921875,81,0,2,0,30.378847122192383,0.11299049854278564,0.0018604517681524158
15,AMD=82 AMS=2 AME=1,136.92373062266745,137.32517065409544,True,-0.0005769272684119642,30.769264221191406,23.319169998168945,-0.3474535644054413,0.38671135902404785,1752.109375,82,0,2,0,30.763023376464844,0.20207202434539795,0.00177994545083493
15,AMD=83 AMS=2 AME=1,137.32517065409544,137.72661068552347,True,-0.0006030185613781214,31.143369674682617,0.33596301078796387,-0.2218305617570877,0.22588789463043213,1752.1102294921875,83,0,2,0,31.136085510253906,0.04014069586992264,0.001705078175291419
15,AMD=84 AMS=2 AME=1,137.72661068552347,138.1280507169515,True,-0.0005669876700267196,31.545562744140625,24.595138549804688,-0.45863527059555054,0.4477023184299469,1752.1077880859375,84,0,2,0,31.526004791259766,0.09508830308914185,0.0016301929717883468
15,AMD=85 AMS=2 AME=1,138.1280507169515,138.5294907483795,True,-0.000580447493121028,31.905391693115234,28.326168060302734,-0.416151762008667,0.426533043384552,1752.107666015625,85,0,2,0,31.899110794067383,0.18708166480064392,0.0015615421580150723
15,AMD=86 AMS=2 AME=1,138.5294907483795,138.9309307798075,True,-0.0005684372736141086,32.279884338378906,0.11684262752532959,-0.536235511302948,0.45793601870536804,1752.109375,86,0,2,0,32.27019119262695,0.1188746988773346,0.0014963917201384902
15,AMD=87 AMS=2 AME=1,138.9309307798075,139.33237081123548,True,-0.000588316295761615,32.66303253173828,24.817235946655273,-0.2975417971611023,0.33409547805786133,1752.10888671875,87,0,2,0,32.65547180175781,0.17281797528266907,0.0014314160216599703
15,AMD=88 AMS=2 AME=1,139.33237081123548,139.7338108426635,True,-0.0005868668667972088,33.04981231689453,0.33685362339019775,-0.5448029041290283,0.47167709469795227,1752.1097412109375,88,0,2,0,33.0359001159668,0.07728952169418335,0.00137014826759696
15,AMD=89 AMS=2 AME=1,139.7338108426635,140.13525087409153,True,-0.0006605847738683224,33.42920684814453,26.59832763671875,-0.5292371511459351,0.4990561306476593,1752.1087646484375,89,0,2,0,33.423336029052734,0.2092686891555786,0.001310324645601213
15,AMD=90 AMS=2 AME=1,140.13525087409153,140.53669090551952,True,-0.0006208269041962922,33.8095817565918,0.19197964668273926,-1.2776906490325928,1.2221579551696777,1752.1097412109375,90,0,2,0,33.795135498046875,0.2660139501094818,0.0012554735876619816
15,AMD=91 AMS=2 AME=1,140.53669090551952,140.93813093694754,True,-0.00055456324480474,34.1892204284668,32.357887268066406,-0.9945791959762573,0.9925230741500854,1752.109619140625,91,0,2,0,34.184791564941406,0.754137396812439,0.001200303202494979
15,AMD=92 AMS=2 AME=1,140.93813093694754,141.33957096837557,True,-0.0006334582576528192,34.583126068115234,0.09111596643924713,-0.41202312707901,0.44605153799057007,1752.1092529296875,92,0,2,0,34.577457427978516,0.07305891811847687,0.00114733527880162
15,AMD=93 AMS=2 AME=1,141.33957096837557,141.74101099980356,True,-0.0006187561084516346,34.95935821533203,26.473464965820312,-0.5141462683677673,0.543393611907959,1752.108642578125,93,0,2,0,34.951900482177734,0.22092434763908386,0.0010989268776029348
15,AMD=94 AMS=2 AME=1,141.74101099980356,142.1424510312316,True,-0.0006595493759959936,35.33917236328125,0.3589923679828644,-0.418236643075943,0.30479517579078674,1752.109375,94,0,2,0,35.3317985534668,0.04684799164533615,0.0010518365306779742
15,AMD=95 AMS=2 AME=1,142.1424510312316,142.54389106265958,True,-0.0005678160232491791,35.73160171508789,25.739500045776367,-0.6267427206039429,0.4721311330795288,1752.108642578125,95,0,2,0,35.72531509399414,0.2280452400445938,0.001005314290523529
15,AMD=96 AMS=2 AME=1,142.54389106265958,142.94533109408758,True,-0.0005475226789712906,36.106529235839844,0.14868807792663574,-0.4798774719238281,0.4358178973197937,1752.10888671875,96,0,2,0,36.10030746459961,0.07228425145149231,0.0009628229308873415
15,AMD=97 AMS=2 AME=1,142.94533109408758,143.3467711255156,True,-0.0006653473828919232,36.48780059814453,31.888507843017578,-0.4361341595649719,0.5178929567337036,1752.1075439453125,97,0,2,0,36.48411560058594,0.15169039368629456,0.0009212074801325798
15,AMD=98 AMS=2 AME=1,143.3467711255156,143.74821115694363,True,-0.0006139934412203729,36.89390182495117,0.10825707018375397,-0.6669396758079529,0.5631172060966492,1752.109130859375,98,0,2,0,36.884483337402344,0.12142930924892426,0.0008796775364317
15,AMD=99 AMS=2 AME=1,143.74821115694363,144.14965118837162,True,-0.0005963921430520713,37.26091384887695,26.029081344604492,-0.39647915959358215,0.49462011456489563,1752.109619140625,99,0,2,0,37.25729751586914,0.15571601688861847,0.0008427489083260298
15,AMD=100 AMS=2 AME=1,144.14965118837162,144.55109121979964,True,-0.0006034327088855207,37.64845275878906,0.3492063879966736,-0.6416898965835571,0.766776442527771,1752.109130859375,100,0,2,0,37.63089370727539,0.11157480627298355,0.0008073019562289119
15,AMD=101 AMS=2 AME=1,144.55109121979964,144.95253125122767,True,-0.0005740282358601689,38.02363967895508,0.2332392930984497,-0.41024789214134216,0.36479857563972473,1752.1103515625,101,0,2,0,38.01628875732422,0.05572213977575302,0.0007722157170064747
15,AMD=102 AMS=2 AME=1,144.95253125122767,145.35397128265566,True,-0.0006558221066370606,38.4142951965332,29.975543975830078,-0.7067452669143677,0.6045854091644287,1752.109619140625,102,0,2,0,38.39628982543945,0.39841359853744507,0.0007391634862869978
15,AMD=103 AMS=2 AME=1,145.35397128265566,145.75541131408366,True,-0.0006148216780275106,38.79751968383789,0.081417977809906,-0.5062808394432068,0.4144420027732849,1752.10888671875,103,0,2,0,38.783966064453125,0.06632506847381592,0.0007069066632539034
15,AMD=104 AMS=2 AME=1,145.75541131408366,146.15685134551165,True,-0.0006121297483332455,39.1890869140625,27.961748123168945,-0.7750036120414734,0.5837894678115845,1752.1092529296875,104,0,2,0,39.17683029174805,0.47942233085632324,0.0006756624206900597
15,AMD=105 AMS=2 AME=1,146.15685134551165,146.55829137693968,True,-0.0005850031739100814,39.58187484741211,0.30049267411231995,-0.5793002247810364,0.5453323721885681,1752.1080322265625,105,0,2,0,39.572872161865234,0.10927975177764893,0.0006455029943026602
15,AMD=106 AMS=2 AME=1,146.55829137693968,146.9597314083677,True,-0.0006038467981852591,39.96099090576172,25.825254440307617,-1.7487291097640991,1.4673943519592285,1752.1094970703125,106,0,2,0,39.952152252197266,0.907153308391571,0.0006179474294185638
15,AMD=107 AMS=2 AME=1,146.9597314083677,147.3611714397957,True,-0.0006618271581828594,40.3310546875,0.25178998708724976,-1.233782172203064,1.0922263860702515,1752.1087646484375,107,0,2,0,40.30451583862305,0.3169785141944885,0.0005933690117672086
15,AMD=108 AMS=2 AME=1,147.3611714397957,147.76261147122372,True,-0.0006396703538484871,40.72517395019531,32.76063537597656,-0.7493805289268494,0.7051777243614197,1752.1083984375,108,0,2,0,40.71413803100586,0.35456496477127075,0.0005660519818775356
15,AMD=109 AMS=2 AME=1,147.76261147122372,148.16405150265174,True,-0.0005963922012597322,41.13543701171875,0.045098926872015,-0.39557093381881714,0.45153990387916565,1752.109619140625,109,0,2,0,41.11635971069336,0.12119421362876892,0.0005404148832894862
15,AMD=110 AMS=2 AME=1,148.16405150265174,148.56549153407974,True,-0.0006073671393096447,41.54069137573242,30.129409790039062,-0.6440641283988953,0.5148394703865051,1752.1083984375,110,0,2,0,41.53056335449219,0.33567649126052856,0.0005152435624040663
15,AMD=111 AMS=2 AME=1,148.56549153407974,148.96693156550774,True,-0.0005825182888656855,41.92905044555664,0.3439542353153229,-0.8674019575119019,0.4672618508338928,1752.1087646484375,111,0,2,0,41.89642333984375,0.05974680185317993,0.0004939432255923748
15,AMD=112 AMS=2 AME=1,148.96693156550774,149.36837159693576,True,-0.0006291097379289567,42.274749755859375,26.515119552612305,-1.1625734567642212,0.6748521327972412,1752.108642578125,112,0,2,0,42.26312255859375,0.30057427287101746,0.0004735513066407293
15,AMD=113 AMS=2 AME=1,149.36837159693576,149.76981162836375,True,-0.0006144075305201113,42.69371795654297,0.2113388180732727,-0.9159880876541138,0.8028343915939331,1752.108642578125,113,0,2,0,42.67937088012695,0.09957695007324219,0.0004514377797022462
15,AMD=114 AMS=2 AME=1,149.76981162836375,150.17125165979178,True,-0.0005254691932350397,43.13567352294922,32.06658935546875,-0.979804515838623,0.784785270690918,1752.10888671875,114,0,2,0,43.12466812133789,0.32665160298347473,0.00042885696166194975
15,AMD=115 AMS=2 AME=1,150.17125165979178,150.5726916912198,True,-0.0005659523885697126,43.448272705078125,0.059728119522333145,-1.0973364114761353,0.5987668037414551,1752.1092529296875,115,0,2,0,43.43461990356445,0.12145328521728516,0.00041383219650015235
15,AMD=116 AMS=2 AME=1,150.5726916912198,150.9741317226478,True,-0.0005808616988360882,43.88251495361328,26.923049926757812,-1.1958056688308716,0.917483389377594,1752.1077880859375,116,0,2,0,43.86776351928711,0.10011863708496094,0.000393698486732319
15,AMD=117 AMS=2 AME=1,150.9741317226478,151.37557175407582,True,-0.0005570481298491359,44.259944915771484,26.368507385253906,-0.7717429399490356,0.45888519287109375,1752.109375,117,0,2,0,44.2410888671875,0.17779317498207092,0.0003771378251258284
15,AMD=118 AMS=2 AME=1,151.37557175407582,151.77701178550384,True,-0.0006106802611611784,44.661861419677734,0.2852434515953064,-1.0164475440979004,0.9926870465278625,1752.1092529296875,118,0,2,0,44.625099182128906,0.1356426328420639,0.00036078577977605164
15,AMD=119 AMS=2 AME=1,151.77701178550384,152.1784518169318,True,-0.000598670041654259,45.07688903808594,29.460189819335938,-1.05706787109375,0.8392642736434937,1752.108642578125,119,0,2,0,45.05005645751953,0.5759221911430359,0.00034360168501734734
15,AMD=120 AMS=2 AME=1,152.1784518169318,152.57989184835984,True,-0.0005957710091024637,45.422218322753906,0.031231068074703217,-1.8668185472488403,0.5680686235427856,1752.110595703125,120,0,2,0,45.370330810546875,0.14084990322589874,0.0003311038017272949
15,AMD=121 AMS=2 AME=1,152.57989184835984,152.98133187978786,True,-0.0006251753075048327,45.86429977416992,30.983896255493164,-1.2720123529434204,0.781670093536377,1752.1094970703125,121,0,2,0,45.848548889160156,0.27566784620285034,0.00031339359702542424
15,AMD=122 AMS=2 AME=1,152.98133187978786,153.38277191121585,True,-0.0005845889681950212,46.24554443359375,0.25170794129371643,-1.8325434923171997,1.4023975133895874,1752.1107177734375,122,0,2,0,46.235565185546875,0.4416816234588623,0.0002997724513988942
15,AMD=123 AMS=2 AME=1,153.38277191121585,153.78421194264388,True,-0.0006331476615741849,46.63308334350586,29.660873413085938,-3.089107036590576,1.0112721920013428,1752.1092529296875,123,0,2,0,46.60266876220703,0.6611310243606567,0.0002873386547435075
15,AMD=124 AMS=2 AME=1,153.78421194264388,154.18565197407187,True,-0.0005821040831506252,47.03361511230469,0.2983812987804413,-8.741342544555664,0.9839828610420227,1752.1103515625,124,0,2,0,46.949317932128906,0.3587203323841095,0.0002761201176326722
15,AMD=125 AMS=2 AME=1,154.18565197407187,154.5870920054999,True,-0.0006110944086685777,47.405330657958984,33.97239685058594,-1.262943983078003,0.8099311590194702,1752.1083984375,125,0,2,0,47.3717041015625,0.3754662871360779,0.0002629742375575006
15,AMD=126 AMS=2 AME=1,154.5870920054999,154.98853203692792,True,-0.000691852590534836,47.950313568115234,0.025742359459400177,-1.7860194444656372,1.318260908126831,1752.1094970703125,126,0,2,0,47.9312629699707,0.2032848298549652,0.0002465871220920235
15,AMD=127 AMS=2 AME=1,154.98853203692792,155.3899720683559,True,-0.0005607754574157298,48.21934509277344,34.081817626953125,-2.3334734439849854,1.1977804899215698,1752.1090087890625,127,0,2,0,48.19190979003906,0.7256662845611572,0.00023931586474645883
15,AMD=0 AMS=3 AME=1,155.3899720683559,155.7914120997839,True,-0.0006794282817281783,0.00016287597827613354,-0.00019673112547025084,-0.014962554909288883,0.016386428847908974,1752.1092529296875,0,0,3,0,0.0004359078302513808,0.019683415070176125,0.06143432483077049
15,AMD=1 AMS=3 AME=1,155.7914120997839,156.19285213121194,True,-0.000550628814380616,0.3760634958744049,0.35918769240379333,-0.01948230341076851,0.021422024816274643,1752.1085205078125,1,0,3,0,0.37609371542930603,0.022908087819814682,0.05883414298295975
15,AMD=2 AMS=3 AME=1,156.19285213121194,156.59429216263993,True,-0.0005835536285303533,1.128861665725708,0.03484553098678589,-0.022227181121706963,0.026705259457230568,1752.1090087890625,2,0,3,0,1.1286638975143433,0.02290809527039528,0.05395117029547691
15,AMD=3 AMS=3 AME=1,156.59429216263993,156.99573219406795,True,-0.0005489722243510187,1.8817893266677856,1.8319730758666992,-0.01861550100147724,0.020183764398097992,1752.10888671875,3,0,3,0,1.8816696405410767,0.022185765206813812,0.04947145655751228
15,AMD=4 AMS=3 AME=1,156.99573219406795,157.39717222549598,True,-0.000587073911447078,2.634742259979248,2.414818286895752,-0.02567376010119915,0.022247523069381714,1752.1080322265625,4,0,3,0,2.6345651149749756,0.024043172597885132,0.045364860445261
15,AMD=5 AMS=3 AME=1,157.39717222549598,157.79861225692397,True,-0.0005696796579286456,3.387545108795166,0.08119691908359528,-0.026519929990172386,0.02959452010691166,1752.108642578125,5,0,3,0,3.3874459266662598,0.023939985781908035,0.04159954562783241
15,AMD=6 AMS=3 AME=1,157.79861225692397,158.200052288352,True,-0.0005688514211215079,4.14123010635376,3.9232325553894043,-0.03250502794981003,0.03103913739323616,1752.10888671875,6,0,3,0,4.140832901000977,0.029899200424551964,0.03814365714788437
15,AMD=7 AMS=3 AME=1,158.200052288352,158.60149231978,True,-0.0005941143608652055,4.894374370574951,0.14932167530059814,-0.028315454721450806,0.03549685701727867,1752.109130859375,7,0,3,0,4.893612384796143,0.02373361960053444,0.03497857227921486
15,AMD=8 AMS=3 AME=1,158.60149231978,159.002932351208,True,-0.0006328370654955506,5.64848518371582,5.386580467224121,-0.03970780968666077,0.04457731544971466,1752.10986328125,8,0,3,0,5.647519111633301,0.03178241103887558,0.03207171708345413
15,AMD=9 AMS=3 AME=1,159.002932351208,159.404372382636,True,-0.0006361501873470843,6.402858257293701,0.06350570172071457,-0.03776780143380165,0.03784952685236931,1752.1070556640625,9,0,3,0,6.401609420776367,0.028867293149232864,0.029408438131213188
15,AMD=10 AMS=3 AME=1,159.404372382636,159.80581241406404,True,-0.0005547702894546092,7.156976699829102,6.994629859924316,-0.026623118668794632,0.025095507502555847,1752.108642578125,10,0,3,0,7.155288219451904,0.023630421608686447,0.026964370161294937
15,AMD=11 AMS=3 AME=1,159.80581241406404,160.20725244549203,True,-0.0006227940320968628,7.908989906311035,0.09959053993225098,-0.04390772432088852,0.041068967431783676,1752.108642578125,11,0,3,0,7.907822132110596,0.03173079341650009,0.024726983159780502
15,AMD=12 AMS=3 AME=1,160.20725244549203,160.60869247692006,True,-0.0006398775731213391,8.661200523376465,8.070134162902832,-0.06131633743643761,0.05795028433203697,1752.107421875,12,0,3,0,8.660140991210938,0.04333959519863129,0.02267477661371231
15,AMD=13 AMS=3 AME=1,160.60869247692006,161.01013250834805,True,-0.0006595494342036545,9.416393280029297,0.24791741371154785,-0.042122501879930496,0.039417970925569534,1752.107666015625,13,0,3,0,9.413773536682129,0.029538016766309738,0.020790867507457733
15,AMD=14 AMS=3 AME=1,161.01013250834805,161.41157253977607,True,-0.0005910082836635411,10.169393539428711,9.701878547668457,-0.0500270314514637,0.05130508914589882,1752.1072998046875,14,0,3,0,10.168066024780273,0.03735462576150894,0.019061101600527763
15,AMD=15 AMS=3 AME=1,161.41157253977607,161.81301257120407,True,-0.0005398609209805727,10.922347068786621,0.039695579558610916,-0.050935134291648865,0.04994303360581398,1752.109130859375,15,0,3,0,10.921089172363281,0.03131803125143051,0.01747872494161129
15,AMD=16 AMS=3 AME=1,161.81301257120407,162.21445260263206,True,-0.0006690746522508562,11.675219535827637,11.418200492858887,-0.03535311296582222,0.04222465306520462,1752.1082763671875,16,0,3,0,11.674381256103516,0.03281429409980774,0.016026560217142105
15,AMD=17 AMS=3 AME=1,162.21445260263206,162.6158926340601,True,-0.0006247612182050943,12.428433418273926,0.21607773005962372,-0.04170973226428032,0.03813844919204712,1752.107666015625,17,0,3,0,12.42765998840332,0.02971857786178589,0.014695193618535995
15,AMD=18 AMS=3 AME=1,162.6158926340601,163.0173326654881,True,-0.0005510429618880153,13.181447982788086,11.956001281738281,-0.06670303642749786,0.06290322542190552,1752.110107421875,18,0,3,0,13.180710792541504,0.035032860934734344,0.013474722392857075
15,AMD=19 AMS=3 AME=1,163.0173326654881,163.4187726969161,True,-0.0006276601925492287,13.934467315673828,0.264481782913208,-0.05491837114095688,0.05014941468834877,1752.1082763671875,19,0,3,0,13.933760643005371,0.03229832276701927,0.01235558558255434
15,AMD=20 AMS=3 AME=1,163.4187726969161,163.82021272834413,True,-0.0005430706078186631,14.686112403869629,0.09925568103790283,-0.05267908424139023,0.05025259777903557,1752.108642578125,20,0,3,0,14.685493469238281,0.033252835273742676,0.011331360787153244
15,AMD=21 AMS=3 AME=1,163.82021272834413,164.22165275977216,True,-0.000574235338717699,15.443325996398926,15.133957862854004,-0.043979961425065994,0.040243472903966904,1752.1068115234375,21,0,3,0,15.442564010620117,0.027758009731769562,0.010385120287537575
15,AMD=22 AMS=3 AME=1,164.22165275977216,164.62309279120015,True,-0.0006202056538313627,16.19727897644043,0.14434318244457245,-0.07584600895643234,0.08027961105108261,1752.1099853515625,22,0,3,0,16.19584083557129,0.03872188925743103,0.00952240638434887
15,AMD=23 AMS=3 AME=1,164.62309279120015,165.02453282262815,True,-0.0006046749767847359,16.951627731323242,15.145792961120605,-0.061151228845119476,0.07280902564525604,1752.1099853515625,23,0,3,0,16.950258255004883,0.0465385764837265,0.008730506524443626
15,AMD=24 AMS=3 AME=1,165.02453282262815,165.42597285405617,True,-0.0006046751514077187,17.705726623535156,0.3237139582633972,-0.06193549931049347,0.05076851323246956,1752.1082763671875,24,0,3,0,17.704858779907227,0.03425890579819679,0.008004316128790379
15,AMD=25 AMS=3 AME=1,165.42597285405617,165.82741288548416,True,-0.0005821041413582861,18.46312713623047,16.286956787109375,-0.07144994288682938,0.06661790609359741,1752.1102294921875,25,0,3,0,18.46205711364746,0.03753524273633957,0.007335840258747339
15,AMD=26 AMS=3 AME=1,165.82741288548416,166.2288529169122,True,-0.0006471250671893358,19.213056564331055,0.12035904824733734,-0.06620770692825317,0.07739046216011047,1752.1082763671875,26,0,3,0,19.211698532104492,0.03931523486971855,0.006729453802108765
15,AMD=27 AMS=3 AME=1,166.2288529169122,166.6302929483402,True,-0.0005862455582246184,19.970157623291016,19.40300178527832,-0.10358481109142303,0.08981388807296753,1752.1103515625,27,0,3,0,19.969100952148438,0.051749423146247864,0.006167329382151365
15,AMD=28 AMS=3 AME=1,166.6302929483402,167.0317329797682,True,-0.000607781286817044,20.721792221069336,0.13054102659225464,-0.04961426556110382,0.057991575449705124,1752.109130859375,28,0,3,0,20.719833374023438,0.031885575503110886,0.005656765308231115
15,AMD=29 AMS=3 AME=1,167.0317329797682,167.43317301119623,True,-0.0006036396371200681,21.481746673583984,18.581134796142578,-0.04076036810874939,0.04981920123100281,1752.107421875,29,0,3,0,21.47860336303711,0.03227252513170242,0.005183511413633823
15,AMD=30 AMS=3 AME=1,167.43317301119623,167.83461304262423,True,-0.0005553915398195386,22.238405227661133,0.35241812467575073,-0.07603175193071365,0.08717235177755356,1752.1097412109375,30,0,3,0,22.233243942260742,0.03766421228647232,0.0047521814703941345
15,AMD=31 AMS=3 AME=1,167.83461304262423,168.23605307405222,True,-0.0006150287226773798,22.99317169189453,19.95191192626953,-0.14946626126766205,0.11915921419858932,1752.110595703125,31,0,3,0,22.989622116088867,0.08206090331077576,0.00435594841837883
15,AMD=32 AMS=3 AME=1,168.23605307405222,168.63749310548025,True,-0.0006605847738683224,23.74863624572754,0.10937734693288803,-0.18515266478061676,0.19926826655864716,1752.1090087890625,32,0,3,0,23.745248794555664,0.05933408811688423,0.003992792684584856
15,AMD=33 AMS=3 AME=1,168.63749310548025,169.03893313690824,True,-0.0005305425729602575,24.50843048095703,23.88104248046875,-0.22860068082809448,0.25093874335289,1752.10986328125,33,0,3,0,24.50522232055664,0.15272130072116852,0.0036585074849426746
15,AMD=34 AMS=3 AME=1,169.03893313690824,169.44037316833627,True,-0.0005789980059489608,25.26154899597168,0.20032845437526703,-0.19623646140098572,0.26253536343574524,1752.1090087890625,34,0,3,0,25.257347106933594,0.04669342190027237,0.0033548849169164896
15,AMD=35 AMS=3 AME=1,169.44037316833627,169.8418131997643,True,-0.00052184535888955,26.021135330200195,21.132184982299805,-0.2559084892272949,0.2504023313522339,1752.1090087890625,35,0,3,0,26.017789840698242,0.0699630081653595,0.003073713043704629
15,AMD=36 AMS=3 AME=1,169.8418131997643,170.24325323119228,True,-0.0005498005193658173,26.77227020263672,22.97461700439453,-0.32734835147857666,0.3542136251926422,1752.110107421875,36,0,3,0,26.768117904663086,0.08040987700223923,0.0028193786274641752
15,AMD=37 AMS=3 AME=1,170.24325323119228,170.6446932626203,True,-0.0006224834942258894,27.532224655151367,0.19844627380371094,-0.23010744154453278,0.22419577836990356,1752.1082763671875,37,0,3,0,27.52819061279297,0.06387434154748917,0.002583090215921402
15,AMD=38 AMS=3 AME=1,170.6446932626203,171.04613329404833,True,-0.0006214480381458998,28.292346954345703,25.398740768432617,-0.26705461740493774,0.2787132263183594,1752.1080322265625,38,0,3,0,28.289064407348633,0.12911713123321533,0.0023664478212594986
15,AMD=39 AMS=3 AME=1,171.04613329404833,171.4475733254763,True,-0.0005661594332195818,29.05586051940918,0.08044704794883728,-0.2517389953136444,0.23075774312019348,1752.10986328125,39,0,3,0,29.047447204589844,0.046951182186603546,0.002168709645047784
15,AMD=40 AMS=3 AME=1,171.4475733254763,171.84901335690432,True,-0.0005860385135747492,29.815162658691406,23.802200317382812,-0.4366089105606079,0.4043731391429901,1752.1094970703125,40,0,3,0,29.810548782348633,0.12821164727210999,0.001986070303246379
15,AMD=41 AMS=3 AME=1,171.84901335690432,172.25045338833235,True,-0.0005827253335155547,30.58369255065918,0.3255966007709503,-0.5015741586685181,0.571575939655304,1752.109130859375,41,0,3,0,30.57323455810547,0.07667028158903122,0.0018192528514191508
15,AMD=42 AMS=3 AME=1,172.25045338833235,172.65189341976034,True,-0.0006529230740852654,31.335514068603516,23.474971771240234,-0.36332738399505615,0.3148646950721741,1752.109375,42,0,3,0,31.32988166809082,0.1218668520450592,0.0016675109509378672
15,AMD=43 AMS=3 AME=1,172.65189341976034,173.05333345118837,True,-0.0006168924155645072,32.08958435058594,0.21719081699848175,-0.5765130519866943,0.565180242061615,1752.108642578125,43,0,3,0,32.08388900756836,0.1486431062221527,0.0015287901042029262
15,AMD=44 AMS=3 AME=1,173.05333345118837,173.4547734826164,True,-0.0005531136994250119,32.846595764160156,30.54726791381836,-0.7047426104545593,0.5880394577980042,1752.109619140625,44,0,3,0,32.84248352050781,0.3248390555381775,0.0014010268496349454
15,AMD=45 AMS=3 AME=1,173.4547734826164,173.85621351404438,True,-0.0006362537387758493,33.616661071777344,0.0661332905292511,-0.40264102816581726,0.4533552825450897,1752.10888671875,45,0,3,0,33.6080436706543,0.07512253522872925,0.0012827544705942273
15,AMD=46 AMS=3 AME=1,173.85621351404438,174.2576535454724,True,-0.0005794121534563601,34.38678741455078,26.687416076660156,-0.8282738924026489,0.8563030362129211,1752.1087646484375,46,0,3,0,34.379981994628906,0.5374106168746948,0.001173667493276298
15,AMD=47 AMS=3 AME=1,174.2576535454724,174.65909357690037,True,-0.0006483675097115338,35.140830993652344,0.3570204973220825,-0.6239967346191406,0.5353473424911499,1752.1094970703125,47,0,3,0,35.13359832763672,0.13388487696647644,0.0010761654702946544
15,AMD=48 AMS=3 AME=1,174.65909357690037,175.0605336083284,True,-0.0005771343712694943,35.913963317871094,25.566064834594727,-0.6227786540985107,0.41621673107147217,1752.1092529296875,48,0,3,0,35.90626525878906,0.2666315734386444,0.0009845527820289135
15,AMD=49 AMS=3 AME=1,175.0605336083284,175.46197363975642,True,-0.0005382043309509754,36.690486907958984,0.17158997058868408,-0.7146528959274292,0.6717159152030945,1752.1087646484375,49,0,3,0,36.68109130859375,0.12052268534898758,0.0009005418396554887
15,AMD=50 AMS=3 AME=1,175.46197363975642,175.86341367118442,True,-0.0006061246385797858,37.464027404785156,31.532564163208008,-0.45611679553985596,0.36405566334724426,1752.10888671875,50,0,3,0,37.45394515991211,0.11443567276000977,0.0008238853188231587
15,AMD=51 AMS=3 AME=1,175.86341367118442,176.26485370261244,True,-0.000606331683229655,38.22346496582031,0.12018371373414993,-0.924619197845459,0.7178030014038086,1752.10888671875,51,0,3,0,38.21418380737305,0.09049811214208603,0.0007547333370894194
15,AMD=52 AMS=3 AME=1,176.26485370261244,176.66629373404047,True,-0.0006257965578697622,38.99004364013672,0.32025232911109924,-0.7714728116989136,0.6494355201721191,1752.109619140625,52,0,3,0,38.9775276184082,0.1516847312450409,0.0006913741817697883
15,AMD=53 AMS=3 AME=1,176.66629373404047,177.06773376546846,True,-0.0005680230678990483,39.77769088745117,25.892419815063477,-0.9112623333930969,0.9474326968193054,1752.10888671875,53,0,3,0,39.76166534423828,0.24426338076591492,0.0006316532962955534
15,AMD=54 AMS=3 AME=1,177.06773376546846,177.46917379689648,True,-0.0005823111860081553,40.57110595703125,0.25531136989593506,-0.772980272769928,0.6781942248344421,1752.1103515625,54,0,3,0,40.560272216796875,0.13478919863700867,0.0005761501961387694
15,AMD=55 AMS=3 AME=1,177.46917379689648,177.87061382832448,True,-0.0006717665819451213,41.30816650390625,29.882524490356445,-1.0649144649505615,0.8321272134780884,1752.109375,55,0,3,0,41.29877853393555,0.5026441812515259,0.0005292148562148213
15,AMD=56 AMS=3 AME=1,177.87061382832448,178.27205385975248,True,-0.000657478638458997,42.09878158569336,0.058178458362817764,-0.9944141507148743,0.7581120729446411,1752.108154296875,56,0,3,0,42.06753158569336,0.14565205574035645,0.00048437953228130937
15,AMD=57 AMS=3 AME=1,178.27205385975248,178.6734938911805,True,-0.000588316353969276,42.8735466003418,29.34809684753418,-1.6478136777877808,1.3330262899398804,1752.1097412109375,57,0,3,0,42.861392974853516,0.43151411414146423,0.0004420527839101851
15,AMD=58 AMS=3 AME=1,178.6734938911805,179.07493392260852,True,-0.0005864526610821486,43.72330093383789,0.28217679262161255,-1.2856630086898804,0.9254423975944519,1752.1082763671875,58,0,3,0,43.694942474365234,0.15117713809013367,0.00040157209150493145
15,AMD=59 AMS=3 AME=1,179.07493392260852,179.47637395403652,True,-0.000611508556175977,44.50259780883789,26.24732780456543,-0.7024303078651428,0.43420860171318054,1752.1094970703125,59,0,3,0,44.479713439941406,0.3002323508262634,0.000366926979040727
15,AMD=60 AMS=3 AME=1,179.47637395403652,179.87781398546454,True,-0.0006525089265778661,45.26392364501953,0.2696252465248108,-3.2004501819610596,0.9964004158973694,1752.109619140625,60,0,3,0,45.20463180541992,0.27469873428344727,0.0003375574015080929
15,AMD=61 AMS=3 AME=1,179.87781398546454,180.27925401689257,True,-0.0006181348580867052,46.1056022644043,35.77019119262695,-1.0421704053878784,0.6899943947792053,1752.1094970703125,61,0,3,0,46.0789680480957,0.4409033954143524,0.0003050785162486136
15,AMD=62 AMS=3 AME=1,180.27925401689257,180.68069404832056,True,-0.0006081953761167824,46.93675231933594,0.035826969891786575,-1.3908318281173706,1.1452317237854004,1752.108642578125,62,0,3,0,46.920833587646484,0.2913914620876312,0.00027703228988684714
15,AMD=63 AMS=3 AME=1,180.68069404832056,181.08213407974856,True,-0.0006081953179091215,47.65557098388672,31.702165603637695,-3.0477187633514404,0.8623258471488953,1752.1087646484375,63,0,3,0,47.62174606323242,0.4474540948867798,0.00025559114874340594
15,AMD=64 AMS=3 AME=1,181.08213407974856,181.48357411117658,True,-0.0005874880589544773,48.39208984375,0.33217641711235046,-17.519832611083984,0.7644656896591187,1752.1077880859375,64,0,3,0,48.31909942626953,0.185539111495018,0.00023583888832945377
15,AMD=65 AMS=3 AME=1,181.48357411117658,181.88501414260458,True,-0.0006224833778105676,49.27835464477539,26.94659996032715,-1.9392132759094238,1.4806737899780273,1752.108154296875,65,0,3,0,49.24229049682617,0.6292836666107178,0.00021204791846685112
15,AMD=66 AMS=3 AME=1,181.88501414260458,182.2864541740326,True,-0.0006154429283924401,50.219905853271484,0.2300160527229309,-2.399237632751465,1.3655675649642944,1752.108642578125,66,0,3,0,50.1716194152832,0.3595935106277466,0.00019051742856390774
15,AMD=67 AMS=3 AME=1,182.2864541740326,182.6878942054606,True,-0.0005301284254528582,50.84309387207031,31.11304473876953,-7.50022029876709,0.7785757780075073,1752.110107421875,67,0,3,0,50.793365478515625,0.2154562771320343,0.00017736981681082398
15,AMD=68 AMS=3 AME=1,182.6878942054606,183.08933423688862,True,-0.0005582905723713338,51.92999267578125,32.048099517822266,-7.073956489562988,1.017521619796753,1752.1099853515625,68,0,3,0,51.87376403808594,0.5566216707229614,0.00015662633813917637
15,AMD=69 AMS=3 AME=1,183.08933423688862,183.49077426831664,True,-0.0006125438958406448,52.49375915527344,0.275386244058609,-736.01171875,0.9256516098976135,1752.1072998046875,69,0,3,0,52.363101959228516,0.4421152174472809,0.0001480591599829495
15,AMD=70 AMS=3 AME=1,183.49077426831664,183.89221429974464,True,-0.0005617073038592935,53.75434875488281,30.082597732543945,-31.298521041870117,1.0541727542877197,1752.109130859375,70,0,3,0,53.65073013305664,0.6322072744369507,0.0001276542607229203
15,AMD=71 AMS=3 AME=1,183.89221429974464,184.29365433117263,True,-0.0006233117310330272,54.242164611816406,0.3021124303340912,-3.822857618331909,0.9624083638191223,1752.109130859375,71,0,3,0,54.18928909301758,0.38877812027931213,0.00011997052206424996
15,AMD=72 AMS=3 AME=1,184.29365433117263,184.69509436260066,True,-0.0005994983366690576,55.04169464111328,29.198863983154297,-1285.7744140625,1.1992247104644775,1752.1097412109375,72,0,3,0,54.93632125854492,0.6925417184829712,0.00011007933062501252
15,AMD=73 AMS=3 AME=1,184.69509436260066,185.09653439402865,True,-0.0006520947790704668,56.016788482666016,0.0534149669110775,-12401.6748046875,1.054358959197998,1752.1094970703125,73,0,3,0,55.050079345703125,1.8127400875091553,0.00010867004311876372
15,AMD=74 AMS=3 AME=1,185.09653439402865,185.49797442545668,True,-0.0006183419609442353,56.788963317871094,32.650272369384766,-1515.09033203125,1.122833490371704,1752.109619140625,74,0,3,0,56.606380462646484,0.8121378421783447,9.08341899048537e-05
15,AMD=75 AMS=3 AME=1,185.49797442545668,185.8994144568847,True,-0.0006090236129239202,57.632118225097656,0.22949136793613434,-12.328085899353027,1.461991548538208,1752.1107177734375,75,0,3,0,57.55006408691406,0.42349109053611755,8.148299093591049e-05
15,AMD=76 AMS=3 AME=1,185.8994144568847,186.3008544883127,True,-0.0006208269041962922,59.568519592285156,26.69820785522461,-11910.30859375,2.2102291584014893,1752.1094970703125,76,0,3,0,59.21158981323242,4.386418342590332,6.729482993250713e-05
15,AMD=77 AMS=3 AME=1,186.3008544883127,186.70229451974072,True,-0.0005711292033083737,59.561248779296875,0.31234079599380493,-48806.66015625,1.627731442451477,1752.1099853515625,77,0,3,0,57.641578674316406,8566.3046875,8.062116103246808e-05
15,AMD=78 AMS=3 AME=1,186.70229451974072,187.10373455116874,True,-0.0006231046281754971,60.33826446533203,32.97136688232422,-13956.6806640625,1.8767428398132324,1752.10888671875,78,0,3,0,59.99388122558594,12.461124420166016,6.150199624244124e-05
15,AMD=79 AMS=3 AME=1,187.10373455116874,187.5051745825967,True,-0.0006889536161907017,61.191226959228516,0.038055893033742905,-1410.552978515625,1.7272621393203735,1752.10986328125,79,0,3,0,60.801353454589844,0.657758355140686,5.602848978014663e-05
15,AMD=80 AMS=3 AME=1,187.5051745825967,187.90661461402473,True,-0.0005500076222233474,62.57255172729492,31.1180419921875,-48806.65234375,0.8490419387817383,1752.1097412109375,80,0,3,0,61.96577453613281,1627.92529296875,4.900835483567789e-05
15,AMD=81 AMS=3 AME=1,187.90661461402473,188.30805464545276,True,-0.0006154429283924401,65.19132995605469,0.29446539282798767,-48806.66015625,2.0729894638061523,1752.1090087890625,81,0,3,0,62.73965072631836,7096.70068359375,4.4837084715254605e-05
15,AMD=82 AMS=3 AME=1,188.30805464545276,188.70949467688075,True,-0.0005218454170972109,65.00679016113281,26.985652923583984,-48806.66015625,0.022206252440810204,1752.1094970703125,82,0,3,0,63.575775146484375,12289.1357421875,4.0717379306443036e-05
15,AMD=83 AMS=3 AME=1,188.70949467688075,189.11093470830878,True,-0.0005787909612990916,65.62739562988281,0.354475736618042,-48806.66796875,0.28845271468162537,1752.109619140625,83,0,3,0,63.57903289794922,11252.1533203125,4.069578062626533e-05
15,AMD=84 AMS=3 AME=1,189.11093470830878,189.51237473973677,True,-0.0006659685750491917,66.27963256835938,0.09216762334108353,-48806.6640625,0.027406934648752213,1752.1082763671875,84,0,3,0,64.25638580322266,3237.110107421875,3.764315988519229e-05
15,AMD=85 AMS=3 AME=1,189.51237473973677,189.9138147711648,True,-0.0005955639062449336,66.86808776855469,35.12858963012695,-48806.671875,0.15960069000720978,1752.10888671875,85,0,3,0,64.36669921875,13869.4970703125,3.7170462746871635e-05
15,AMD=86 AMS=3 AME=1,189.9138147711648,190.31525480259282,True,-0.0005834500771015882,65.57867431640625,0.15370610356330872,-48806.68359375,0.013414595276117325,1752.110595703125,86,0,3,0,61.307029724121094,13723.8203125,5.2860788855468854e-05
15,AMD=87 AMS=3 AME=1,190.31525480259282,190.7166948340208,True,-0.0005850031739100814,67.94677734375,27.437759399414062,-48806.6796875,0.01345586683601141,1752.1099853515625,87,0,3,0,64.75577545166016,21359.58203125,3.55405209120363e-05
15,AMD=88 AMS=3 AME=1,190.7166948340208,191.1181348654488,True,-0.0005976346437819302,71.78134155273438,0.33817070722579956,-48806.671875,0.011763573624193668,1752.110107421875,88,0,3,0,69.25611114501953,7215.357421875,2.1168252715142444e-05
15,AMD=89 AMS=3 AME=1,191.1181348654488,191.51957489687683,True,-0.0006456755218096077,75.29106903076172,27.95612335205078,-48806.6796875,0.01341459434479475,1752.109375,89,0,3,0,66.78773498535156,22995.00390625,2.81202719634166e-05
15,AMD=90 AMS=3 AME=1,191.51957489687683,191.92101492830483,True,-0.0006388421752490103,63.96842575073242,0.07781543582677841,-48806.6796875,0.012919283472001553,1752.108154296875,90,0,3,0,58.84284591674805,40185.71484375,7.019453914836049e-05
15,AMD=91 AMS=3 AME=1,191.92101492830483,192.32245495973285,True,-0.0005510429618880153,70.05908203125,33.5466423034668,-48806.6796875,0.013166932389140129,1752.109375,91,0,3,0,65.34955596923828,22526.66796875,3.3182954211952165e-05
15,AMD=92 AMS=3 AME=1,192.32245495973285,192.72389499116088,True,-0.0006255894550122321,75.76103973388672,0.17191259562969208,-48806.6796875,0.015354542061686516,1752.1080322265625,92,0,3,0,70.17857360839844,22554.31640625,1.9030023395316675e-05
15,AMD=93 AMS=3 AME=1,192.72389499116088,193.12533502258887,True,-0.0006400846177712083,75.32260131835938,27.29579734802246,-48806.69140625,0.014322654344141483,1752.1092529296875,93,0,3,0,67.06755065917969,44820.33203125,2.7230851628701203e-05
15,AMD=94 AMS=3 AME=1,193.12533502258887,193.5267750540169,True,-0.0006645190878771245,68.0242691040039,0.3430418372154236,-48806.6796875,0.014735409989953041,1752.10888671875,94,0,3,0,59.32487869262695,20794.4453125,6.639880302827805e-05
15,AMD=95 AMS=3 AME=1,193.5267750540169,193.92821508544492,True,-0.0006036397535353899,69.88545227050781,32.96797561645508,-48806.6875,0.012795462273061275,1752.1085205078125,95,0,3,0,65.65000915527344,44820.3359375,3.2058655051514506e-05
15,AMD=96 AMS=3 AME=1,193.92821508544492,194.32965511687289,True,-0.0005342699587345123,73.21083068847656,0.0664115622639656,-48806.6796875,0.013909900560975075,1752.109130859375,96,0,3,0,66.13691711425781,19281.125,3.031191045010928e-05
15,AMD=97 AMS=3 AME=1,194.32965511687289,194.7310951483009,True,-0.0006423623999580741,72.50077056884766,33.72579574584961,-48806.67578125,0.013868621550500393,1752.108154296875,97,0,3,0,65.64446258544922,44820.3046875,3.208038106095046e-05
15,AMD=98 AMS=3 AME=1,194.7310951483009,195.13253517972893,True,-0.0006353219505399466,74.419921875,0.2460147589445114,-48806.68359375,0.01357969455420971,1752.1083984375,98,0,3,0,65.4759521484375,24743.56640625,3.2700754672987387e-05
15,AMD=99 AMS=3 AME=1,195.13253517972893,195.53397521115693,True,-0.000625589513219893,70.0675048828125,4.928420066833496,-48806.6796875,0.014446482993662357,1752.109619140625,99,0,3,0,65.2170639038086,21385.0078125,3.3689229894662276e-05
15,AMD=100 AMS=3 AME=1,195.53397521115693,195.93541524258495,True,-0.000597427599132061,71.14787292480469,28.019540786743164,-48806.6875,0.011722295545041561,1752.1083984375,100,0,3,0,65.58499908447266,44820.34375,3.22995510941837e-05
15,AMD=101 AMS=3 AME=1,195.93541524258495,196.33685527401295,True,-0.0005444165435619652,74.96532440185547,0.15602858364582062,-48806.6796875,0.0140337273478508,1752.1082763671875,101,0,3,0,66.8272476196289,22019.734375,2.799216417770367e-05
15,AMD=102 AMS=3 AME=1,196.33685527401295,196.73829530544097,True,-0.0006502310861833394,73.5711669921875,35.65392303466797,-48806.671875,0.011515917256474495,1752.1070556640625,102,0,3,0,66.13188171386719,38970.17578125,3.0329221772262827e-05
15,AMD=103 AMS=3 AME=1,196.73829530544097,197.139735336869,True,-0.0006113014533184469,65.90182495117188,0.14018197357654572,-48806.68359375,0.01452903263270855,1752.1090087890625,103,0,3,0,59.41972732543945,44820.328125,6.568102980963886e-05
15,AMD=104 AMS=3 AME=1,197.139735336869,197.54117536829696,True,-0.00059722043806687,70.70672607421875,28.2276554107666,-48806.68359375,0.0137860719114542,1752.1099853515625,104,0,3,0,66.05821990966797,44820.30859375,3.0589686502935365e-05
15,AMD=105 AMS=3 AME=1,197.54117536829696,197.94261539972499,True,-0.0006023973692208529,75.94109344482422,0.34466201066970825,-48806.671875,0.013538416475057602,1752.10888671875,105,0,3,0,70.87493896484375,17066.533203125,1.7567204849910922e-05
15,AMD=106 AMS=3 AME=1,197.94261539972499,198.344055431153,True,-0.0005802404484711587,75.70713806152344,27.128406524658203,-48806.69140625,0.014198826625943184,1752.1109619140625,106,0,3,0,67.13219451904297,44820.33984375,2.7031477657146752e-05
15,AMD=107 AMS=3 AME=1,198.344055431153,198.745495462581,True,-0.0006583069916814566,63.96120071411133,0.16933494806289673,-48806.6796875,0.011639745905995369,1752.1082763671875,107,0,3,0,58.73582077026367,20191.38671875,7.106043631210923e-05
15,AMD=108 AMS=3 AME=1,198.745495462581,199.14693549400903,True,-0.0005939073162153363,68.86425018310547,38.61310958862305,-48806.68359375,0.01452903263270855,1752.1097412109375,108,0,3,0,64.85921478271484,44820.3359375,3.511250906740315e-05
15,AMD=109 AMS=3 AME=1,199.14693549400903,199.54837552543705,True,-0.0006067458307370543,76.49400329589844,0.1081768348813057,-48806.6796875,0.01502433605492115,1752.109130859375,109,0,3,0,69.00357818603516,18345.876953125,2.179010334657505e-05
15,AMD=110 AMS=3 AME=1,199.54837552543705,199.94981555686505,True,-0.0006098519079387188,73.77948760986328,28.371936798095703,-48806.6796875,0.013455860316753387,1752.1077880859375,110,0,3,0,66.07904052734375,23753.548828125,3.0513008823618293e-05
15,AMD=111 AMS=3 AME=1,199.94981555686505,200.35125558829307,True,-0.000566366477869451,68.87135314941406,0.24664220213890076,-48806.68359375,0.014343293383717537,1752.1094970703125,111,0,3,0,61.06071853637695,44820.3203125,5.4379255743697286e-05
15,AMD=112 AMS=3 AME=1,200.35125558829307,200.75269561972107,True,-0.0006367714377120137,69.3689193725586,28.52309799194336,-48806.68359375,0.014529026113450527,1752.1092529296875,112,0,3,0,65.33839416503906,20886.859375,3.3226337109226733e-05
15,AMD=113 AMS=3 AME=1,200.75269561972107,201.15413565114906,True,-0.0006487815990112722,71.41838836669922,0.13277125358581543,-48806.67578125,0.014941786415874958,1752.1087646484375,113,0,3,0,65.94234466552734,20513.82421875,3.099561217823066e-05
15,AMD=114 AMS=3 AME=1,201.15413565114906,201.55557568257709,True,-0.000520810077432543,72.55259704589844,37.49277877807617,-48806.68359375,0.01399244274944067,1752.1094970703125,114,0,3,0,66.29012298583984,44820.3359375,2.977956501126755e-05
15,AMD=115 AMS=3 AME=1,201.55557568257709,201.9570157140051,True,-0.0005427600117400289,74.7432632446289,28.803804397583008,-48806.68359375,0.013001840561628342,1752.1087646484375,115,0,3,0,66.2531967163086,20302.80078125,2.9906528652645648e-05
15,AMD=116 AMS=3 AME=1,201.9570157140051,202.3584557454331,True,-0.0005812757881358266,70.41243743896484,0.3390212059020996,-48806.68359375,0.013497143983840942,1752.108154296875,116,0,3,0,63.928436279296875,44820.3125,3.908308644895442e-05
15,AMD=117 AMS=3 AME=1,202.3584557454331,202.75989577686113,True,-0.0005833465838804841,70.22515869140625,27.249706268310547,-48806.68359375,0.012795455753803253,1752.10986328125,117,0,3,0,65.78219604492188,44820.32421875,3.1572621082887053e-05
15,AMD=118 AMS=3 AME=1,202.75989577686113,203.16133580828915,True,-0.0006179277552291751,76.7779769897461,0.21790428459644318,-48806.67578125,0.014074999839067459,1752.1083984375,118,0,3,0,68.49717712402344,18508.255859375,2.310022864548955e-05
15,AMD=119 AMS=3 AME=1,203.16133580828915,203.56277583971715,True,-0.0006262107635848224,73.7098159790039,31.898387908935547,-48806.6796875,0.013414588756859303,1752.1082763671875,119,0,3,0,66.3340072631836,44820.3359375,2.9635169994435273e-05
15,AMD=120 AMS=3 AME=1,203.56277583971715,203.96421587114514,True,-0.0005736140883527696,64.708984375,0.05837760865688324,-48806.6796875,0.014549671672284603,1752.110107421875,120,0,3,0,58.739906311035156,22241.724609375,7.103449752321467e-05
15,AMD=121 AMS=3 AME=1,203.96421587114514,204.36565590257314,True,-0.0005980487912893295,69.85884094238281,29.495161056518555,-48806.68359375,0.014859236776828766,1752.109375,121,0,3,0,65.7164306640625,44820.33984375,3.181365173077211e-05
15,AMD=122 AMS=3 AME=1,204.36565590257314,204.76709593400116,True,-0.0005812758463434875,76.27220153808594,0.311423659324646,-48806.671875,0.01502433605492115,1752.108642578125,122,0,3,0,71.12752532958984,17288.830078125,1.7064547137124464e-05
15,AMD=123 AMS=3 AME=1,204.76709593400116,205.1685359654292,True,-0.0006427764892578125,74.1160888671875,26.66002655029297,-48806.6796875,0.013084390200674534,1752.1094970703125,123,0,3,0,66.96082305908203,21391.2578125,2.75673719443148e-05
15,AMD=124 AMS=3 AME=1,205.1685359654292,205.56997599685718,True,-0.0006032256060279906,65.0981674194336,0.23648446798324585,-48806.6875,0.012919283472001553,1752.1090087890625,124,0,3,0,59.29935836791992,44820.32421875,6.659456266788766e-05
15,AMD=125 AMS=3 AME=1,205.56997599685718,205.9714160282852,True,-0.0005771343712694943,69.93186950683594,34.4444580078125,-48806.6796875,0.014735409989953041,1752.1103515625,125,0,3,0,65.5701675415039,22893.5234375,3.2353545975638554e-05
15,AMD=126 AMS=3 AME=1,205.9714160282852,206.37285605971323,True,-0.0006378067773766816,73.01194763183594,0.05349310114979744,-48806.6796875,0.014611582271754742,1752.109375,126,0,3,0,66.66966247558594,18701.5703125,2.8505137379397638e-05
15,AMD=127 AMS=3 AME=1,206.37285605971323,206.77429609114122,True,-0.0005734070437029004,74.2295150756836,30.096548080444336,-48806.6796875,0.015437084250152111,1752.108642578125,127,0,3,0,67.53794860839844,44820.33203125,2.579597639851272e-05
15,AME=0 negative control,206.77429609114122,209.781,True,-0.0006812919164076447,0.0001703313464531675,-0.00020294361456763,-0.015581697225570679,0.0165102556347847,1752.1090087890625,127,0,3,0,0.00043383651063777506,0.018264560028910637,0.061434123665094376
16,"PMD=0 PMS=0, AMD=0",1.237,1.6384023437500002,True,-0.0006825343589298427,0.00015987320512067527,-0.00019051862182095647,-0.014549792744219303,0.016097495332360268,1752.1090087890625,0,0,0,0,0.00044729633373208344,0.018367746844887733,0.06143433600664139
16,"PMD=1 PMS=0, AMD=0",1.6384023437500002,2.0398046875000007,True,-0.0006823273142799735,0.00015655969036743045,-0.00022158105275593698,-0.016077011823654175,0.016881732270121574,1752.1077880859375,0,1,0,0,0.0004390124522615224,0.018058180809020996,0.06143423169851303
16,"PMD=2 PMS=0, AMD=0",2.0398046875000007,2.4412070312500007,True,-0.0006559256580658257,0.000166448371601291,-0.00021381545229814947,-0.01511734165251255,0.016819821670651436,1752.108154296875,0,2,0,0,0.00043901344179175794,0.018522538244724274,0.06143434718251228
16,"PMD=3 PMS=0, AMD=0",2.4412070312500007,2.8426093750000008,True,-0.0006924738408997655,0.00017354125156998634,-0.00019155404879711568,-0.015086383558809757,0.01692301034927368,1752.1082763671875,0,3,0,0,0.0004431550914887339,0.01867731474339962,0.06143410503864288
16,"PMD=4 PMS=0, AMD=0",2.8426093750000008,3.24401171875,True,-0.0006719736848026514,0.00017654399562161416,-0.00022261645062826574,-0.015003831125795841,0.015602190978825092,1752.1082763671875,0,4,0,0,0.0004377189034130424,0.019399646669626236,0.06143427640199661
16,"PMD=5 PMS=0, AMD=0",3.24401171875,3.6454140625,True,-0.0006864686729386449,0.00015314271149691194,-0.00018119988089893013,-0.015210212208330631,0.016799183562397957,1752.109375,0,5,0,0,0.00043072988046333194,0.018161367624998093,0.06143372878432274
16,"PMD=6 PMS=0, AMD=0",3.6454140625,4.0468164062500005,True,-0.0006810848717577755,0.00016846747894305736,-0.00019880195031873882,-0.01593254692852497,0.016180051490664482,1752.1085205078125,0,6,0,0,0.00042244745418429375,0.01929645612835884,0.06143394112586975
16,"PMD=7 PMS=0, AMD=0",4.0468164062500005,4.4482187500000006,True,-0.0006631731521338224,0.00017939161625690758,-0.00021899252897128463,-0.015117340721189976,0.016613444313406944,1752.1083984375,0,7,0,0,0.00045583854080177844,0.019193271175026894,0.06143438071012497
16,"PMD=8 PMS=0, AMD=0",4.4482187500000006,4.849621093750001,True,-0.0006812919164076447,0.00017799351189751178,-0.00020294361456763,-0.015829354524612427,0.015560919418931007,1752.1087646484375,0,8,0,0,0.0004245182208251208,0.01847093179821968,0.061434127390384674
16,"PMD=9 PMS=0, AMD=0",4.849621093750001,5.251023437500001,True,-0.0006711454479955137,0.00017095250950660557,-0.00021743940305896103,-0.015684887766838074,0.016303878277540207,1752.1094970703125,0,9,0,0,0.0004317660059314221,0.017903394997119904,0.06143379211425781
16,"PMD=10 PMS=0, AMD=0",5.251023437500001,5.652425781250001,True,-0.000686675775796175,0.00019249017350375652,-0.000201908202143386,-0.015622973442077637,0.016386428847908974,1752.1104736328125,0,10,0,0,0.00042762409429997206,0.018058180809020996,0.061433736234903336
16,"PMD=11 PMS=0, AMD=0",5.652425781250001,6.053828125000001,True,-0.0006895747501403093,0.00018689865828491747,-0.00020501443941611797,-0.016489773988723755,0.016180051490664482,1752.108642578125,0,11,0,0,0.00044833298306912184,0.0190900769084692,0.06143392249941826
16,"PMD=12 PMS=0, AMD=0",6.053828125000001,6.455230468750001,True,-0.0006662792293354869,0.00019026396330446005,-0.0002210633538197726,-0.014756174758076668,0.017129387706518173,1752.10888671875,0,12,0,0,0.0004146810679230839,0.018187174573540688,0.06143423169851303
16,"PMD=13 PMS=0, AMD=0",6.455230468750001,6.856632812500001,True,-0.0006872970261611044,0.0001917653571581468,-0.00020501443941611797,-0.01599445939064026,0.015891123563051224,1752.1090087890625,0,13,0,0,0.00044522626558318734,0.018161363899707794,0.06143460050225258
16,"PMD=14 PMS=0, AMD=0",6.856632812500001,7.258035156250001,True,-0.0006641049985773861,0.00016494686133228242,-0.0002132977533619851,-0.015210212208330631,0.016345150768756866,1752.10888671875,0,14,0,0,0.00042555321124382317,0.019399646669626236,0.061434000730514526
16,"PMD=15 PMS=0, AMD=0",7.258035156250001,7.659437500000001,True,-0.0006765293073840439,0.0002000489621423185,-0.00022158105275593698,-0.01510702259838581,0.015891123563051224,1752.1083984375,0,15,0,0,0.0004017384781036526,0.0179549902677536,0.06143391877412796
16,"PMD=16 PMS=0, AMD=0",7.659437500000001,8.060839843750001,True,-0.0006872970261611044,0.00017644050240051,-0.0001998373627429828,-0.015210212208330631,0.018161272630095482,1752.1077880859375,0,16,0,0,0.00045661619515158236,0.017851801589131355,0.06143386662006378
16,"PMD=17 PMS=0, AMD=0",8.060839843750001,8.462242187500001,True,-0.0006921631866134703,0.00017499091336503625,-0.000220545640331693,-0.015272126533091068,0.016097500920295715,1752.109375,0,17,0,0,0.00042218741145916283,0.018109774217009544,0.06143436208367348
16,"PMD=18 PMS=0, AMD=0",8.462242187500001,8.863644531250001,True,-0.0006827414617873728,0.0002035695652011782,-0.0002008727751672268,-0.01599445939064026,0.015437091700732708,1752.1068115234375,0,18,0,0,0.00042141147423535585,0.017335856333374977,0.061434630304574966
16,"PMD=19 PMS=0, AMD=0",8.863644531250001,9.265046875000001,True,-0.0006924738408997655,0.00013616104843094945,-0.00020812067668884993,-0.015168935991823673,0.01692301034927368,1752.1080322265625,0,19,0,0,0.0004659341648221016,0.018032381311058998,0.061434268951416016
16,"PMD=20 PMS=0, AMD=0",9.265046875000001,9.666449218750001,True,-0.0006609988631680608,0.0001955965271918103,-0.00021433315123431385,-0.015272126533091068,0.01692301034927368,1752.109375,0,20,0,0,0.0003924200136680156,0.017851801589131355,0.0614343024790287
16,"PMD=21 PMS=0, AMD=0",9.666449218750001,10.067851562500001,True,-0.000674044422339648,0.00015283201355487108,-0.00017809362907428294,-0.01510702259838581,0.01580856740474701,1752.10791015625,0,21,0,0,0.0004338364233262837,0.018058184534311295,0.06143387034535408
16,"PMD=22 PMS=0, AMD=0",10.067851562500001,10.469253906250001,True,-0.0006655544275417924,0.00016525754472240806,-0.00021226232638582587,-0.015065746381878853,0.0165102556347847,1752.1097412109375,0,22,0,0,0.00044186084414832294,0.01823876053094864,0.061433762311935425
16,"PMD=23 PMS=0, AMD=0",10.469253906250001,10.870656250000001,True,-0.000682948506437242,0.000160598021466285,-0.000201908202143386,-0.015829354524612427,0.015643468126654625,1752.10888671875,0,23,0,0,0.0004234827938489616,0.017335854470729828,0.06143370270729065
16,"PMD=24 PMS=0, AMD=0",10.870656250000001,11.272058593750002,True,-0.0006920596351847053,0.00014537682000081986,-0.0001843061181716621,-0.015210212208330631,0.01692301034927368,1752.1087646484375,0,24,0,0,0.0004351309034973383,0.01841934397816658,0.061434585601091385
16,"PMD=25 PMS=0, AMD=0",11.272058593750002,11.673460937500002,True,-0.0006810848717577755,0.0001808930392144248,-0.000219510227907449,-0.015148298814892769,0.01692301034927368,1752.109130859375,0,25,0,0,0.0004359071608632803,0.017439039424061775,0.061434555798769
16,"PMD=26 PMS=0, AMD=0",11.673460937500002,12.074863281250002,True,-0.0006754939095117152,0.00016142638924065977,-0.00018327072029933333,-0.015354678966104984,0.01692301034927368,1752.1099853515625,0,26,0,0,0.00045143882744014263,0.018780507147312164,0.06143408641219139
16,"PMD=27 PMS=0, AMD=0",12.074863281250002,12.476265625000002,True,-0.0006779787945561111,0.00016090860299300402,-0.00021122692851349711,-0.015726163983345032,0.01597367413341999,1752.109375,0,27,0,0,0.00041209306800737977,0.018109772354364395,0.06143384054303169
16,"PMD=28 PMS=0, AMD=0",12.476265625000002,12.87766796875,True,-0.0006862616282887757,0.00015604199143126607,-0.000220545640331693,-0.015519782900810242,0.016097500920295715,1752.1102294921875,0,28,0,0,0.0004555799823720008,0.016923096030950546,0.06143404170870781
16,"PMD=29 PMS=0, AMD=0",12.87766796875,13.2790703125,True,-0.0007084182580001652,0.0001850348198786378,-0.00019466030062176287,-0.01593254692852497,0.016303878277540207,1752.1083984375,0,29,0,0,0.0004387547669466585,0.019296446815133095,0.06143415346741676
16,"PMD=30 PMS=0, AMD=0",13.2790703125,13.68047265625,True,-0.000662655511405319,0.0001523142564110458,-0.00021640399063471705,-0.01599445939064026,0.015643468126654625,1752.1070556640625,0,30,0,0,0.0004203756107017398,0.018264560028910637,0.06143468618392944
16,"PMD=31 PMS=0, AMD=0",13.68047265625,14.081875,True,-0.0006636908510699868,0.0001757156423991546,-0.00019569569849409163,-0.01463234517723322,0.0165102556347847,1752.1085205078125,0,31,0,0,0.0004504031385295093,0.018264560028910637,0.06143457069993019
16,"PMD=32 PMS=0, AMD=0",14.081875,14.48327734375,True,-0.0006953728152438998,0.000188866033568047,-0.00019569569849409163,-0.015519782900810242,0.016180051490664482,1752.10986328125,0,32,0,0,0.00043953151907771826,0.018316151574254036,0.061434175819158554
16,"PMD=33 PMS=0, AMD=0",14.48327734375,14.8846796875,True,-0.0006688676658086479,0.0001586306607350707,-0.00021640399063471705,-0.014487878419458866,0.016386428847908974,1752.1082763671875,0,33,0,0,0.00040691508911550045,0.018574127927422523,0.06143425032496452
16,"PMD=34 PMS=0, AMD=0",14.8846796875,15.286082031249999,True,-0.0006856404361315072,0.00019404332851991057,-0.0001843061181716621,-0.014322774484753609,0.016303878277540207,1752.1087646484375,0,34,0,0,0.0004079504287801683,0.01847093179821968,0.06143401935696602
16,"PMD=35 PMS=0, AMD=0",15.286082031249999,15.687484374999999,True,-0.0006792212370783091,0.0001523142564110458,-0.00020294361456763,-0.015148298814892769,0.01700556091964245,1752.1082763671875,0,35,0,0,0.00043280067620798945,0.018780503422021866,0.06143428012728691
16,"PMD=36 PMS=0, AMD=0",15.687484374999999,16.08888671875,True,-0.0006703170947730541,0.00018161782645620406,-0.00021122692851349711,-0.014384687878191471,0.016799183562397957,1752.107177734375,0,36,0,0,0.00043072993867099285,0.0179549902677536,0.06143442168831825
16,"PMD=37 PMS=0, AMD=0",16.08888671875,16.4902890625,True,-0.0006827414617873728,0.00017540508997626603,-0.000201908202143386,-0.01578807830810547,0.015271992422640324,1752.110595703125,0,37,0,0,0.0004356481658760458,0.018445143476128578,0.0614343136548996
16,"PMD=38 PMS=0, AMD=0",16.4902890625,16.89169140625,True,-0.0006773575441911817,0.00017509443568997085,-0.00021122692851349711,-0.015292763710021973,0.016799183562397957,1752.1092529296875,0,38,0,0,0.0004162343102507293,0.01909007877111435,0.06143379211425781
16,"PMD=39 PMS=0, AMD=0",16.89169140625,17.29309375,True,-0.0006858474807813764,0.00019414692360442132,-0.00020708526426460594,-0.01638658344745636,0.01671663299202919,1752.110595703125,0,39,0,0,0.0004164939746260643,0.01800657995045185,0.061433516442775726
16,"PMD=40 PMS=0, AMD=0",17.29309375,17.69449609375,True,-0.0007051051361486316,0.000154385095811449,-0.00021019151608925313,-0.015148298814892769,0.01655152067542076,1752.109130859375,0,40,0,0,0.0004410846740938723,0.018986888229846954,0.06143379956483841
16,"PMD=41 PMS=0, AMD=0",17.69449609375,18.0958984375,True,-0.0006899889558553696,0.00019694265211001039,-0.000220545640331693,-0.015622973442077637,0.0162626001983881,1752.10888671875,0,41,0,0,0.0004234822408761829,0.018058180809020996,0.06143428012728691
16,"PMD=42 PMS=0, AMD=0",18.0958984375,18.49730078125,True,-0.0006937162252143025,0.0001882447540992871,-0.00020708526426460594,-0.01593254692852497,0.016097500920295715,1752.1109619140625,0,42,0,0,0.00044470871216617525,0.017903391271829605,0.06143437698483467
16,"PMD=43 PMS=0, AMD=0",18.49730078125,18.898703125,True,-0.0006761151016689837,0.0001820320321712643,-0.00021122692851349711,-0.015664249658584595,0.016386428847908974,1752.10888671875,0,43,0,0,0.0004286593175493181,0.018677320331335068,0.06143420934677124
16,"PMD=44 PMS=0, AMD=0",18.898703125,19.30010546875,True,-0.000674044422339648,0.0002200335293309763,-0.0001977665233425796,-0.015354678966104984,0.016303878277540207,1752.1085205078125,0,44,0,0,0.00043280143290758133,0.01684570126235485,0.06143392249941826
16,"PMD=45 PMS=0, AMD=0",19.30010546875,19.7015078125,True,-0.0006734232301823795,0.00016360083827748895,-0.00021122692851349711,-0.015581697225570679,0.01692301034927368,1752.109375,0,45,0,0,0.00044936806079931557,0.01929645799100399,0.061434049159288406
16,"PMD=46 PMS=0, AMD=0",19.7015078125,20.10291015625,True,-0.0006821202114224434,0.0001923866366269067,-0.00023607681214343756,-0.015065746381878853,0.015560919418931007,1752.1080322265625,0,46,0,0,0.00040484487544745207,0.018574127927422523,0.0614340640604496
16,"PMD=47 PMS=0, AMD=0",20.10291015625,20.5043125,True,-0.0006763222045265138,0.00017685472266748548,-0.00019880195031873882,-0.014859364368021488,0.016386428847908974,1752.10986328125,0,47,0,0,0.0004372019611764699,0.01929645612835884,0.061434339731931686
16,"PMD=48 PMS=0, AMD=0",20.5043125,20.90571484375,True,-0.0006906101480126381,0.0001665001327637583,-0.00021536856365855783,-0.015684887766838074,0.015891123563051224,1752.107666015625,0,48,0,0,0.00044729624642059207,0.01888369396328926,0.06143452599644661
16,"PMD=49 PMS=0, AMD=0",20.90571484375,21.3071171875,True,-0.0006779787945561111,0.00017219506844412535,-0.00021743940305896103,-0.015519782900810242,0.01597367413341999,1752.1083984375,0,49,0,0,0.00042762444354593754,0.017800206318497658,0.06143423542380333
16,"PMD=50 PMS=0, AMD=0",21.3071171875,21.70851953125,True,-0.0006858474807813764,0.00015293563774321228,-0.00018119988089893013,-0.014549792744219303,0.016592806205153465,1752.10791015625,0,50,0,0,0.0004545442934613675,0.018677320331335068,0.061433836817741394
16,"PMD=51 PMS=0, AMD=0",21.70851953125,22.109921875,True,-0.0006732161273248494,0.0001711596269160509,-0.00021743940305896103,-0.015664249658584595,0.016303878277540207,1752.109130859375,0,51,0,0,0.0004410838591866195,0.019193265587091446,0.061434123665094376
16,"PMD=52 PMS=0, AMD=0",22.109921875,22.51132421875,True,-0.0006736302748322487,0.00015542069741059095,-0.00019569569849409163,-0.015168935991823673,0.01597367413341999,1752.10888671875,0,52,0,0,0.00042995440890081227,0.018548332154750824,0.061433933675289154
16,"PMD=53 PMS=0, AMD=0",22.51132421875,22.912726562500005,True,-0.0006771504995413125,0.0001650504709687084,-0.00018223529332317412,-0.015622973442077637,0.017088109627366066,1752.1082763671875,0,53,0,0,0.00042037584353238344,0.018574126064777374,0.06143415346741676
16,"PMD=54 PMS=0, AMD=0",22.912726562500005,23.314128906250005,True,-0.0006547867087647319,0.00018845182785298675,-0.00021640399063471705,-0.015148298814892769,0.01584983989596367,1752.1087646484375,0,54,0,0,0.0004110569425392896,0.018961094319820404,0.06143442541360855
16,"PMD=55 PMS=0, AMD=0",23.314128906250005,23.715531250000005,True,-0.0006790141342207789,0.00015966604405548424,-0.00017912905605044216,-0.015003831125795841,0.01671663299202919,1752.1083984375,0,55,0,0,0.0004317655402701348,0.01847093738615513,0.06143393740057945
16,"PMD=56 PMS=0, AMD=0",23.715531250000005,24.116933593750005,True,-0.0006759080570191145,0.00015759516099933535,-0.00022572270245291293,-0.01578807830810547,0.015478369779884815,1752.1087646484375,0,56,0,0,0.0004328013746999204,0.017748605459928513,0.0614338293671608
16,"PMD=57 PMS=0, AMD=0",24.116933593750005,24.518335937500005,True,-0.0006806707242503762,0.0001660858979448676,-0.0001977665233425796,-0.015148298814892769,0.016097500920295715,1752.109130859375,0,57,0,0,0.00042322365334257483,0.019270656630396843,0.061433736234903336
16,"PMD=58 PMS=0, AMD=0",24.518335937500005,24.919738281250005,True,-0.0006864686729386449,0.00017996107635553926,-0.00021019151608925313,-0.01640722155570984,0.0162626001983881,1752.1090087890625,0,58,0,0,0.0004172699700575322,0.018367744982242584,0.06143404543399811
16,"PMD=59 PMS=0, AMD=0",24.919738281250005,25.321140625000005,True,-0.0006607918185181916,0.0001500363287050277,-0.000220545640331693,-0.015065746381878853,0.016303878277540207,1752.10791015625,0,59,0,0,0.0004475550085771829,0.017335856333374977,0.06143423914909363
16,"PMD=60 PMS=0, AMD=0",25.321140625000005,25.722542968750005,True,-0.0006810848717577755,0.00018617375462781638,-0.00019569569849409163,-0.015664249658584595,0.016303878277540207,1752.107177734375,0,60,0,0,0.0004069161950610578,0.01898687705397606,0.06143440306186676
16,"PMD=61 PMS=0, AMD=0",25.722542968750005,26.123945312500005,True,-0.0006736302748322487,0.00018617385649122298,-0.000219510227907449,-0.01574680209159851,0.01597367413341999,1752.1094970703125,0,61,0,0,0.00045558015699498355,0.018574129790067673,0.06143391877412796
16,"PMD=62 PMS=0, AMD=0",26.123945312500005,26.525347656250005,True,-0.0006868828204460442,0.0001797540026018396,-0.00020294361456763,-0.015168935060501099,0.016180051490664482,1752.1104736328125,0,62,0,0,0.00043202421511523426,0.017361655831336975,0.06143384799361229
16,"PMD=63 PMS=0, AMD=0",26.525347656250005,26.926750000000006,True,-0.0006991000846028328,0.00020491571922320873,-0.0001998373627429828,-0.015519782900810242,0.016180051490664482,1752.1070556640625,0,63,0,0,0.00047214649384841323,0.018986880779266357,0.061433788388967514
16,"PMD=64 PMS=0, AMD=0",26.926750000000006,27.328152343750006,True,-0.0006776681402698159,0.0001379733148496598,-0.000220545640331693,-0.01511734165251255,0.01743895187973976,1752.1083984375,0,64,0,0,0.0004056213947478682,0.01929645612835884,0.061434611678123474
16,"PMD=65 PMS=0, AMD=0",27.328152343750006,27.729554687500006,True,-0.0006835696985945106,0.00020408732234500349,-0.0001998373627429828,-0.014219583943486214,0.015891123563051224,1752.1080322265625,0,65,0,0,0.0004151994944550097,0.017851801589131355,0.06143474578857422
16,"PMD=66 PMS=0, AMD=0",27.729554687500006,28.130957031250006,True,-0.0006868828786537051,0.00015334981435444206,-0.00020708526426460594,-0.014941916801035404,0.017542140558362007,1752.109130859375,0,66,0,0,0.00044833257561549544,0.018883701413869858,0.06143415346741676
16,"PMD=67 PMS=0, AMD=0",28.130957031250006,28.532359375000006,True,-0.0006638979539275169,0.00018762348918244243,-0.00020294361456763,-0.015664249658584595,0.017088109627366066,1752.1090087890625,0,67,0,0,0.0004164920828770846,0.017619622871279716,0.061433952301740646
16,"PMD=68 PMS=0, AMD=0",28.532359375000006,28.933761718750006,True,-0.000682948506437242,0.00018379229004494846,-0.00019155404879711568,-0.015519782900810242,0.015354542061686516,1752.1083984375,0,68,0,0,0.0004245179588906467,0.01754223369061947,0.06143378093838692
16,"PMD=69 PMS=0, AMD=0",28.933761718750006,29.335164062500006,True,-0.0006931985262781382,0.00015039877325762063,-0.00021743940305896103,-0.014807770028710365,0.016613444313406944,1752.10986328125,0,69,0,0,0.00042917722021229565,0.018470941111445427,0.061434078961610794
16,"PMD=70 PMS=0, AMD=0",29.335164062500006,29.736566406250006,True,-0.0006868828204460442,0.00020305183716118336,-0.00020397902699187398,-0.015168935991823673,0.01692301034927368,1752.108642578125,0,70,0,0,0.0004141635727137327,0.0179549902677536,0.0614345408976078
16,"PMD=71 PMS=0, AMD=0",29.736566406250006,30.137968750000006,True,-0.0006779787945561111,0.00013191575999371707,-0.0001998373627429828,-0.015148298814892769,0.016138773411512375,1752.110107421875,0,71,0,0,0.00044212001375854015,0.01857413351535797,0.061434436589479446
16,"PMD=72 PMS=0, AMD=0",30.137968750000006,30.539371093750006,True,-0.0006798424292355776,0.00019321500440128148,-0.00021743940305896103,-0.0150451073423028,0.016964280977845192,1752.1102294921875,0,72,0,0,0.0004159754316788167,0.01731005311012268,0.06143445521593094
16,"PMD=73 PMS=0, AMD=0",30.539371093750006,30.940773437500006,True,-0.0006765293073840439,0.00017012418538797647,-0.00018637697212398052,-0.015375316143035889,0.016551528126001358,1752.1085205078125,0,73,0,0,0.00044833257561549544,0.016716720536351204,0.06143376976251602
16,"PMD=74 PMS=0, AMD=0",30.940773437500006,31.342175781250006,True,-0.0006875040708109736,0.00015454059757757932,-0.00019155404879711568,-0.015530101954936981,0.016613444313406944,1752.1099853515625,0,74,0,0,0.000407692656153813,0.01839354634284973,0.061433713883161545
16,"PMD=75 PMS=0, AMD=0",31.342175781250006,31.743578125,True,-0.0006875040708109736,0.00017737243615556508,-0.00020708526426460594,-0.015829354524612427,0.015643468126654625,1752.1102294921875,0,75,0,0,0.0004276242689229548,0.016923092305660248,0.06143393740057945
16,"PMD=76 PMS=0, AMD=0",31.743578125,32.144980468750006,True,-0.0006887465133331716,0.00015769874153193086,-0.00017602278967387974,-0.015003831125795841,0.01700556091964245,1752.10888671875,0,76,0,0,0.0004472969158086926,0.0190900769084692,0.06143450736999512
16,"PMD=77 PMS=0, AMD=0",32.144980468750006,32.5463828125,True,-0.0006783929420635104,0.00016660368419252336,-0.00021847481548320502,-0.015684887766838074,0.0155196413397789,1752.1077880859375,0,77,0,0,0.0004273644008208066,0.017877595499157906,0.06143456697463989
16,"PMD=78 PMS=0, AMD=0",32.5463828125,32.947785156250006,True,-0.0006667969282716513,0.00015842352877371013,-0.00019569569849409163,-0.015478506684303284,0.016180051490664482,1752.1092529296875,0,78,0,0,0.000459722155937925,0.01702628657221794,0.06143420189619064
16,"PMD=79 PMS=0, AMD=0",32.947785156250006,33.3491875,True,-0.000685433333273977,0.00017084907449316233,-0.00020915610366500914,-0.015684887766838074,0.015581557527184486,1752.10888671875,0,79,0,0,0.00045674561988562346,0.01872890815138817,0.06143386662006378
16,"PMD=80 PMS=0, AMD=0",33.3491875,33.75058984375001,True,-0.0006725948769599199,0.00017664761980995536,-0.0002329705748707056,-0.015643613412976265,0.015478369779884815,1752.108642578125,0,80,0,0,0.00042348154238425195,0.01774861291050911,0.061434224247932434
16,"PMD=81 PMS=0, AMD=0",33.75058984375001,34.1519921875,True,-0.0006872969679534435,0.00016484330990351737,-0.00019569569849409163,-0.014880003407597542,0.016386428847908974,1752.109375,0,81,0,0,0.00045557989506050944,0.018986880779266357,0.0614340603351593
16,"PMD=82 PMS=0, AMD=0",34.1519921875,34.55339453125001,True,-0.0006759080570191145,0.00015769866877235472,-0.0002132977533619851,-0.016118288040161133,0.016386428847908974,1752.107666015625,0,82,0,0,0.0004084686515852809,0.018703114241361618,0.06143416091799736
16,"PMD=83 PMS=0, AMD=0",34.55339453125001,34.954796875,True,-0.0006516806315630674,0.0001591483742231503,-0.00020812067668884993,-0.014962554909288883,0.0162626001983881,1752.1087646484375,0,83,0,0,0.00044108371366746724,0.018677320331335068,0.06143452972173691
16,"PMD=84 PMS=0, AMD=0",34.954796875,35.35619921875001,True,-0.0006963046034798026,0.00018715756596066058,-0.0001894832239486277,-0.015220530331134796,0.016097500920295715,1752.109130859375,0,84,0,0,0.00045169651275500655,0.018986884504556656,0.061434291303157806
16,"PMD=85 PMS=0, AMD=0",35.35619921875001,35.7576015625,True,-0.0006701100501231849,0.0001536603522254154,-0.000220545640331693,-0.014900640584528446,0.015560919418931007,1752.10791015625,0,85,0,0,0.0004421197227202356,0.018264563754200935,0.06143398955464363
16,"PMD=86 PMS=0, AMD=0",35.7576015625,36.15900390625001,True,-0.0006937162252143025,0.00015832000644877553,-0.00019155404879711568,-0.01523085031658411,0.01646897755563259,1752.1099853515625,0,86,0,0,0.0004364254418760538,0.019863994792103767,0.06143354997038841
16,"PMD=87 PMS=0, AMD=0",36.15900390625001,36.56040625,True,-0.0006864686729386449,0.00015925191110000014,-0.000201908202143386,-0.016242118552327156,0.016097500920295715,1752.1077880859375,0,87,0,0,0.0004224471631459892,0.01888369396328926,0.061433978378772736
16,"PMD=88 PMS=0, AMD=0",36.56040625,36.96180859375001,True,-0.000675286864861846,0.00017509439203422517,-0.00022365187760442495,-0.014859363436698914,0.016592806205153465,1752.109130859375,0,88,0,0,0.00043694241321645677,0.01836775429546833,0.061434391885995865
16,"PMD=89 PMS=0, AMD=0",36.96180859375001,37.3632109375,True,-0.0006875040708109736,0.00019414693815633655,-0.0002013904886553064,-0.016046056523919106,0.014652859419584274,1752.1083984375,0,89,0,0,0.0004107992572244257,0.018187163397669792,0.06143418699502945
16,"PMD=90 PMS=0, AMD=0",37.3632109375,37.76461328125001,True,-0.0006686605629511178,0.00015697379421908408,-0.00021536856365855783,-0.014240222983062267,0.01646897755563259,1752.1085205078125,0,90,0,0,0.0004359076847322285,0.019193265587091446,0.06143389642238617
16,"PMD=91 PMS=0, AMD=0",37.76461328125001,38.166015625,True,-0.0006837768014520407,0.0002028448216151446,-0.000201908202143386,-0.015086383558809757,0.016386428847908974,1752.1099853515625,0,91,0,0,0.0004208937752991915,0.018135569989681244,0.0614338293671608
16,"PMD=92 PMS=0, AMD=0",38.166015625,38.56741796875001,True,-0.0006939232698641717,0.00019000499742105603,-0.00020397902699187398,-0.015602335333824158,0.016097495332360268,1752.108642578125,0,92,0,0,0.0004483319353312254,0.01929645985364914,0.06143398582935333
16,"PMD=93 PMS=0, AMD=0",38.56741796875001,38.9688203125,True,-0.0006713524926453829,0.00019632138719316572,-0.00021640399063471705,-0.014549792744219303,0.016799183562397957,1752.10888671875,0,93,0,0,0.0004224464646540582,0.018161369487643242,0.06143422797322273
16,"PMD=94 PMS=0, AMD=0",38.9688203125,39.37022265625001,True,-0.0006931985262781382,0.0001972533209482208,-0.0001868946710601449,-0.01640722155570984,0.01599431224167347,1752.10986328125,0,94,0,0,0.00042218921589665115,0.017826000228524208,0.061434563249349594
16,"PMD=95 PMS=0, AMD=0",39.37022265625001,39.771625,True,-0.0006723878905177116,0.00016546463302802294,-0.00021743940305896103,-0.015519782900810242,0.01671663299202919,1752.1075439453125,0,95,0,0,0.0004317658313084394,0.018780507147312164,0.061434030532836914
16,"PMD=96 PMS=0, AMD=0",39.771625,40.17302734375001,True,-0.0006848121411167085,0.00020460506493691355,-0.000220545640331693,-0.015210212208330631,0.01646897755563259,1752.108642578125,0,96,0,0,0.0003957847657147795,0.01867731474339962,0.061433568596839905
16,"PMD=97 PMS=0, AMD=0",40.17302734375001,40.5744296875,True,-0.0006891606608405709,0.0001599767419975251,-0.00019155404879711568,-0.014714897610247135,0.017831068485975266,1752.107666015625,0,97,0,0,0.000458686554338783,0.018986888229846954,0.06143397465348244
16,"PMD=98 PMS=0, AMD=0",40.5744296875,40.97583203125001,True,-0.0006814990192651749,0.00019041924679186195,-0.00021743940305896103,-0.014859363436698914,0.0155196413397789,1752.1083984375,0,98,0,0,0.0004089868743903935,0.018574122339487076,0.061434268951416016
16,"PMD=99 PMS=0, AMD=0",40.97583203125001,41.377234375,True,-0.0006745620630681515,0.00018819303659256548,-0.00020449672592803836,-0.01635562628507614,0.015684746205806732,1752.108154296875,0,99,0,0,0.0004250358324497938,0.0179807897657156,0.06143448129296303
16,"PMD=100 PMS=0, AMD=0",41.377234375,41.77863671875001,True,-0.000691852590534836,0.0001450660638511181,-0.000201908202143386,-0.015210212208330631,0.017088109627366066,1752.107421875,0,100,0,0,0.0004607566224876791,0.018367746844887733,0.061434246599674225
16,"PMD=101 PMS=0, AMD=0",41.77863671875001,42.1800390625,True,-0.0006711453897878528,0.00019932423310820013,-0.000219510227907449,-0.015148298814892769,0.016799183562397957,1752.1104736328125,0,101,0,0,0.0004113160539418459,0.01823876053094864,0.06143426522612572
16,"PMD=102 PMS=0, AMD=0",42.1800390625,42.58144140625001,True,-0.0006763222045265138,0.00014102779095992446,-0.00017602278967387974,-0.0155610591173172,0.016180051490664482,1752.1087646484375,0,102,0,0,0.0004328012582845986,0.018780512735247612,0.06143372133374214
16,"PMD=103 PMS=0, AMD=0",42.58144140625001,42.98284375,True,-0.0006734232301823795,0.0001655682281125337,-0.00021019151608925313,-0.015684887766838074,0.01671663299202919,1752.1094970703125,0,103,0,0,0.00043694255873560905,0.01929645612835884,0.0614335723221302
16,"PMD=104 PMS=0, AMD=0",42.98284375,43.38424609375001,True,-0.000680256518535316,0.00015221082139760256,-0.0002013904886553064,-0.015891270712018013,0.01547836884856224,1752.108642578125,0,104,0,0,0.00042865987052209675,0.017464838922023773,0.061433903872966766
16,"PMD=105 PMS=0, AMD=0",43.38424609375001,43.7856484375,True,-0.0006771504995413125,0.00015635263116564602,-0.00018327072029933333,-0.015292763710021973,0.017418313771486282,1752.108642578125,0,105,0,0,0.000426588550908491,0.018574126064777374,0.06143451854586601
16,"PMD=106 PMS=0, AMD=0",43.7856484375,44.18705078125001,True,-0.0006701100501231849,0.00016173694166354835,-0.00021743940305896103,-0.01463234517723322,0.016180051490664482,1752.10888671875,0,106,0,0,0.0004390134126879275,0.018058177083730698,0.06143467500805855
16,"PMD=107 PMS=0, AMD=0",44.18705078125001,44.588453125,True,-0.0006736302748322487,0.00016411849355790764,-0.00018223529332317412,-0.015003831125795841,0.017831068485975266,1752.108642578125,0,107,0,0,0.0004524743417277932,0.01981240138411522,0.06143415719270706
16,"PMD=108 PMS=0, AMD=0",44.588453125,44.98985546875001,True,-0.0006794283399358392,0.00016567172133363783,-0.00021536856365855783,-0.01578807830810547,0.01597367413341999,1752.1092529296875,0,108,0,0,0.00042244690121151507,0.018264558166265488,0.061433933675289154
16,"PMD=109 PMS=0, AMD=0",44.98985546875001,45.3912578125,True,-0.0006872969679534435,0.00014465195999946445,-0.00021536856365855783,-0.01533403992652893,0.015560919418931007,1752.1099853515625,0,109,0,0,0.0004441903147380799,0.017800208181142807,0.06143404543399811
16,"PMD=110 PMS=0, AMD=0",45.3912578125,45.79266015625001,True,-0.0007088324637152255,0.0001889696141006425,-0.00021226232638582587,-0.016283394768834114,0.016386428847908974,1752.1083984375,0,110,0,0,0.0004245176096446812,0.02012195810675621,0.061434052884578705
16,"PMD=111 PMS=0, AMD=0",45.79266015625001,46.1940625,True,-0.0006574786966666579,0.00014278815069701523,-0.000220545640331693,-0.015602335333824158,0.015643468126654625,1752.10693359375,0,111,0,0,0.00040976330637931824,0.018341949209570885,0.06143451854586601
16,"PMD=112 PMS=0, AMD=0",46.1940625,46.59546484375001,True,-0.0006674181204289198,0.00016794976545497775,-0.00019466030062176287,-0.013827459886670113,0.016303878277540207,1752.1085205078125,0,112,0,0,0.0004296949482522905,0.017645420506596565,0.06143466755747795
16,"PMD=113 PMS=0, AMD=0",46.59546484375001,46.9968671875,True,-0.000695579859893769,0.0001924901589518413,-0.0002008727751672268,-0.014983193017542362,0.016386428847908974,1752.1107177734375,0,113,0,0,0.0004638626705855131,0.0190900769084692,0.06143403425812721
16,"PMD=114 PMS=0, AMD=0",46.9968671875,47.39826953125001,True,-0.0006667969282716513,0.00015407460159622133,-0.00020397902699187398,-0.0150451073423028,0.016097500920295715,1752.1085205078125,0,114,0,0,0.00042917649261653423,0.018109776079654694,0.06143408268690109
16,"PMD=115 PMS=0, AMD=0",47.39826953125001,47.799671875,True,-0.0006899889558553696,0.00019849586533382535,-0.00017705821665003896,-0.015065746381878853,0.016056222841143608,1752.108642578125,0,115,0,0,0.00042555335676297545,0.019399642944335938,0.0614338293671608
16,"PMD=116 PMS=0, AMD=0",47.799671875,48.20107421875001,True,-0.0006802565767429769,0.0001340903399977833,-0.00021019151608925313,-0.014962554909288883,0.016799183562397957,1752.108154296875,0,116,0,0,0.0004242587019689381,0.018522530794143677,0.06143443286418915
16,"PMD=117 PMS=0, AMD=0",48.20107421875001,48.6024765625,True,-0.0006788070895709097,0.00018607031961437315,-0.000219510227907449,-0.015168935991823673,0.016592806205153465,1752.107666015625,0,117,0,0,0.00042037537787109613,0.017851801589131355,0.06143463775515556
16,"PMD=118 PMS=0, AMD=0",48.6024765625,49.00387890625001,True,-0.0006856404361315072,0.00017540508997626603,-0.00020294361456763,-0.015808716416358948,0.015478369779884815,1752.1103515625,0,118,0,0,0.0004359076847322285,0.0179549902677536,0.06143435463309288
16,"PMD=119 PMS=0, AMD=0",49.00387890625001,49.40528125,True,-0.0006721807294525206,0.00017209158977493644,-0.00021743940305896103,-0.015313402749598026,0.01692301034927368,1752.1082763671875,0,119,0,0,0.00043280108366161585,0.01749064028263092,0.06143379211425781
16,"PMD=120 PMS=0, AMD=0",49.40528125,49.80668359375001,True,-0.0006843979936093092,0.00019694269576575607,-0.00020604985184036195,-0.016077011823654175,0.01646897755563259,1752.11083984375,0,120,0,0,0.00042244704673066735,0.017851796001195908,0.06143355369567871
16,"PMD=121 PMS=0, AMD=0",49.80668359375001,50.2080859375,True,-0.0007024132064543664,0.00017499089881312102,-0.00021433315123431385,-0.015292763710021973,0.015395807102322578,1752.1087646484375,0,121,0,0,0.00041701135342009366,0.018496738746762276,0.06143386289477348
16,"PMD=122 PMS=0, AMD=0",50.2080859375,50.60948828125,True,-0.0006872969679534435,0.0002012916374951601,-0.00021433315123431385,-0.015684887766838074,0.016386428847908974,1752.109130859375,0,122,0,0,0.0004369420639704913,0.01774860918521881,0.061434607952833176
16,"PMD=123 PMS=0, AMD=0",50.60948828125,51.010890625,True,-0.0006895748083479702,0.00019342207815498114,-0.00020397902699187398,-0.015829354524612427,0.01671663299202919,1752.110595703125,0,123,0,0,0.0004328021896071732,0.018264563754200935,0.0614342987537384
16,"PMD=124 PMS=0, AMD=0",51.010890625,51.41229296875,True,-0.0006810848135501146,0.00018658804765436798,-0.0002132977533619851,-0.015210212208330631,0.016138773411512375,1752.108642578125,0,124,0,0,0.00043176516192033887,0.01821296475827694,0.06143438443541527
16,"PMD=125 PMS=0, AMD=0",51.41229296875,51.8136953125,True,-0.0006744585698470473,0.00019166180572938174,-0.00019673112547025084,-0.01578807830810547,0.016180051490664482,1752.1083984375,0,125,0,0,0.0004379781021270901,0.017335856333374977,0.0614340715110302
16,"PMD=126 PMS=0, AMD=0",51.8136953125,52.21509765625,True,-0.0006835697568021715,0.00015832000644877553,-0.00020294361456763,-0.0155610591173172,0.017088109627366066,1752.109619140625,0,126,0,0,0.00043098878813907504,0.019451241940259933,0.061434004455804825
16,"PMD=127 PMS=0, AMD=0",52.21509765625,52.6165,True,-0.0006738373194821179,0.00018337809888180345,-0.00024021844728849828,-0.015395954251289368,0.01597367413341999,1752.10888671875,0,127,0,0,0.0004089869908057153,0.0179549902677536,0.06143420562148094
16,"PMD=0 PMS=1, AMD=0",52.6165,53.01790234375,True,-0.0014333430444821715,0.0008465123828500509,-0.000220545640331693,-0.0467042401432991,0.046145763248205185,1752.109130859375,0,0,0,1,0.0013185993302613497,0.061397865414619446,0.061434295028448105
16,"PMD=1 PMS=1, AMD=0",53.01790234375,53.4193046875,True,-0.0013066253159195185,0.0008405062835663557,-0.0001977665233425796,-0.049511075019836426,0.04688871279358864,1752.10791015625,0,1,0,1,0.0013139373622834682,0.06230074167251587,0.061434242874383926
16,"PMD=2 PMS=1, AMD=0",53.4193046875,53.82070703125,True,-0.0012766020372509956,0.000919414684176445,-0.0002319351478945464,-0.04752977564930916,0.04746656119823456,1752.1094970703125,0,2,0,1,0.0012880521826446056,0.05716703087091446,0.06143452599644661
16,"PMD=3 PMS=1, AMD=0",53.82070703125,54.222109375,True,-0.0013378908624872565,0.000969742308370769,-0.00021743940305896103,-0.04546592757105827,0.048787347972393036,1752.1087646484375,0,3,0,1,0.0012962110340595245,0.057683005928993225,0.061434026807546616
16,"PMD=4 PMS=1, AMD=0",54.222109375,54.62351171875,True,-0.0013057970209047198,0.0008546931203454733,-0.00029923662077635527,-0.047261472791433334,0.04841586574912071,1752.1092529296875,0,4,0,1,0.0013315367978066206,0.05840526893734932,0.06143410503864288
16,"PMD=5 PMS=1, AMD=0",54.62351171875,55.0249140625,True,-0.001297307899221778,0.0008565569878555834,-0.00023918304941616952,-0.04567231610417366,0.04841586574912071,1752.1094970703125,0,5,0,1,0.0012792516499757767,0.059024445712566376,0.06143350899219513
16,"PMD=6 PMS=1, AMD=0",55.0249140625,55.42631640625,True,-0.0014256821013987064,0.0008839989313855767,-0.00022779351274948567,-0.04717892408370972,0.047838032245635986,1752.1077880859375,0,6,0,1,0.0013118688948452473,0.05954040586948395,0.06143389269709587
16,"PMD=7 PMS=1, AMD=0",55.42631640625,55.82771875,True,-0.0013629444874823093,0.0009380545234307647,-0.00022365187760442495,-0.04940788075327873,0.046641066670417786,1752.1085205078125,0,7,0,1,0.0014029815793037415,0.059127628803253174,0.06143433228135109
16,"PMD=8 PMS=1, AMD=0",55.82771875,56.22912109375,True,-0.0013457590248435736,0.0009470639051869512,-0.00029923662077635527,-0.048087019473314285,0.048787347972393036,1752.1087646484375,0,8,0,1,0.0014525495935231447,0.06165579706430435,0.06143413484096527
16,"PMD=9 PMS=1, AMD=0",56.22912109375,56.6305234375,True,-0.0012844703160226345,0.0009007748449221253,-0.000294059602310881,-0.04913957789540291,0.04866352304816246,1752.108154296875,0,9,0,1,0.0014164394233375788,0.05830209702253342,0.06143389642238617
16,"PMD=10 PMS=1, AMD=0",56.6305234375,57.03192578125,True,-0.0013078677002340555,0.0008507581078447402,-0.00019258944666944444,-0.047715526074171066,0.047672927379608154,1752.1092529296875,0,10,0,1,0.0012751052854582667,0.05665109306573868,0.061433833092451096
16,"PMD=11 PMS=1, AMD=0",57.03192578125,57.433328125,True,-0.0014405898982658982,0.0009470637887716293,-0.0001377122534904629,-0.047055091708898544,0.04713636264204979,1752.10888671875,0,11,0,1,0.0013779960572719574,0.060443274676799774,0.06143387779593468
16,"PMD=12 PMS=1, AMD=0",57.433328125,57.83473046875,True,-0.0014931814512237906,0.0009200359345413744,-0.00028888261294923723,-0.04965554177761078,0.04631086811423302,1752.108642578125,0,12,0,1,0.0013569074217230082,0.05923083424568176,0.061434194445610046
16,"PMD=13 PMS=1, AMD=0",57.83473046875,58.2361328125,True,-0.0013256745878607035,0.0009522415930405259,-0.0002288289397256449,-0.049201495945453644,0.04478370025753975,1752.108642578125,0,13,0,1,0.0013693321961909533,0.06165578216314316,0.061434581875801086
16,"PMD=14 PMS=1, AMD=0",58.2361328125,58.63753515625,True,-0.0013436884619295597,0.000919000303838402,-0.00030544903711415827,-0.04889191687107086,0.047920577228069305,1752.109375,0,14,0,1,0.0012476693373173475,0.057579830288887024,0.061434246599674225
16,"PMD=15 PMS=1, AMD=0",58.63753515625,59.0389375,True,-0.001333956723101437,0.0008926974842324853,-0.00030648443498648703,-0.046518489718437195,0.04849840700626373,1752.109619140625,0,15,0,1,0.0013341268058866262,0.05933404713869095,0.0614338181912899
16,"PMD=16 PMS=1, AMD=0",59.0389375,59.44033984375,True,-0.0013617022195830941,0.0009228319977410138,-0.00020501443941611797,-0.04796318709850311,0.047012537717819214,1752.107421875,0,16,0,1,0.0012914107646793127,0.06129460409283638,0.06143386662006378
16,"PMD=17 PMS=1, AMD=0",59.44033984375,59.8417421875,True,-0.0015000139828771353,0.0008433022303506732,-0.00018119988089893013,-0.04975873604416847,0.046145763248205185,1752.1090087890625,0,17,0,1,0.001304615056142211,0.058302078396081924,0.061434175819158554
16,"PMD=18 PMS=1, AMD=0",59.8417421875,60.24314453125,True,-0.001332921558059752,0.0008555212989449501,-0.00021847481548320502,-0.04693125933408737,0.044040754437446594,1752.1082763671875,0,18,0,1,0.0012330474564805627,0.055309537798166275,0.06143414229154587
16,"PMD=19 PMS=1, AMD=0",60.24314453125,60.644546875,True,-0.0012975148856639862,0.0009150652913376689,-0.00021640399063471705,-0.04643593728542328,0.04527899622917175,1752.1082763671875,0,19,0,1,0.0013035793090239167,0.05592881143093109,0.061433956027030945
16,"PMD=20 PMS=1, AMD=0",60.644546875,61.04594921875,True,-0.0013434813590720296,0.0009376402013003826,-0.00035618359106592834,-0.04781871289014816,0.050809796899557114,1752.108642578125,0,20,0,1,0.0013579484075307846,0.05747663602232933,0.06143419072031975
16,"PMD=21 PMS=1, AMD=0",61.04594921875,61.4473515625,True,-0.001394624006934464,0.0008908334420993924,-0.00027231613057665527,-0.04354655370116234,0.04569174721837044,1752.1082763671875,0,21,0,1,0.0012841710122302175,0.06023687124252319,0.06143365427851677
16,"PMD=22 PMS=1, AMD=0",61.4473515625,61.84875390625,True,-0.00137909478507936,0.0008334644953720272,-0.00017084571300074458,-0.04695189744234085,0.0467236153781414,1752.110107421875,0,22,0,1,0.001247667707502842,0.05912761762738228,0.061433836817741394
16,"PMD=23 PMS=1, AMD=0",61.84875390625,62.25015625,True,-0.0014168822672218084,0.0008353804005309939,-0.00019362487364560366,-0.047209881246089935,0.04560919478535652,1752.1087646484375,0,23,0,1,0.0013394273119047284,0.05835370719432831,0.061434056609869
16,"PMD=24 PMS=1, AMD=0",62.25015625,62.65155859375,True,-0.0013809582451358438,0.0009608367690816522,-0.00025057257153093815,-0.045981891453266144,0.044494763016700745,1752.108642578125,0,24,0,1,0.0013890016125515103,0.059643566608428955,0.0614345408976078
16,"PMD=25 PMS=1, AMD=0",62.65155859375,63.052960937499996,True,-0.0013563188258558512,0.0009831011993810534,-0.00021019151608925313,-0.047756798565387726,0.04511389508843422,1752.1102294921875,0,25,0,1,0.001430424046702683,0.056857526302337646,0.06143456697463989
16,"PMD=26 PMS=1, AMD=0",63.052960937499996,63.454363281250004,True,-0.0012766020372509956,0.0009205537498928607,-0.00026196203543804586,-0.045424655079841614,0.04705379903316498,1752.1090087890625,0,26,0,1,0.0014220073353499174,0.06384855508804321,0.0614340677857399
16,"PMD=27 PMS=1, AMD=0",63.454363281250004,63.85576562500001,True,-0.0013182205148041248,0.0008407132118009031,-0.000163597782375291,-0.04428953677415848,0.046145763248205185,1752.110107421875,0,27,0,1,0.0013165241107344627,0.060881808400154114,0.06143390014767647
16,"PMD=28 PMS=1, AMD=0",63.85576562500001,64.25716796875,True,-0.001396694453433156,0.0008584211464039981,-0.00011907462612725794,-0.04555880278348923,0.04560919478535652,1752.10986328125,0,28,0,1,0.0013924932572990656,0.06193957477807999,0.06143387407064438
16,"PMD=29 PMS=1, AMD=0",64.25716796875,64.65857031249999,True,-0.0014221621677279472,0.0009146512020379305,-0.0002909533795900643,-0.0478806309401989,0.04544409364461899,1752.10888671875,0,29,0,1,0.0013874496798962355,0.06170736998319626,0.06143401563167572
16,"PMD=30 PMS=1, AMD=0",64.65857031249999,65.05997265625,True,-0.001425268012098968,0.000903881445992738,-0.000219510227907449,-0.04532146081328392,0.041894469410181046,1752.108154296875,0,30,0,1,0.001232657814398408,0.058921247720718384,0.06143437698483467
16,"PMD=31 PMS=1, AMD=0",65.05997265625,65.461375,True,-0.001287162071093917,0.0008594566606916487,-0.000273351528448984,-0.048850640654563904,0.04474242404103279,1752.1097412109375,0,31,0,1,0.0013053924776613712,0.05776038393378258,0.061434682458639145
16,"PMD=32 PMS=1, AMD=0",65.461375,65.86277734375,True,-0.0015186486998572946,0.0016529244603589177,0.0001439271873096004,-1.9174572229385376,0.9750733375549316,1752.1077880859375,0,32,0,1,0.0015852825017645955,2.8251824378967285,0.06143121421337128
16,"PMD=33 PMS=1, AMD=0",65.86277734375,66.26417968749999,True,-0.0023739365860819817,0.0012832622742280364,-0.0001848238316597417,-1.9190480709075928,0.9921931028366089,1752.109375,0,33,0,1,0.001934919273480773,2.8317465782165527,0.061432503163814545
16,"PMD=34 PMS=1, AMD=0",66.26417968749999,66.66558203125,True,-0.001578693394549191,0.0018970273667946458,7.869370165280998e-05,-1.927643060684204,0.9706180095672607,1752.109130859375,0,34,0,1,0.0018690071301534772,2.8351969718933105,0.06142605096101761
16,"PMD=35 PMS=1, AMD=0",66.66558203125,67.066984375,True,-0.0014364488888531923,0.0014226021012291312,0.00013564353866968304,-1.916837453842163,0.977837324142456,1752.1085205078125,0,35,0,1,0.0016308382619172335,2.833317995071411,0.0614263080060482
16,"PMD=36 PMS=1, AMD=0",67.066984375,67.46838671875,True,-0.00206669676117599,0.0015805335715413094,-0.00028577636112459004,-1.9333041906356812,0.9900891780853271,1752.1107177734375,0,36,0,1,0.0019191177561879158,2.8317644596099854,0.06143169477581978
16,"PMD=37 PMS=1, AMD=0",67.46838671875,67.86978906249999,True,-0.0014977364335209131,0.0014624731848016381,1.242527287104167e-05,-1.9205564260482788,0.9754033088684082,1752.1082763671875,0,37,0,1,0.0018202911596745253,2.8229916095733643,0.06143137812614441
16,"PMD=38 PMS=1, AMD=0",67.86978906249999,68.27119140625,True,-0.0016275572124868631,0.0016061140922829509,0.00010406222281744704,-1.9129016399383545,0.9919868111610413,1752.10791015625,0,38,0,1,0.0016857157461345196,2.8234493732452393,0.06143028289079666
16,"PMD=39 PMS=1, AMD=0",68.27119140625,68.67259375,True,-0.0016151340678334236,0.00190210179425776,4.141756107856054e-06,-1.9262795448303223,0.980972409248352,1752.1104736328125,0,39,0,1,0.0021066293120384216,2.8314757347106934,0.06142692640423775
16,"PMD=40 PMS=1, AMD=0",68.67259375,69.07399609375,True,-0.0015000138664618134,0.001606113975867629,3.365182419656776e-05,-1.9237587451934814,0.974578320980072,1752.10888671875,0,40,0,1,0.00187517364975065,2.833420753479004,0.06142603978514671
16,"PMD=41 PMS=1, AMD=0",69.07399609375,69.47539843749999,True,-0.001977462787181139,0.0015425264136865735,-0.00024436009698547423,-1.9337793588638306,0.9884803295135498,1752.109130859375,0,41,0,1,0.001776489894837141,2.8356077671051025,0.061431072652339935
16,"PMD=42 PMS=1, AMD=0",69.47539843749999,69.87680078125,True,-0.0015646141255274415,0.0021541868336498737,0.00024177832528948784,-1.9279942512512207,0.9753621220588684,1752.1097412109375,0,42,0,1,0.0021729026921093464,2.822993516921997,0.0614287331700325
16,"PMD=43 PMS=1, AMD=0",69.87680078125,70.278203125,True,-0.0014412110904231668,0.001595757668837905,0.00013590240268968046,-1.9137279987335205,0.9742482900619507,1752.109619140625,0,43,0,1,0.0015464483294636011,2.8229897022247314,0.06142951920628548
16,"PMD=44 PMS=1, AMD=0",70.278203125,70.67960546875,True,-0.001967524876818061,0.0017808263655751944,-0.0002412538742646575,-1.9266512393951416,0.9814262390136719,1752.110107421875,0,44,0,1,0.001961071975529194,2.8215513229370117,0.06142912432551384
16,"PMD=45 PMS=1, AMD=0",70.67960546875,71.08100781249999,True,-0.001663997769355774,0.0017730587860569358,0.00011027493019355461,-1.9212381839752197,0.9737944602966309,1752.109130859375,0,45,0,1,0.0018675546161830425,2.8340303897857666,0.0614260770380497
16,"PMD=46 PMS=1, AMD=0",71.08100781249999,71.48241015625,True,-0.0019221827387809753,0.0014920912217348814,-0.00012942886678501964,-1.9210522174835205,0.9888516664505005,1752.108154296875,0,46,0,1,0.0018011119682341814,2.8347647190093994,0.061428770422935486
16,"PMD=47 PMS=1, AMD=0",71.48241015625,71.8838125,True,-0.001764001208357513,0.002130986889824271,8.387094567297027e-05,-1.9265893697738647,0.9893054366111755,1752.1082763671875,0,47,0,1,0.0020496761426329613,2.8248744010925293,0.061427854001522064
16,"PMD=48 PMS=1, AMD=0",71.8838125,72.28521484375,True,-0.0013402720214799047,0.0015978290466591716,0.0002078668330796063,-1.9165687561035156,0.9754859209060669,1752.1082763671875,0,48,0,1,0.0016277356771752238,2.828054428100586,0.06142957881093025
16,"PMD=49 PMS=1, AMD=0",72.28521484375,72.68661718749999,True,-0.002262966940179467,0.0013430677354335785,-0.0003075198328588158,-1.9208455085754395,0.983860194683075,1752.1075439453125,0,49,0,1,0.0017042348627001047,2.822300434112549,0.06143217533826828
16,"PMD=50 PMS=1, AMD=0",72.68661718749999,73.08801953125,True,-0.0015770370373502374,0.001633143867366016,0.0001863809593487531,-1.9250810146331787,0.9694629311561584,1752.1068115234375,0,50,0,1,0.0017781255301088095,2.818967342376709,0.06142664700746536
16,"PMD=51 PMS=1, AMD=0",73.08801953125,73.489421875,True,-0.0013815794372931123,0.0016836830182000995,0.00017499091336503625,-1.914915919303894,0.9890991449356079,1752.1085205078125,0,51,0,1,0.0014807030092924833,2.8244612216949463,0.06142716109752655
16,"PMD=52 PMS=1, AMD=0",73.489421875,73.89082421875,True,-0.0016859447350725532,0.0023213496897369623,0.00020864341058768332,-1.9250811338424683,0.9945032000541687,1752.108154296875,0,52,0,1,0.0021796547807753086,2.8141191005706787,0.06142735108733177
16,"PMD=53 PMS=1, AMD=0",73.89082421875,74.29222656249999,True,-0.0012942019384354353,0.0016633328050374985,9.422544098924845e-05,-1.9229736328125,0.9749702215194702,1752.1087646484375,0,53,0,1,0.001608838327229023,2.8301820755004883,0.06143081933259964
16,"PMD=54 PMS=1, AMD=0",74.29222656249999,74.69362890625,True,-0.0023468153085559607,0.0013394429115578532,-0.0003302986442577094,-1.923593521118164,0.988150417804718,1752.1109619140625,0,54,0,1,0.0017979559488594532,2.842815399169922,0.061432577669620514
16,"PMD=55 PMS=1, AMD=0",74.69362890625,75.09503125,True,-0.001774353557266295,0.0017763731302693486,0.00025938128237612545,-1.930308222770691,0.9659152626991272,1752.1072998046875,0,55,0,1,0.0020388197153806686,2.8268203735351562,0.061424266546964645
16,"PMD=56 PMS=1, AMD=0",75.09503125,75.49643359375,True,-0.0014194704126566648,0.0013971261214464903,0.0001439271873096004,-1.9100812673568726,0.978497326374054,1752.1094970703125,0,56,0,1,0.001465685316361487,2.8238401412963867,0.06142677739262581
16,"PMD=57 PMS=1, AMD=0",75.49643359375,75.89783593749999,True,-0.0021424726583063602,0.0018222522921860218,-9.008269262267277e-05,-1.931341290473938,0.9965245723724365,1752.1083984375,0,57,0,1,0.0021815977524966,2.829091787338257,0.06143023446202278
16,"PMD=58 PMS=1, AMD=0",75.89783593749999,76.29923828125,True,-0.001632733503356576,0.0017570584313943982,3.2875243050511926e-05,-1.922405481338501,0.978270411491394,1752.109375,0,58,0,1,0.0016519555356353521,2.821465492248535,0.06143038719892502
16,"PMD=59 PMS=1, AMD=0",76.29923828125,76.700640625,True,-0.0018300486262887716,0.0015046227490529418,-0.00017084571300074458,-1.9176431894302368,0.9911205172538757,1752.108642578125,0,59,0,1,0.0016608145087957382,2.833524703979492,0.061431869864463806
16,"PMD=60 PMS=1, AMD=0",76.700640625,77.10204296875,True,-0.0018385371658951044,0.0020831378642469645,0.00019932424766011536,-1.9300810098648071,0.9811787605285645,1752.109375,0,60,0,1,0.00210923096165061,2.8317372798919678,0.06142495945096016
16,"PMD=61 PMS=1, AMD=0",77.10204296875,77.50344531249999,True,-0.0015646140091121197,0.0015327915316447616,0.00014444490079768002,-1.909626841545105,0.9729282259941101,1752.1097412109375,0,61,0,1,0.001557838055305183,2.8210391998291016,0.061426833271980286
16,"PMD=62 PMS=1, AMD=0",77.50344531249999,77.90484765625,True,-0.0021116239950060844,0.0015774270286783576,-0.00017188112542498857,-1.9255975484848022,0.9926880598068237,1752.10986328125,0,62,0,1,0.0020350751001387835,2.822192668914795,0.06143082678318024
16,"PMD=63 PMS=1, AMD=0",77.90484765625,78.30625,True,-0.0016203103587031364,0.0016040427144616842,-2.5368210117449053e-05,-1.9272092580795288,0.9784767627716064,1752.108642578125,0,63,0,1,0.001968908589333296,2.8199775218963623,0.061430323868989944
16,"PMD=64 PMS=1, AMD=0",78.30625,78.70765234375001,True,-0.0018573784036561847,0.0015058653661981225,8.335321763297543e-05,-3.815591812133789,2.8540167808532715,1752.1087646484375,0,64,0,1,0.0017887172289192677,6.5980024337768555,0.06143071874976158
16,"PMD=65 PMS=1, AMD=0",78.70765234375001,79.10905468749999,True,-0.0018308768048882484,0.0017674666596576571,0.00012062944733770564,-3.81559157371521,2.8543052673339844,1752.110107421875,0,65,0,1,0.002320549450814724,6.594751834869385,0.06142912432551384
16,"PMD=66 PMS=1, AMD=0",79.10905468749999,79.51045703125,True,-0.0017954721115529537,0.0016658698441460729,7.299873686861247e-05,-3.810007095336914,2.8567774295806885,1752.1107177734375,0,66,0,1,0.0020589586347341537,6.605029106140137,0.06142665818333626
16,"PMD=67 PMS=1, AMD=0",79.51045703125,79.911859375,True,-0.0018271500011906028,0.0016699086409062147,-0.00010354325058870018,-3.808911085128784,2.858137369155884,1752.11083984375,0,67,0,1,0.0017493757186457515,6.599014759063721,0.06142672151327133
16,"PMD=68 PMS=1, AMD=0",79.911859375,80.31326171875,True,-0.0018006482860073447,0.0018267059931531549,6.471516098827124e-05,-3.8168740272521973,2.8475470542907715,1752.108642578125,0,68,0,1,0.002133543835952878,6.607499122619629,0.06142750754952431
16,"PMD=69 PMS=1, AMD=0",80.31326171875,80.71466406249999,True,-0.0016633765771985054,0.0015763912815600634,3.00277752103284e-05,-3.812095880508423,2.8574368953704834,1752.1092529296875,0,69,0,1,0.0017100184923037887,6.595602035522461,0.06143113970756531
16,"PMD=70 PMS=1, AMD=0",80.71466406249999,81.11606640625,True,-0.0018683517118915915,0.001700874650850892,0.00012270035222172737,-3.8168532848358154,2.8509671688079834,1752.107666015625,0,70,0,1,0.0021265181712806225,6.5925493240356445,0.06142830103635788
16,"PMD=71 PMS=1, AMD=0",81.11606640625,81.51746875,True,-0.0018642108188942075,0.001669080462306738,4.659486876334995e-05,-3.811206817626953,2.854511022567749,1752.1112060546875,0,71,0,1,0.0021371422335505486,6.598099708557129,0.061426881700754166
16,"PMD=72 PMS=1, AMD=0",81.51746875,81.91887109375,True,-0.0018840869888663292,0.0015820872504264116,7.765825284877792e-05,-3.8165018558502197,2.8567779064178467,1752.1109619140625,0,72,0,1,0.0018125385977327824,6.5952887535095215,0.06142668053507805
16,"PMD=73 PMS=1, AMD=0",81.91887109375,82.32027343749999,True,-0.0019300503190606833,0.0019053126452490687,0.00010457995085744187,-3.8158605098724365,2.855088233947754,1752.1090087890625,0,73,0,1,0.002213014056906104,6.593723773956299,0.061426449567079544
16,"PMD=74 PMS=1, AMD=0",82.32027343749999,82.72167578125,True,-0.001626314828172326,0.0018092029495164752,6.00556522840634e-05,-3.8039262294769287,2.860321283340454,1752.109375,0,74,0,1,0.0018632970750331879,6.602416038513184,0.06143021583557129
16,"PMD=75 PMS=1, AMD=0",82.72167578125,83.123078125,True,-0.0019167996942996979,0.0016673199133947492,0.00012218262418173254,-3.8169360160827637,2.851750373840332,1752.1070556640625,0,75,0,1,0.002028845716267824,6.598653793334961,0.06142859905958176
16,"PMD=76 PMS=1, AMD=0",83.123078125,83.52448046875,True,-0.0018946462078019977,0.0017948077293112874,-6.212609878275543e-05,-3.811020612716675,2.858137369155884,1752.1112060546875,0,76,0,1,0.0020325714722275734,6.602736473083496,0.061427682638168335
16,"PMD=77 PMS=1, AMD=0",83.52448046875,83.92588281249999,True,-0.0018277711933478713,0.001682440284639597,0.00011027493019355461,-3.8106069564819336,2.8540167808532715,1752.1094970703125,0,77,0,1,0.002021180000156164,6.594390869140625,0.06142691150307655
16,"PMD=78 PMS=1, AMD=0",83.92588281249999,84.32728515625,True,-0.0019149362342432141,0.001825773622840643,6.78215001244098e-05,-3.8087868690490723,2.856901168823242,1752.1090087890625,0,78,0,1,0.0019464986398816109,6.594451904296875,0.06142771244049072
16,"PMD=79 PMS=1, AMD=0",84.32728515625,84.7286875,True,-0.0019095531897619367,0.0018977522850036621,0.00012218262418173254,-3.806739091873169,2.8484947681427,1752.1092529296875,0,79,0,1,0.0020988420583307743,6.6039910316467285,0.061428703367710114
16,"PMD=80 PMS=1, AMD=0",84.7286875,85.13008984375,True,-0.00189878698438406,0.0015077294083312154,-1.8637876564753242e-05,-3.823803186416626,2.854428768157959,1752.107421875,0,80,0,1,0.0019349667709320784,6.600706100463867,0.06143112853169441
16,"PMD=81 PMS=1, AMD=0",85.13008984375,85.53149218749999,True,-0.0019401953322812915,0.0018329196609556675,8.697729208506644e-05,-3.810255289077759,2.852491855621338,1752.1102294921875,0,81,0,1,0.002064150758087635,6.598324775695801,0.06142736226320267
16,"PMD=82 PMS=1, AMD=0",85.53149218749999,85.93289453125,True,-0.001712653785943985,0.0015828124014660716,0.00010665084118954837,-3.811972141265869,2.855252981185913,1752.10693359375,0,82,0,1,0.0019279910484328866,6.600870609283447,0.06142677366733551
16,"PMD=83 PMS=1, AMD=0",85.93289453125,86.334296875,True,-0.0018946460913866758,0.0016936252359300852,4.2970816139131784e-05,-3.8061599731445312,2.859126329421997,1752.108154296875,0,83,0,1,0.0018718059873208404,6.5960283279418945,0.061427660286426544
16,"PMD=84 PMS=1, AMD=0",86.334296875,86.73569921875,True,-0.0018136921571567655,0.0017026349669322371,0.00010768628999358043,-3.808393716812134,2.8487420082092285,1752.109130859375,0,84,0,1,0.0019476666348055005,6.597055435180664,0.06142813712358475
16,"PMD=85 PMS=1, AMD=0",86.73569921875,87.13710156249999,True,-0.0019898852333426476,0.001469308277592063,0.00012580672046169639,-3.8118481636047363,2.854057788848877,1752.109375,0,85,0,1,0.001945561496540904,6.598948955535889,0.061430737376213074
16,"PMD=86 PMS=1, AMD=0",87.13710156249999,87.53850390625,True,-0.00188905606046319,0.0017387792468070984,0.00012891307414975017,-3.8088696002960205,2.8484537601470947,1752.1094970703125,0,86,0,1,0.0021034670062363148,6.594269752502441,0.061428576707839966
16,"PMD=87 PMS=1, AMD=0",87.53850390625,87.93990625,True,-0.0017521997215226293,0.0016546850092709064,7.765794180158991e-06,-3.8134613037109375,2.8549232482910156,1752.109130859375,0,87,0,1,0.0021159094758331776,6.599325180053711,0.06142642721533775
16,"PMD=88 PMS=1, AMD=0",87.93990625,88.34130859375,True,-0.0017803579103201628,0.0016553065506741405,8.387094567297027e-05,-3.8093454837799072,2.858219861984253,1752.10888671875,0,88,0,1,0.001890177489258349,6.598825931549072,0.06142731383442879
16,"PMD=89 PMS=1, AMD=0",88.34130859375,88.7427109375,True,-0.0018449557246640325,0.002058385405689478,0.00021071435185149312,-3.809593677520752,2.8499372005462646,1752.1080322265625,0,89,0,1,0.00196786317974329,6.596121788024902,0.0614282451570034
16,"PMD=90 PMS=1, AMD=0",88.7427109375,89.14411328125,True,-0.0018325330456718802,0.0014776967000216246,0.0001050976716214791,-3.8066771030426025,2.8560357093811035,1752.1087646484375,0,90,0,1,0.0018252177396789193,6.600102424621582,0.06143052875995636
16,"PMD=91 PMS=1, AMD=0",89.14411328125,89.54551562500001,True,-0.0018528231885284185,0.0018562222830951214,0.00013201945694163442,-3.809345245361328,2.8516266345977783,1752.1087646484375,0,91,0,1,0.0019393844995647669,6.593341827392578,0.061428677290678024
16,"PMD=92 PMS=1, AMD=0",89.54551562500001,89.94691796875,True,-0.0018559290328994393,0.00162775837816298,2.7956888516200706e-05,-3.8139781951904297,2.855912208557129,1752.109130859375,0,92,0,1,0.0020304969511926174,6.60132360458374,0.06142754852771759
16,"PMD=93 PMS=1, AMD=0",89.94691796875,90.3483203125,True,-0.0017710408428683877,0.0015196389285847545,8.594183600507677e-05,-3.8131096363067627,2.8586318492889404,1752.1104736328125,0,93,0,1,0.0017999602714553475,6.593225955963135,0.061427079141139984
16,"PMD=94 PMS=1, AMD=0",90.3483203125,90.74972265625,True,-0.0017308739479631186,0.0019188798032701015,0.00013305489846970886,-3.818425416946411,2.8537282943725586,1752.109619140625,0,94,0,1,0.002033609664067626,6.594912052154541,0.06142783910036087
16,"PMD=95 PMS=1, AMD=0",90.74972265625,91.15112500000001,True,-0.0018577921437099576,0.0014866030542179942,0.00018275686306878924,-3.8071322441101074,2.856448173522949,1752.1070556640625,0,95,0,1,0.0018055499531328678,6.602701187133789,0.061430349946022034
16,"PMD=96 PMS=1, AMD=0",91.15112500000001,91.55252734375,True,-0.002236673841252923,0.0021142088808119297,7.92114224168472e-05,-4.745045185089111,3.8439993858337402,1752.1092529296875,0,96,0,1,0.00250938325189054,8.470510482788086,0.06142745912075043
16,"PMD=97 PMS=1, AMD=0",91.55252734375,91.9539296875,True,-0.0022513731382787228,0.0022441891487687826,6.160882185213268e-05,-4.763050079345703,3.844740629196167,1752.1083984375,0,97,0,1,0.0026972906198352575,8.48869514465332,0.061425626277923584
16,"PMD=98 PMS=1, AMD=0",91.9539296875,92.35533203125,True,-0.0022884320933371782,0.0021383403800427914,-2.7956801204709336e-05,-4.751047134399414,3.840210437774658,1752.108642578125,0,98,0,1,0.0023514723870903254,8.474059104919434,0.06142503768205643
16,"PMD=99 PMS=1, AMD=0",92.35533203125,92.75673437500001,True,-0.0023364636581391096,0.0022234751377254725,1.5531595636275597e-05,-4.74800443649292,3.8521950244903564,1752.108642578125,0,99,0,1,0.0023748083040118217,8.494559288024902,0.06142494082450867
16,"PMD=100 PMS=1, AMD=0",92.75673437500001,93.15813671875,True,-0.0022207319270819426,0.0021641291677951813,5.073664942756295e-05,-4.752370834350586,3.842763662338257,1752.108154296875,0,100,0,1,0.0023134122602641582,8.480683326721191,0.06142721325159073
16,"PMD=101 PMS=1, AMD=0",93.15813671875,93.5595390625,True,-0.0020689740777015686,0.002008672570809722,0.00011027493019355461,-4.7451276779174805,3.8419814109802246,1752.109375,0,101,0,1,0.0024498580023646355,8.484794616699219,0.061427533626556396
16,"PMD=102 PMS=1, AMD=0",93.5595390625,93.96094140625,True,-0.0023319090250879526,0.0022274109069257975,6.212634616531432e-06,-4.75272274017334,3.838974714279175,1752.108642578125,0,102,0,1,0.002620177809149027,8.47542667388916,0.061426375061273575
16,"PMD=103 PMS=1, AMD=0",93.96094140625,94.36234375000001,True,-0.00228656898252666,0.00218142569065094,2.2261963749770075e-05,-4.754068374633789,3.8346505165100098,1752.10888671875,0,103,0,1,0.0024327400606125593,8.474617958068848,0.061424579471349716
16,"PMD=104 PMS=1, AMD=0",94.36234375000001,94.76374609375,True,-0.0022412282414734364,0.002314617158845067,-6.212609878275543e-05,-4.747756481170654,3.84725284576416,1752.107666015625,0,104,0,1,0.002473666798323393,8.493456840515137,0.061425015330314636
16,"PMD=105 PMS=1, AMD=0",94.76374609375,95.1651484375,True,-0.0021443357691168785,0.0022446035873144865,-1.760244049364701e-05,-4.754461765289307,3.8419814109802246,1752.10986328125,0,105,0,1,0.0025605016853660345,8.466131210327148,0.06142605096101761
16,"PMD=106 PMS=1, AMD=0",95.1651484375,95.56655078125,True,-0.0020706304349005222,0.0020167510956525803,1.4496154108201154e-05,-4.752143383026123,3.8453996181488037,1752.10791015625,0,106,0,1,0.0024394909851253033,8.483773231506348,0.06142757833003998
16,"PMD=107 PMS=1, AMD=0",95.56655078125,95.96795312500001,True,-0.0020513758063316345,0.0018812851049005985,1.5531583130723448e-06,-4.7505292892456055,3.835515260696411,1752.1082763671875,0,107,0,1,0.002304376568645239,8.479161262512207,0.061426952481269836
16,"PMD=108 PMS=1, AMD=0",95.96795312500001,96.36935546875,True,-0.0021681450307369232,0.0021210445556789637,8.594183600507677e-05,-4.7505292892456055,3.829584836959839,1752.1097412109375,0,108,0,1,0.0024356129579246044,8.491531372070312,0.06142420321702957
16,"PMD=109 PMS=1, AMD=0",96.36935546875,96.7707578125,True,-0.0022105872631073,0.002322903135791421,0.00012425353634171188,-4.751336097717285,3.8502182960510254,1752.1094970703125,0,109,0,1,0.0027672206051647663,8.467229843139648,0.061424702405929565
16,"PMD=110 PMS=1, AMD=0",96.7707578125,97.17216015625,True,-0.002208827529102564,0.0022132734302431345,-3.158082108711824e-05,-4.750601768493652,3.8444933891296387,1752.1103515625,0,110,0,1,0.0024849390611052513,8.489275932312012,0.06142594665288925
16,"PMD=111 PMS=1, AMD=0",97.17216015625,97.57356250000001,True,-0.0022565489634871483,0.002288517542183399,-2.2779620849178173e-05,-4.755971908569336,3.8416929244995117,1752.109375,0,111,0,1,0.002688521984964609,8.480734825134277,0.06142648309469223
16,"PMD=112 PMS=1, AMD=0",97.57356250000001,97.97496484375,True,-0.002318244893103838,0.001996865961700678,-4.5559179852716625e-05,-4.749350070953369,3.8425166606903076,1752.1099853515625,0,112,0,1,0.0024291365407407284,8.488088607788086,0.06142755597829819
16,"PMD=113 PMS=1, AMD=0",97.97496484375,98.3763671875,True,-0.002097752410918474,0.0020376713946461678,0.00012787763262167573,-4.760793685913086,3.8295023441314697,1752.108642578125,0,113,0,1,0.0023642885498702526,8.473881721496582,0.061425186693668365
16,"PMD=114 PMS=1, AMD=0",98.3763671875,98.77776953125,True,-0.002351784147322178,0.0023161706048995256,4.659475962398574e-06,-4.7501983642578125,3.8391807079315186,1752.1102294921875,0,114,0,1,0.0026937134098261595,8.491284370422363,0.06142377853393555
16,"PMD=115 PMS=1, AMD=0",98.77776953125,99.17917187500001,True,-0.002285430207848549,0.002122132107615471,0.0001806859509088099,-4.752464294433594,3.8425374031066895,1752.1094970703125,0,115,0,1,0.0025167781859636307,8.463174819946289,0.061425935477018356
16,"PMD=116 PMS=1, AMD=0",99.17917187500001,99.58057421875,True,-0.002129636239260435,0.0022964924573898315,6.212654989212751e-05,-4.754026889801025,3.8473763465881348,1752.1085205078125,0,116,0,1,0.002403304912149906,8.482633590698242,0.06142577901482582
16,"PMD=117 PMS=1, AMD=0",99.58057421875,99.9819765625,True,-0.00246068206615746,0.002125187311321497,-7.144497067201883e-05,-4.749598026275635,3.848158836364746,1752.109130859375,0,117,0,1,0.0023809836711734533,8.471362113952637,0.06142723932862282
16,"PMD=118 PMS=1, AMD=0",99.9819765625,100.38337890625,True,-0.002381389494985342,0.0022350745275616646,1.087211330741411e-05,-4.760007381439209,3.846923351287842,1752.1087646484375,0,118,0,1,0.0022496229503303766,8.483306884765625,0.06142565608024597
16,"PMD=119 PMS=1, AMD=0",100.38337890625,100.78478125000001,True,-0.002087400760501623,0.002027832670137286,7.972915045684204e-05,-4.750674247741699,3.836339235305786,1752.110107421875,0,119,0,1,0.0023944242857396603,8.474185943603516,0.06142483651638031
16,"PMD=120 PMS=1, AMD=0",100.78478125000001,101.18618359375,True,-0.0021089324727654457,0.0020915791392326355,0.00010199131793342531,-4.7529296875,3.8387279510498047,1752.1107177734375,0,120,0,1,0.0022798976860940456,8.481170654296875,0.06142512708902359
16,"PMD=121 PMS=1, AMD=0",101.18618359375,101.5875859375,True,-0.0021818093955516815,0.0023888784926384687,5.073664942756295e-05,-4.7512125968933105,3.8383569717407227,1752.1077880859375,0,121,0,1,0.0023810062557458878,8.482614517211914,0.0614270456135273
16,"PMD=122 PMS=1, AMD=0",101.5875859375,101.98898828125,True,-0.002391741145402193,0.002150458050891757,2.5886009098030627e-05,-4.748874187469482,3.8376569747924805,1752.1094970703125,0,122,0,1,0.002367040142416954,8.473311424255371,0.06142711266875267
16,"PMD=123 PMS=1, AMD=0",101.98898828125,102.39039062500001,True,-0.002471654675900936,0.0020885239355266094,-1.6567002603551373e-05,-4.750860691070557,3.8469231128692627,1752.1102294921875,0,123,0,1,0.0023626438342034817,8.490614891052246,0.06142670288681984
16,"PMD=124 PMS=1, AMD=0",102.39039062500001,102.79179296875,True,-0.0024499166756868362,0.0024412863422185183,3.313410343253054e-05,-4.749577522277832,3.840416193008423,1752.1082763671875,0,124,0,1,0.0025316057726740837,8.473207473754883,0.061425015330314636
16,"PMD=125 PMS=1, AMD=0",102.79179296875,103.1931953125,True,-0.0023501277901232243,0.002246933989226818,0.0001962178503163159,-4.748946189880371,3.8349180221557617,1752.1107177734375,0,125,0,1,0.002633260563015938,8.496601104736328,0.061424437910318375
16,"PMD=126 PMS=1, AMD=0",103.1931953125,103.59459765625,True,-0.0021145225036889315,0.0021376158110797405,1.1389834071451332e-05,-4.750549793243408,3.8405399322509766,1752.108154296875,0,126,0,1,0.0024172009434551,8.48567008972168,0.061426788568496704
16,"PMD=127 PMS=1, AMD=0",103.59459765625,103.99600000000001,True,-0.0022056186571717262,0.002076302422210574,0.00013305489846970886,-4.747466564178467,3.84202241897583,1752.1090087890625,0,127,0,1,0.0024603265337646008,8.484874725341797,0.06142735108733177
16,"PMD=0 PMS=2, AMD=0",103.99600000000001,104.39740234375,True,-0.0016080945497378707,0.0013638834934681654,-9.422440780326724e-05,-0.05380388721823692,0.05138764902949333,1752.1087646484375,0,0,0,2,0.0017410796135663986,0.06562849879264832,0.06142891198396683
16,"PMD=1 PMS=2, AMD=0",104.39740234375,104.7988046875,True,-0.0015186486998572946,0.001575459260493517,-7.351583190029487e-05,-0.05659009516239166,0.05407046154141426,1752.1083984375,0,1,0,2,0.0017840524669736624,0.06552544236183167,0.06142864003777504
16,"PMD=2 PMS=2, AMD=0",104.7988046875,105.20020703125,True,-0.0015317965298891068,0.0014277285663411021,-0.00013253514771349728,-0.05696158856153488,0.05365775153040886,1752.1083984375,0,2,0,2,0.0016622596886008978,0.062145985662937164,0.061428919434547424
16,"PMD=3 PMS=2, AMD=0",105.20020703125,105.60160937500001,True,-0.0014428675640374422,0.00147148291580379,-0.00013874768046662211,-0.05572327598929405,0.05147017911076546,1752.109619140625,0,3,0,2,0.001555727794766426,0.05892123281955719,0.0614287406206131
16,"PMD=4 PMS=2, AMD=0",105.60160937500001,106.00301171875,True,-0.0015571602853015065,0.0014034436317160726,-3.416941035538912e-05,-0.05161620303988457,0.050768524408340454,1752.1103515625,0,4,0,2,0.00165306287817657,0.055025819689035416,0.06142862141132355
16,"PMD=5 PMS=2, AMD=0",106.00301171875,106.4044140625,True,-0.00160519580822438,0.0013465889496728778,-4.038201586809009e-05,-0.05250365659594536,0.05526745691895485,1752.109130859375,0,5,0,2,0.001712592551484704,0.061604149639606476,0.06142888963222504
16,"PMD=6 PMS=2, AMD=0",106.4044140625,106.80581640625,True,-0.0016642047557979822,0.0014365827664732933,-0.00010561409726506099,-0.049180854111909866,0.05147019401192665,1752.10888671875,0,6,0,2,0.0017788620898500085,0.0637710839509964,0.061428703367710114
16,"PMD=7 PMS=2, AMD=0",106.80581640625,107.20721875000001,True,-0.0015043620951473713,0.001469670794904232,-8.024612907320261e-05,-0.054123785346746445,0.052832260727882385,1752.10888671875,0,7,0,2,0.001566736726090312,0.06588658690452576,0.06142851710319519
16,"PMD=8 PMS=2, AMD=0",107.20721875000001,107.60862109375,True,-0.0015269307186827064,0.001580948126502335,-0.00017291653784923255,-0.0548977330327034,0.05126382037997246,1752.1082763671875,0,8,0,2,0.0014894711785018444,0.05974680557847023,0.06142893433570862
16,"PMD=9 PMS=2, AMD=0",107.60862109375,108.0100234375,True,-0.001607266254723072,0.0014072752092033625,-6.419696001103148e-05,-0.05403091013431549,0.053327541798353195,1752.107666015625,0,9,0,2,0.0015597445890307426,0.05551599711179733,0.061428871005773544
16,"PMD=10 PMS=2, AMD=0",108.0100234375,108.41142578125,True,-0.00166358333081007,0.001330640516243875,-7.144497067201883e-05,-0.05107960104942322,0.05448324978351593,1752.107177734375,0,10,0,2,0.0016266622114926577,0.05943723022937775,0.061428751796483994
16,"PMD=11 PMS=2, AMD=0",108.41142578125,108.81282812500001,True,-0.00168014713563025,0.0013016440207138658,-2.4850491172401235e-05,-0.0531434528529644,0.054111771285533905,1752.10888671875,0,11,0,2,0.0017897412180900574,0.05850852280855179,0.0614289753139019
16,"PMD=12 PMS=2, AMD=0",108.81282812500001,109.21423046875,True,-0.0015581954503431916,0.001488570822402835,-2.692135785764549e-05,-0.05175035446882248,0.05427687615156174,1752.10986328125,0,12,0,2,0.00174638198222965,0.06392600387334824,0.0614287406206131
16,"PMD=13 PMS=2, AMD=0",109.21423046875,109.6156328125,True,-0.0013902757782489061,0.0015997962327674031,-0.00014081851986702532,-0.05159556120634079,0.04870480298995972,1752.1092529296875,0,13,0,2,0.001650465652346611,0.062429703772068024,0.061428502202034
16,"PMD=14 PMS=2, AMD=0",109.6156328125,110.01703515625,True,-0.0014886261196807027,0.0015007909387350082,-6.52323869871907e-05,-0.05712669715285301,0.05341010168194771,1752.108642578125,0,14,0,2,0.0016644569113850594,0.05680592358112335,0.061428751796483994
16,"PMD=15 PMS=2, AMD=0",110.01703515625,110.4184375,True,-0.0016538522904738784,0.0014014758635312319,-3.8311147363856435e-05,-0.05306089669466019,0.05720734968781471,1752.110107421875,0,15,0,2,0.0016308164922520518,0.059540413320064545,0.06142868101596832
16,"PMD=16 PMS=2, AMD=0",110.4184375,110.81983984375,True,-0.0017888466827571392,0.0017419897485524416,2.1226522221695632e-05,-1.9233455657958984,0.9951632022857666,1752.10791015625,0,16,0,2,0.0017980325501412153,2.8293914794921875,0.06142639368772507
16,"PMD=17 PMS=2, AMD=0",110.81983984375,111.2212421875,True,-0.001767314039170742,0.0018994612619280815,0.0003334176726639271,-1.937178134918213,0.9760015606880188,1752.110107421875,0,17,0,2,0.0017453983891755342,2.8326334953308105,0.061426952481269836
16,"PMD=18 PMS=2, AMD=0",111.2212421875,111.62264453125,True,-0.0020836740732192993,0.0014423822285607457,-0.00037689151940867305,-1.916486144065857,0.9808074235916138,1752.1090087890625,0,18,0,2,0.0018047032644972205,2.8338327407836914,0.06143318861722946
16,"PMD=19 PMS=2, AMD=0",111.62264453125,112.024046875,True,-0.0015650279819965363,0.0018515617121011019,1.4496154108201154e-05,-1.9209903478622437,0.9903367161750793,1752.1085205078125,0,19,0,2,0.0018986249342560768,2.8291282653808594,0.061429429799318314
16,"PMD=20 PMS=2, AMD=0",112.024046875,112.42544921875,True,-0.0017271471442654729,0.0016170915914699435,-8.076384256128222e-05,-1.915597677230835,0.9719794392585754,1752.1083984375,0,20,0,2,0.0017281551845371723,2.818040609359741,0.061428189277648926
16,"PMD=21 PMS=2, AMD=0",112.42544921875,112.8268515625,True,-0.0020631770603358746,0.0014995480887591839,-0.00042762563680298626,-1.9189448356628418,0.9905017018318176,1752.1083984375,0,21,0,2,0.0018978588050231338,2.8279736042022705,0.061429426074028015
16,"PMD=22 PMS=2, AMD=0",112.8268515625,113.22825390625,True,-0.0018490965012460947,0.0020062902476638556,0.00032565160654485226,-1.9308868646621704,0.9815499782562256,1752.1080322265625,0,22,0,2,0.002165276324376464,2.827411651611328,0.06142616271972656
16,"PMD=23 PMS=2, AMD=0",113.22825390625,113.62965625,True,-0.0019085179083049297,0.0016672163037583232,-1.9673312635859475e-05,-1.9178497791290283,0.9834475517272949,1752.109619140625,0,23,0,2,0.001719368970952928,2.8362128734588623,0.06143047288060188
16,"PMD=24 PMS=2, AMD=0",113.62965625,114.03105859375,True,-0.0015497064450755715,0.0021080980077385902,7.041011849651113e-05,-1.9252463579177856,0.9944619536399841,1752.1090087890625,0,24,0,2,0.0017802126239985228,2.8248510360717773,0.06142948567867279
16,"PMD=25 PMS=2, AMD=0",114.03105859375,114.4324609375,True,-0.0018325330456718802,0.0018441049614921212,0.0,-1.9281182289123535,0.9747021198272705,1752.109375,0,25,0,2,0.0017064167186617851,2.819277763366699,0.06142879277467728
16,"PMD=26 PMS=2, AMD=0",114.4324609375,114.83386328125,True,-0.00197435705922544,0.0014165956526994705,-0.00041520100785419345,-1.9130977392196655,0.9751558303833008,1752.10888671875,0,26,0,2,0.0018626726232469082,2.827760934829712,0.06142963096499443
16,"PMD=27 PMS=2, AMD=0",114.83386328125,115.235265625,True,-0.0015045691980049014,0.0019511925056576729,0.00012011172657366842,-1.9281800985336304,0.9821274876594543,1752.1094970703125,0,27,0,2,0.00180117879062891,2.8260140419006348,0.06142648309469223
16,"PMD=28 PMS=2, AMD=0",115.235265625,115.63666796875,True,-0.001671244390308857,0.0017640490550547838,8.80127408890985e-05,-1.9175399541854858,0.974578320980072,1752.109375,0,28,0,2,0.0016929592238739133,2.8254926204681396,0.06142932549118996
16,"PMD=29 PMS=2, AMD=0",115.63666796875,116.0380703125,True,-0.0017052001785486937,0.0017881792737171054,-1.9673312635859475e-05,-1.9223332405090332,0.9954519867897034,1752.1082763671875,0,29,0,2,0.0017417315393686295,2.819183111190796,0.06143070012331009
16,"PMD=30 PMS=2, AMD=0",116.0380703125,116.43947265625,True,-0.0018089300720021129,0.0016869971295818686,2.0708797819679603e-05,-1.936547875404358,0.9811374545097351,1752.10888671875,0,30,0,2,0.0017669862136244774,2.831575393676758,0.061429642140865326
16,"PMD=31 PMS=2, AMD=0",116.43947265625,116.840875,True,-0.0017625520704314113,0.0015601319028064609,-0.0001874123845482245,-1.9063831567764282,0.9754446148872375,1752.108154296875,0,31,0,2,0.0017803842201828957,2.832181453704834,0.06142761558294296
16,"PMD=32 PMS=2, AMD=0",116.840875,117.24227734375,True,-0.0018122427864000201,0.001838512485846877,6.0573380324058235e-05,-3.8085594177246094,2.8566126823425293,1752.1087646484375,0,32,0,2,0.002079533413052559,6.600543975830078,0.06142667680978775
16,"PMD=33 PMS=2, AMD=0",117.24227734375,117.6436796875,True,-0.0018180400365963578,0.0019956231117248535,0.0001651540515013039,-3.8087456226348877,2.848783493041992,1752.10791015625,0,33,0,2,0.0019285237649455667,6.594880104064941,0.061427515000104904
16,"PMD=34 PMS=2, AMD=0",117.6436796875,118.04508203125,True,-0.0019027207745239139,0.0017733698477968574,0.0001485867251176387,-3.817887544631958,2.8598268032073975,1752.1094970703125,0,34,0,2,0.0019106331747025251,6.599416732788086,0.06142888963222504
16,"PMD=35 PMS=2, AMD=0",118.04508203125,118.446484375,True,-0.0018300486262887716,0.0015421122079715133,0.00010302676673745736,-3.8032851219177246,2.8593735694885254,1752.1082763671875,0,35,0,2,0.001963176764547825,6.5998358726501465,0.06143014505505562
16,"PMD=36 PMS=2, AMD=0",118.446484375,118.84788671875,True,-0.001792987692169845,0.0017910791793838143,6.264427065616474e-05,-3.8150954246520996,2.8540990352630615,1752.1097412109375,0,36,0,2,0.0021847845055162907,6.601619720458984,0.061428047716617584
16,"PMD=37 PMS=2, AMD=0",118.84788671875,119.2492890625,True,-0.0016453632852062583,0.0017585597233846784,7.455191371263936e-05,-3.808290481567383,2.853975296020508,1752.107177734375,0,37,0,2,0.0018197575118392706,6.598573684692383,0.06142700836062431
16,"PMD=38 PMS=2, AMD=0",119.2492890625,119.65069140625,True,-0.0017045788699761033,0.001912355306558311,0.0003215096949134022,-3.808828353881836,2.8512144088745117,1752.10986328125,0,38,0,2,0.0019492353312671185,6.594898700714111,0.06142602488398552
16,"PMD=39 PMS=2, AMD=0",119.65069140625,120.05209375,True,-0.0020153510849922895,0.0016831652028486133,0.00017240227316506207,-3.815281391143799,2.858013868331909,1752.1085205078125,0,39,0,2,0.0018852681387215853,6.597991943359375,0.061428606510162354
16,"PMD=40 PMS=2, AMD=0",120.05209375,120.45349609375,True,-0.0018685586983337998,0.001855186652392149,0.00016463630890939385,-3.813812732696533,2.855458974838257,1752.108154296875,0,40,0,2,0.0020832917653024197,6.594982624053955,0.06142982095479965
16,"PMD=41 PMS=2, AMD=0",120.45349609375,120.8548984375,True,-0.0018385372823104262,0.00181842059828341,9.008363849716261e-05,-3.8173704147338867,2.854428768157959,1752.1083984375,0,41,0,2,0.002188433427363634,6.59862756729126,0.061428628861904144
16,"PMD=42 PMS=2, AMD=0",120.8548984375,121.25630078125,True,-0.001711618504486978,0.0017329794354736805,-6.730325549142435e-05,-3.820080041885376,2.8576018810272217,1752.1107177734375,0,42,0,2,0.0018469658680260181,6.597550392150879,0.06142648309469223
16,"PMD=43 PMS=2, AMD=0",121.25630078125,121.657703125,True,-0.0017973356880247593,0.00187372462823987,0.00012425353634171188,-3.813523292541504,2.8503904342651367,1752.10888671875,0,43,0,2,0.0019844435155391693,6.598839282989502,0.06142638623714447
16,"PMD=44 PMS=2, AMD=0",121.657703125,122.05910546875,True,-0.0019064475782215595,0.001636457978747785,8.853046165313572e-05,-3.813068389892578,2.8576841354370117,1752.1097412109375,0,44,0,2,0.0017907714936882257,6.596776008605957,0.06142928823828697
16,"PMD=45 PMS=2, AMD=0",122.05910546875,122.4605078125,True,-0.001864832011051476,0.0018490757793188095,0.00015790582983754575,-3.8113927841186523,2.8525331020355225,1752.1094970703125,0,45,0,2,0.002379942685365677,6.6065897941589355,0.06142913177609444
16,"PMD=46 PMS=2, AMD=0",122.4605078125,122.86191015625,True,-0.0018797391094267368,0.0016663875430822372,3.1580937502440065e-05,-3.8043811321258545,2.8545522689819336,1752.1070556640625,0,46,0,2,0.0018891535000875592,6.598080635070801,0.06142998859286308
16,"PMD=47 PMS=2, AMD=0",122.86191015625,123.2633125,True,-0.0019960959907621145,0.00176311656832695,1.8120197637472302e-05,-3.8246302604675293,2.85286283493042,1752.1109619140625,0,47,0,2,0.001967311603948474,6.601188659667969,0.06142732873558998
16,"PMD=48 PMS=2, AMD=0",123.2633125,123.66471484375,True,-0.0023470225278288126,0.0022483321372419596,6.833922816440463e-05,-4.749205112457275,3.844905376434326,1752.1092529296875,0,48,0,2,0.0024793848861008883,8.494384765625,0.0614255890250206
16,"PMD=49 PMS=2, AMD=0",123.66471484375,124.0661171875,True,-0.0020611067302525043,0.0023434103932231665,-0.00011700378672685474,-4.753757953643799,3.845646619796753,1752.108642578125,0,49,0,2,0.0025853777769953012,8.476202964782715,0.0614258348941803
16,"PMD=50 PMS=2, AMD=0",124.0661171875,124.46751953125,True,-0.0025335559621453285,0.002274431986734271,6.7303544710739516e-06,-4.742562294006348,3.8434228897094727,1752.1068115234375,0,50,0,2,0.0024006497114896774,8.492105484008789,0.061427827924489975
16,"PMD=51 PMS=2, AMD=0",124.46751953125,124.868921875,True,-0.002115971874445677,0.0021111012902110815,9.733179467730224e-05,-4.753157138824463,3.8481175899505615,1752.109375,0,51,0,2,0.0024637924507260323,8.473822593688965,0.06142686679959297
16,"PMD=52 PMS=2, AMD=0",124.868921875,125.27032421875,True,-0.002406646963208914,0.0020484430715441704,-0.00010457867756485939,-4.746348857879639,3.849682569503784,1752.109375,0,52,0,2,0.0024773674085736275,8.485639572143555,0.06142490729689598
16,"PMD=53 PMS=2, AMD=0",125.27032421875,125.6717265625,True,-0.0024054052773863077,0.0022147749550640583,9.060135926119983e-05,-4.744258880615234,3.8469645977020264,1752.1082763671875,0,53,0,2,0.002642480656504631,8.473296165466309,0.06142476573586464
16,"PMD=54 PMS=2, AMD=0",125.6717265625,126.07312890625,True,-0.0021451639477163553,0.0021749003790318966,3.727587318280712e-05,-4.749246597290039,3.83687424659729,1752.1083984375,0,54,0,2,0.002287320327013731,8.481401443481445,0.06142513081431389
16,"PMD=55 PMS=2, AMD=0",126.07312890625,126.47453125,True,-0.0024495022371411324,0.0021776969078928232,-2.69213633146137e-05,-4.7457075119018555,3.834444761276245,1752.108154296875,0,55,0,2,0.002621205523610115,8.492111206054688,0.06142750754952431
16,"PMD=56 PMS=2, AMD=0",126.47453125,126.87593359375,True,-0.0023194870445877314,0.002173761138692498,0.0001806859509088099,-4.7497429847717285,3.8462233543395996,1752.1102294921875,0,56,0,2,0.0024627649690955877,8.470117568969727,0.06142742186784744
16,"PMD=57 PMS=2, AMD=0",126.87593359375,127.2773359375,True,-0.0024617172311991453,0.001979880966246128,-2.3815056920284405e-05,-4.750694751739502,3.8450701236724854,1752.1102294921875,0,57,0,2,0.0026487610302865505,8.489585876464844,0.06142551451921463
16,"PMD=58 PMS=2, AMD=0",127.2773359375,127.67873828124999,True,-0.0023726944345980883,0.002141551347449422,5.436070932773873e-05,-4.740968704223633,3.8425581455230713,1752.1080322265625,0,58,0,2,0.00263934675604105,8.481853485107422,0.06142544373869896
16,"PMD=59 PMS=2, AMD=0",127.67873828124999,128.080140625,True,-0.002335842465981841,0.002356253331527114,0.0001465158275095746,-4.749577522277832,3.844576120376587,1752.108642578125,0,59,0,2,0.0023614829406142235,8.483929634094238,0.061424970626831055
16,"PMD=60 PMS=2, AMD=0",128.080140625,128.48154296875,True,-0.0022590334992855787,0.0022337285336107016,-3.313397610327229e-05,-4.74841833114624,3.8433403968811035,1752.10791015625,0,60,0,2,0.0024959356524050236,8.466385841369629,0.06142745912075043
16,"PMD=61 PMS=2, AMD=0",128.48154296875,128.8829453125,True,-0.002337291371077299,0.0021856718230992556,0.00010406221554148942,-4.746204376220703,3.8369157314300537,1752.1109619140625,0,61,0,2,0.002483485033735633,8.49232006072998,0.0614272803068161
16,"PMD=62 PMS=2, AMD=0",128.8829453125,129.28434765625002,True,-0.002295885467901826,0.0022826138883829117,3.00277752103284e-05,-4.751894950866699,3.8578784465789795,1752.1099853515625,0,62,0,2,0.0025927377864718437,8.470539093017578,0.06142571568489075
16,"PMD=63 PMS=2, AMD=0",129.28434765625002,129.68574999999998,True,-0.0023613073863089085,0.0020914238411933184,0.00010975720215355977,-4.745479583740234,3.8456053733825684,1752.10888671875,0,63,0,2,0.0029049240984022617,8.488718032836914,0.06142459809780121
16,"PMD=64 PMS=2, AMD=0",129.68574999999998,130.08715234375,True,-0.0016109931748360395,0.001595757668837905,-0.000105096391052939,-6.655400276184082,5.685069561004639,1752.1094970703125,0,64,0,2,0.0018217110773548484,12.257013320922852,0.06142910197377205
16,"PMD=65 PMS=2, AMD=0",130.08715234375,130.4885546875,True,-0.0015548826195299625,0.0017281119944527745,0.00014755128358956426,-6.657140254974365,5.684864044189453,1752.1090087890625,0,65,0,2,0.0016427426598966122,12.253582000732422,0.06142909452319145
16,"PMD=66 PMS=2, AMD=0",130.4885546875,130.88995703125,True,-0.0016234162030741572,0.0015014123637229204,-0.00013149972073733807,-6.653866291046143,5.678445816040039,1752.1080322265625,0,66,0,2,0.0016888008685782552,12.249759674072266,0.06142989546060562
16,"PMD=67 PMS=2, AMD=0",130.88995703125,131.291359375,True,-0.001629420556128025,0.001573180896230042,3.520499012665823e-05,-6.652499198913574,5.685316562652588,1752.1072998046875,0,67,0,2,0.0016931951977312565,12.248954772949219,0.06142999604344368
16,"PMD=68 PMS=2, AMD=0",131.291359375,131.69276171875,True,-0.0016952618025243282,0.0015771163161844015,-8.283505849249195e-06,-6.656042098999023,5.685316562652588,1752.10888671875,0,68,0,2,0.0016649906756356359,12.256064414978027,0.06142885610461235
16,"PMD=69 PMS=2, AMD=0",131.69276171875,132.0941640625,True,-0.0016456738812848926,0.0016534943133592606,-6.730324821546674e-05,-6.653379440307617,5.68558406829834,1752.108154296875,0,69,0,2,0.001998762134462595,12.253841400146484,0.06142878159880638
16,"PMD=70 PMS=2, AMD=0",132.0941640625,132.49556640625002,True,-0.001724041416309774,0.001812828122638166,6.626833783229813e-05,-6.65440559387207,5.683300495147705,1752.1099853515625,0,70,0,2,0.0016287786420434713,12.254461288452148,0.06142943724989891
16,"PMD=71 PMS=2, AMD=0",132.49556640625002,132.89696874999998,True,-0.0015426665777340531,0.001528338179923594,1.8120197637472302e-05,-6.661345481872559,5.683712005615234,1752.108154296875,0,71,0,2,0.0017933661583811045,12.256031036376953,0.061430443078279495
16,"PMD=72 PMS=2, AMD=0",132.89696874999998,133.29837109375,True,-0.0015718607464805245,0.0016757085686549544,6.212634616531432e-06,-6.652831077575684,5.679310321807861,1752.1090087890625,0,72,0,2,0.0017360416240990162,12.253146171569824,0.06142974644899368
16,"PMD=73 PMS=2, AMD=0",133.29837109375,133.6997734375,True,-0.0015455654356628656,0.0016206128057092428,3.054549597436562e-05,-6.655669212341309,5.687538146972656,1752.1099853515625,0,73,0,2,0.0017607803456485271,12.2528657913208,0.06142983213067055
16,"PMD=74 PMS=2, AMD=0",133.6997734375,134.10117578125,True,-0.0017362571088597178,0.001623460790142417,-3.6240278859622777e-05,-6.657989501953125,5.686201095581055,1752.108154296875,0,74,0,2,0.0020610145293176174,12.255189895629883,0.06142853945493698
16,"PMD=75 PMS=2, AMD=0",134.10117578125,134.502578125,True,-0.0015962925972416997,0.0015794980572536588,6.0573380324058235e-05,-6.656539440155029,5.681942939758301,1752.11083984375,0,75,0,2,0.0016173755284398794,12.252726554870605,0.061429694294929504
16,"PMD=76 PMS=2, AMD=0",134.502578125,134.90398046875,True,-0.0017346007516607642,0.001643603784032166,0.00016101221262943,-6.661863803863525,5.687620162963867,1752.109375,0,76,0,2,0.001747295493260026,12.251508712768555,0.061430398374795914
16,"PMD=77 PMS=2, AMD=0",134.90398046875,135.3053828125,True,-0.0016749713104218245,0.0015751486644148827,-3.313397610327229e-05,-6.653389930725098,5.679598331451416,1752.109130859375,0,77,0,2,0.0018313108012080193,12.255828857421875,0.061428945511579514
16,"PMD=78 PMS=2, AMD=0",135.3053828125,135.70678515625002,True,-0.0013708126498386264,0.001605078112334013,4.141756107856054e-06,-6.653162002563477,5.683053493499756,1752.109619140625,0,78,0,2,0.0017778626643121243,12.248125076293945,0.061429690569639206
16,"PMD=79 PMS=2, AMD=0",135.70678515625002,136.10818749999999,True,-0.001630662940442562,0.0018280006479471922,-8.335241000168025e-05,-6.660060882568359,5.677458763122559,1752.109130859375,0,79,0,2,0.0018455362878739834,12.252252578735352,0.06142968311905861
16,"PMD=80 PMS=2, AMD=0",136.10818749999999,136.50958984375,True,-0.0022782874293625355,0.0022718424443155527,-4.5559179852716625e-05,-8.566744804382324,7.563061714172363,1752.1080322265625,0,80,0,2,0.002269178628921509,16.011661529541016,0.06142586097121239
16,"PMD=81 PMS=2, AMD=0",136.50958984375,136.9109921875,True,-0.002156550996005535,0.0020605602767318487,-4.866548260906711e-05,-8.56927490234375,7.562938213348389,1752.1085205078125,0,81,0,2,0.0021019289270043373,16.033287048339844,0.06142666935920715
16,"PMD=82 PMS=2, AMD=0",136.9109921875,137.31239453125,True,-0.0022130717989057302,0.0022465712390840054,-5.694893843610771e-05,-8.578774452209473,7.563842296600342,1752.1092529296875,0,82,0,2,0.0023380019702017307,16.012414932250977,0.061427053064107895
16,"PMD=83 PMS=2, AMD=0",137.31239453125,137.713796875,True,-0.0021960947196930647,0.0023481741081923246,-4.45237492385786e-05,-8.56072998046875,7.568897247314453,1752.1083984375,0,83,0,2,0.0024767587892711163,16.0258731842041,0.06142627075314522
16,"PMD=84 PMS=2, AMD=0",137.713796875,138.11519921875,True,-0.0021327417343854904,0.0023849429562687874,-4.814776184502989e-05,-8.57499885559082,7.560781478881836,1752.1080322265625,0,84,0,2,0.002274600323289633,16.018587112426758,0.06142637878656387
16,"PMD=85 PMS=2, AMD=0",138.11519921875,138.5166015625,True,-0.002237501787021756,0.002129018772393465,-3.313397610327229e-05,-8.562949180603027,7.563965797424316,1752.109130859375,0,85,0,2,0.002199269365519285,16.023353576660156,0.06142686679959297
16,"PMD=86 PMS=2, AMD=0",138.5166015625,138.91800390625002,True,-0.0020124525763094425,0.0019989374559372663,3.106316853518365e-06,-8.569585800170898,7.564828872680664,1752.10888671875,0,86,0,2,0.0020843318197876215,16.024738311767578,0.06142691895365715
16,"PMD=87 PMS=2, AMD=0",138.91800390625002,139.31940625,True,-0.002324662869796157,0.002181218471378088,-5.177178172743879e-05,-8.566620826721191,7.560349464416504,1752.1097412109375,0,87,0,2,0.002426029648631811,16.0141544342041,0.061426568776369095
16,"PMD=88 PMS=2, AMD=0",139.31940625,139.72080859374998,True,-0.002234396291896701,0.002483544172719121,0.00010768628999358043,-8.569150924682617,7.5546369552612305,1752.1104736328125,0,88,0,2,0.0024213679134845734,16.024824142456055,0.06142676994204521
16,"PMD=89 PMS=2, AMD=0",139.72080859374998,140.1222109375,True,-0.0021788072772324085,0.002201621886342764,-1.76024350366788e-05,-8.569917678833008,7.562630653381348,1752.10791015625,0,89,0,2,0.002189064398407936,16.022998809814453,0.061425644904375076
16,"PMD=90 PMS=2, AMD=0",140.1222109375,140.52361328125,True,-0.0021023075096309185,0.0022316572722047567,-0.00022986435214988887,-8.562409400939941,7.5579657554626465,1752.1068115234375,0,90,0,2,0.0024296510964632034,16.024845123291016,0.061425913125276566
16,"PMD=91 PMS=2, AMD=0",140.52361328125,140.92501562500001,True,-0.002056137891486287,0.0023103710263967514,1.2942993635078892e-05,-8.572489738464355,7.567623138427734,1752.1087646484375,0,91,0,2,0.0021172077395021915,16.021778106689453,0.061426784843206406
16,"PMD=92 PMS=2, AMD=0",140.92501562500001,141.32641796875,True,-0.002081189537420869,0.002083448925986886,-8.283505849249195e-06,-8.567097663879395,7.561458587646484,1752.1085205078125,0,92,0,2,0.002253621118143201,16.03481674194336,0.06142590939998627
16,"PMD=93 PMS=2, AMD=0",141.32641796875,141.7278203125,True,-0.0021089324727654457,0.002407935680821538,-2.7956801204709336e-05,-8.579251289367676,7.564787864685059,1752.1114501953125,0,93,0,2,0.002409451873973012,16.01444435119629,0.061427194625139236
16,"PMD=94 PMS=2, AMD=0",141.7278203125,142.12922265625002,True,-0.0021658677142113447,0.0020804456435143948,5.254867937765084e-05,-8.566287994384766,7.567869663238525,1752.10888671875,0,94,0,2,0.0024736723862588406,16.030780792236328,0.06142649054527283
16,"PMD=95 PMS=2, AMD=0",142.12922265625002,142.530625,True,-0.002033363562077284,0.002130572684109211,-8.904727292247117e-05,-8.574522018432617,7.564212799072266,1752.108154296875,0,95,0,2,0.0022334340028464794,16.0236759185791,0.06142720207571983
16,"PMD=96 PMS=2, AMD=0",142.530625,142.93202734374998,True,-0.0018201102502644062,0.0020085691940039396,-0.00011493293277453631,-9.482048988342285,8.518935203552246,1752.108642578125,0,96,0,2,0.002009033691138029,17.903688430786133,0.061428412795066833
16,"PMD=97 PMS=2, AMD=0",142.93202734374998,143.3334296875,True,-0.001983467023819685,0.0019193977350369096,0.00016152995522134006,-9.49437427520752,8.516922950744629,1752.1082763671875,0,97,0,2,0.0020258373115211725,17.911266326904297,0.06142715737223625
16,"PMD=98 PMS=2, AMD=0",143.3334296875,143.73483203125,True,-0.0018312906613573432,0.001829916494898498,7.765794180158991e-06,-9.490991592407227,8.517539024353027,1752.1103515625,0,98,0,2,0.0016587787540629506,17.903118133544922,0.06142789497971535
16,"PMD=99 PMS=2, AMD=0",143.73483203125,144.13623437500002,True,-0.0020990981720387936,0.00189713086001575,7.015125447651371e-05,-9.488802909851074,8.516100883483887,1752.1097412109375,0,99,0,2,0.00218322966247797,17.914276123046875,0.061427902430295944
16,"PMD=100 PMS=2, AMD=0",144.13623437500002,144.53763671875,True,-0.001901685493066907,0.0017892152536660433,0.0001454803568776697,-9.49161434173584,8.51778507232666,1752.10888671875,0,100,0,2,0.00209315144456923,17.90704917907715,0.0614275261759758
16,"PMD=101 PMS=2, AMD=0",144.53763671875,144.9390390625,True,-0.0018041679868474603,0.0019699381664395332,-0.0001397830928908661,-9.479681968688965,8.517292976379395,1752.109375,0,101,0,2,0.002022873843088746,17.914722442626953,0.06142851710319519
16,"PMD=102 PMS=2, AMD=0",144.9390390625,145.34044140625002,True,-0.0020776698365807533,0.0019846451468765736,2.8474612918216735e-05,-9.484683990478516,8.515156745910645,1752.109375,0,102,0,2,0.0021309340372681618,17.90800666809082,0.06142757460474968
16,"PMD=103 PMS=2, AMD=0",145.34044140625002,145.74184375,True,-0.002051376039162278,0.0017834154423326254,-7.662212738068774e-05,-9.48935317993164,8.511706352233887,1752.1097412109375,0,103,0,2,0.0017824649112299085,17.908994674682617,0.06142953783273697
16,"PMD=104 PMS=2, AMD=0",145.74184375,146.14324609374998,True,-0.0019293257500976324,0.0018256704788655043,-1.863786019384861e-05,-9.488336563110352,8.516716957092285,1752.1083984375,0,104,0,2,0.0021767248399555683,17.920665740966797,0.061428528279066086
16,"PMD=105 PMS=2, AMD=0",146.14324609374998,146.5446484375,True,-0.0018938180292025208,0.0018085818737745285,0.00011027493019355461,-9.494001388549805,8.509366035461426,1752.109130859375,0,105,0,2,0.0020098011009395123,17.90841293334961,0.06142797693610191
16,"PMD=106 PMS=2, AMD=0",146.5446484375,146.94605078125,True,-0.0019110024441033602,0.001864507095888257,-9.83661157079041e-05,-9.481903076171875,8.518811225891113,1752.1104736328125,0,106,0,2,0.0019472779240459204,17.91400146484375,0.0614282563328743
16,"PMD=107 PMS=2, AMD=0",146.94605078125,147.34745312500002,True,-0.0017900889506563544,0.0018708247225731611,0.00011545219604158774,-9.484704971313477,8.51417064666748,1752.1102294921875,0,107,0,2,0.0020558482501655817,17.90342140197754,0.0614277645945549
16,"PMD=108 PMS=2, AMD=0",147.34745312500002,147.74885546875,True,-0.002016386017203331,0.0017096775118261576,-0.00018223529332317412,-9.493046760559082,8.516922950744629,1752.10986328125,0,108,0,2,0.001982326852157712,17.913894653320312,0.061428338289260864
16,"PMD=109 PMS=2, AMD=0",147.74885546875,148.1502578125,True,-0.0016509536653757095,0.0022385958582162857,8.904818969313055e-05,-9.49196720123291,8.520085334777832,1752.1080322265625,0,109,0,2,0.001905364217236638,17.901805877685547,0.06142764538526535
16,"PMD=110 PMS=2, AMD=0",148.1502578125,148.55166015625002,True,-0.001996096456423402,0.001863161101937294,-6.109067180659622e-05,-9.491697311401367,8.510679244995117,1752.1103515625,0,110,0,2,0.0022018570452928543,17.91312026977539,0.06142740324139595
16,"PMD=111 PMS=2, AMD=0",148.55166015625002,148.9530625,True,-0.0019130727741867304,0.0020728849340230227,-3.1063103961059824e-05,-9.492714881896973,8.526944160461426,1752.1083984375,0,111,0,2,0.0019546374678611755,17.90343475341797,0.061428945511579514
16,"PMD=112 PMS=2, AMD=0",148.9530625,149.35446484374998,True,-0.0019244601717218757,0.0019518140470609069,-1.6567002603551373e-05,-11.42722225189209,10.374490737915039,1752.1102294921875,0,112,0,2,0.0017628362402319908,21.668121337890625,0.06142868101596832
16,"PMD=113 PMS=2, AMD=0",149.35446484374998,149.7558671875,True,-0.002096510259434581,0.001996762352064252,-0.00014392478624358773,-11.433310508728027,10.365588188171387,1752.108154296875,0,113,0,2,0.001886053942143917,21.691471099853516,0.061427876353263855
16,"PMD=114 PMS=2, AMD=0",149.7558671875,150.15726953125,True,-0.002028601709753275,0.0018823208520188928,0.00016877817688509822,-11.442201614379883,10.370553016662598,1752.108642578125,0,114,0,2,0.0020099368412047625,21.655479431152344,0.061429284512996674
16,"PMD=115 PMS=2, AMD=0",150.15726953125,150.55867187500002,True,-0.0020368832629173994,0.0020040119998157024,1.760247687343508e-05,-11.431377410888672,10.364726066589355,1752.1094970703125,0,115,0,2,0.002036190591752529,21.676164627075195,0.061428844928741455
16,"PMD=116 PMS=2, AMD=0",150.55867187500002,150.96007421875,True,-0.002001065295189619,0.0018517686985433102,1.5531595636275597e-05,-11.424667358398438,10.367886543273926,1752.1082763671875,0,116,0,2,0.001750914379954338,21.671730041503906,0.0614297017455101
16,"PMD=117 PMS=2, AMD=0",150.96007421875,151.3614765625,True,-0.0018114146078005433,0.002045439090579748,-3.9346581615973264e-05,-11.435864448547363,10.369978904724121,1752.1094970703125,0,117,0,2,0.0020398274064064026,21.68667984008789,0.06142817810177803
16,"PMD=118 PMS=2, AMD=0",151.3614765625,151.76287890625002,True,-0.0020207338966429234,0.002144554629921913,-3.416941035538912e-05,-11.424397468566895,10.36296272277832,1752.10791015625,0,118,0,2,0.0018689597491174936,21.680334091186523,0.061427995562553406
16,"PMD=119 PMS=2, AMD=0",151.76287890625002,152.16428125,True,-0.0018085158662870526,0.001946842996403575,-5.177191724214936e-06,-11.429529190063477,10.37038803100586,1752.109130859375,0,119,0,2,0.0019976343028247356,21.66423225402832,0.061429619789123535
16,"PMD=120 PMS=2, AMD=0",152.16428125,152.56568359374998,True,-0.0020300508476793766,0.0018977520521730185,8.490638720104471e-05,-11.431087493896484,10.369157791137695,1752.1094970703125,0,120,0,2,0.0020698346197605133,21.686725616455078,0.06142884120345116
16,"PMD=121 PMS=2, AMD=0",152.56568359374998,152.9670859375,True,-0.0020640052389353514,0.0017432324821129441,7.092783926054835e-05,-11.436197280883789,10.370223999023438,1752.1090087890625,0,121,0,2,0.0018204207299277186,21.664505004882812,0.061429619789123535
16,"PMD=122 PMS=2, AMD=0",152.9670859375,153.36848828125,True,-0.0018602769123390317,0.002020064974203706,0.00010199131793342531,-11.44429874420166,10.37116813659668,1752.1097412109375,0,122,0,2,0.0022961001377552748,21.689743041992188,0.06142767518758774
16,"PMD=123 PMS=2, AMD=0",153.36848828125,153.76989062500002,True,-0.0017406049882993102,0.0019666238222271204,-1.2425254681147635e-05,-11.429549217224121,10.362921714782715,1752.1099853515625,0,123,0,2,0.001895911991596222,21.67194938659668,0.06142796203494072
16,"PMD=124 PMS=2, AMD=0",153.76989062500002,154.17129296875,True,-0.0019294292433187366,0.0018362338887527585,-4.038201586809009e-05,-11.435221672058105,10.369403839111328,1752.1085205078125,0,124,0,2,0.0018868455663323402,21.68246078491211,0.061429623514413834
16,"PMD=125 PMS=2, AMD=0",154.17129296875,154.5726953125,True,-0.0018501317827031016,0.0018985808128491044,4.4523982069222257e-05,-11.43864917755127,10.367229461669922,1752.1102294921875,0,125,0,2,0.0019088209373876452,21.668460845947266,0.06143005192279816
16,"PMD=126 PMS=2, AMD=0",154.5726953125,154.97409765625002,True,-0.0021161786280572414,0.001810860470868647,0.00012891307414975017,-11.432665824890137,10.365055084228516,1752.1099853515625,0,126,0,2,0.0017223227769136429,21.684612274169922,0.06143017113208771
16,"PMD=127 PMS=2, AMD=0",154.97409765625002,155.3755,True,-0.0019861580803990364,0.001926129451021552,1.8637918401509523e-05,-11.43405818939209,10.36829662322998,1752.1097412109375,0,127,0,2,0.0019471521954983473,21.678268432617188,0.06142859533429146
16,"PMD=0 PMS=3, AMD=0",155.3755,155.77690234374998,True,-0.0013399615418165922,0.0010719522833824158,-8.801183867035434e-05,-0.044516563415527344,0.04515516012907028,1752.1102294921875,0,0,0,3,0.0013388001825660467,0.04488750547170639,0.06142997369170189
16,"PMD=1 PMS=3, AMD=0",155.77690234374998,156.1783046875,True,-0.0015523979673162103,0.0010858289897441864,-0.00015013731899671257,-0.04276229068636894,0.04606321454048157,1752.1077880859375,0,1,0,3,0.0012683938257396221,0.048421699553728104,0.06142942234873772
16,"PMD=2 PMS=3, AMD=0",156.1783046875,156.57970703125,True,-0.0015791074838489294,0.0012896311236545444,-0.00011286207882221788,-0.044289540499448776,0.04787930101156235,1752.1083984375,0,2,0,3,0.0014035205822438002,0.049118272960186005,0.06142956763505936
16,"PMD=3 PMS=3, AMD=0",156.57970703125,156.98110937500002,True,-0.0013995931949466467,0.0011653605615720153,-0.00011596835975069553,-0.042493995279073715,0.04379310458898544,1752.1092529296875,0,3,0,3,0.001378797460347414,0.05012434348464012,0.06142951175570488
16,"PMD=4 PMS=3, AMD=0",156.98110937500002,157.38251171875,True,-0.0013254674850031734,0.0010945276590064168,-0.00014703105262015015,-0.04090483859181404,0.041646815836429596,1752.1092529296875,0,4,0,3,0.0014728871174156666,0.045712970197200775,0.06142955645918846
16,"PMD=5 PMS=3, AMD=0",157.38251171875,157.7839140625,True,-0.001391103956848383,0.0011437174398452044,-0.00019673112547025084,-0.042535267770290375,0.040243472903966904,1752.108642578125,0,5,0,3,0.001398334396071732,0.04530022293329239,0.06142980977892876
16,"PMD=6 PMS=3, AMD=0",157.7839140625,158.18531640625002,True,-0.0014064260758459568,0.0011451670434325933,-0.000163597782375291,-0.04034759849309921,0.040243472903966904,1752.110107421875,0,6,0,3,0.0012140304315835238,0.04684805870056152,0.06142963096499443
16,"PMD=7 PMS=3, AMD=0",158.18531640625002,158.58671875,True,-0.0015304506523534656,0.0011721951887011528,-0.00012942886678501964,-0.04367038235068321,0.044040754437446594,1752.1090087890625,0,7,0,3,0.0013745245523750782,0.04643530398607254,0.06142974644899368
16,"PMD=8 PMS=3, AMD=0",158.58671875,158.98812109374998,True,-0.001532935188151896,0.001735154539346695,0.00017240227316506207,-1.9188621044158936,0.9839426279067993,1752.1083984375,0,8,0,3,0.0016115822363644838,2.8373663425445557,0.061425916850566864
16,"PMD=9 PMS=3, AMD=0",158.98812109374998,159.3895234375,True,-0.0016457773745059967,0.002121872967109084,0.00016152995522134006,-1.926031470298767,0.9862114787101746,1752.10888671875,0,9,0,3,0.002190545666962862,2.828279495239258,0.0614255927503109
16,"PMD=10 PMS=3, AMD=0",159.3895234375,159.79092578125,True,-0.0016569580184295774,0.001521710422821343,-0.00020915610366500914,-1.9234076738357544,0.9705355763435364,1752.107421875,0,10,0,3,0.0017483204137533903,2.8240342140197754,0.061432134360075
16,"PMD=11 PMS=3, AMD=0",159.79092578125,160.19232812500002,True,-0.0015354198403656483,0.0015393160283565521,0.00015531718963757157,-1.9298951625823975,0.9821687936782837,1752.108154296875,0,11,0,3,0.001807379419915378,2.822237014770508,0.0614306665956974
16,"PMD=12 PMS=3, AMD=0",160.19232812500002,160.59373046875,True,-0.0020025146659463644,0.0017290441319346428,-0.00012425176100805402,-1.9205150604248047,0.9761871695518494,1752.1090087890625,0,12,0,3,0.0017570978961884975,2.826507806777954,0.06143036484718323
16,"PMD=13 PMS=3, AMD=0",160.59373046875,160.9951328125,True,-0.0015116088325157762,0.0017731626285240054,0.00023401231737807393,-1.9177671670913696,0.9776722192764282,1752.1083984375,0,13,0,3,0.001959337154403329,2.8311374187469482,0.06142529472708702
16,"PMD=14 PMS=3, AMD=0",160.9951328125,161.39653515625002,True,-0.001658614375628531,0.0023590493947267532,0.00021848033065907657,-1.9291099309921265,0.985427737236023,1752.1099853515625,0,14,0,3,0.0022283243015408516,2.8300113677978516,0.061424609273672104
16,"PMD=15 PMS=3, AMD=0",161.39653515625002,161.7979375,True,-0.001831290777772665,0.0012942913454025984,-0.00036446674494072795,-1.9307421445846558,0.9760221838951111,1752.109130859375,0,15,0,3,0.0017829672433435917,2.8322043418884277,0.06143314018845558
16,"PMD=16 PMS=3, AMD=0",161.7979375,162.19933984374998,True,-0.0016364601906388998,0.001672083861194551,-2.174418477807194e-05,-3.8069047927856445,2.8601977825164795,1752.10888671875,0,16,0,3,0.0019903373904526234,6.597775936126709,0.061430156230926514
16,"PMD=17 PMS=3, AMD=0",162.19933984374998,162.6007421875,True,-0.001918662921525538,0.0016836827853694558,-6.52323869871907e-05,-3.8107309341430664,2.8535220623016357,1752.109619140625,0,17,0,3,0.00191761355381459,6.596451282501221,0.06142805516719818
16,"PMD=18 PMS=3, AMD=0",162.6007421875,163.00214453125,True,-0.001579521456733346,0.0016427752561867237,6.523288902826607e-05,-3.81710147857666,2.8543052673339844,1752.1082763671875,0,18,0,3,0.0017385061364620924,6.5980072021484375,0.06142623722553253
16,"PMD=19 PMS=3, AMD=0",163.00214453125,163.40354687500002,True,-0.0016550945583730936,0.0018640932394191623,-8.490555774187669e-05,-3.80806303024292,2.8476293087005615,1752.1097412109375,0,19,0,3,0.002034133533015847,6.59480619430542,0.061427511274814606
16,"PMD=20 PMS=3, AMD=0",163.40354687500002,163.80494921875,True,-0.0019443362252786756,0.0017812405712902546,8.024687122087926e-05,-3.8016512393951416,2.854140281677246,1752.1104736328125,0,20,0,3,0.0017835460603237152,6.59952974319458,0.06142936274409294
16,"PMD=21 PMS=3, AMD=0",163.80494921875,164.2063515625,True,-0.0017399839125573635,0.0017371219582855701,-0.00011596835975069553,-3.8189010620117188,2.8537280559539795,1752.1085205078125,0,21,0,3,0.0020233485847711563,6.593008041381836,0.06143086403608322
16,"PMD=22 PMS=3, AMD=0",164.2063515625,164.60775390625003,True,-0.0018828446045517921,0.0016829580999910831,-0.000201908202143386,-3.812551259994507,2.850843667984009,1752.1087646484375,0,22,0,3,0.0018813826609402895,6.595715522766113,0.061429135501384735
16,"PMD=23 PMS=3, AMD=0",164.60775390625003,165.00915625,True,-0.0017124467995017767,0.0016149168368428946,3.5205022868467495e-05,-3.8205766677856445,2.855994701385498,1752.10888671875,0,23,0,3,0.0018983453046530485,6.587775230407715,0.0614265613257885
16,"PMD=24 PMS=3, AMD=0",165.00915625,165.41055859374998,True,-0.0021604846697300673,0.0022475034929811954,1.242527287104167e-05,-4.74730110168457,3.836956739425659,1752.110107421875,0,24,0,3,0.0023437142372131348,8.478562355041504,0.06142575666308403
16,"PMD=25 PMS=3, AMD=0",165.41055859374998,165.8119609375,True,-0.002106240950524807,0.00239094952121377,0.00022521083883475512,-4.7518534660339355,3.842763900756836,1752.1087646484375,0,25,0,3,0.002667270600795746,8.48293399810791,0.06142702326178551
16,"PMD=26 PMS=3, AMD=0",165.8119609375,166.21336328125,True,-0.0023766278754919767,0.002224096329882741,0.00011804081441368908,-4.752846717834473,3.8440816402435303,1752.1087646484375,0,26,0,3,0.0022329273633658886,8.466926574707031,0.06142754107713699
16,"PMD=27 PMS=3, AMD=0",166.21336328125,166.61476562500002,True,-0.0023979521356523037,0.002344549633562565,0.00014444490079768002,-4.751998424530029,3.8390159606933594,1752.10986328125,0,27,0,3,0.002954607829451561,8.484367370605469,0.061426013708114624
16,"PMD=28 PMS=3, AMD=0",166.61476562500002,167.01616796875,True,-0.0023252838291227818,0.002249005250632763,-0.0001247694599442184,-4.753809452056885,3.8418164253234863,1752.1083984375,0,28,0,3,0.00247533293440938,8.477058410644531,0.06142628937959671
16,"PMD=29 PMS=3, AMD=0",167.01616796875,167.4175703125,True,-0.00233687786385417,0.0021932325325906277,2.0708797819679603e-05,-4.748646259307861,3.844658374786377,1752.10986328125,0,29,0,3,0.0024198107421398163,8.47829532623291,0.06142428517341614
16,"PMD=30 PMS=3, AMD=0",167.4175703125,167.81897265625003,True,-0.0024025067687034607,0.0023494174238294363,0.0001900050847325474,-4.749887943267822,3.8482413291931152,1752.109375,0,30,0,3,0.0028634960763156414,8.469817161560059,0.06142573058605194
16,"PMD=31 PMS=3, AMD=0",167.81897265625003,168.220375,True,-0.0021778754889965057,0.0021369941532611847,2.0708797819679603e-05,-4.750818729400635,3.8426401615142822,1752.107421875,0,31,0,3,0.002456220332533121,8.497211456298828,0.06142771616578102
16,"PMD=32 PMS=3, AMD=0",168.220375,168.62177734374998,True,-0.001785741071216762,0.0016195769421756268,9.422543371329084e-05,-6.651732921600342,5.685234546661377,1752.110595703125,0,32,0,3,0.0019352182280272245,12.25523567199707,0.06142948195338249
16,"PMD=33 PMS=3, AMD=0",168.62177734374998,169.0231796875,True,-0.001561818877235055,0.0015033283270895481,-6.367923924699426e-05,-6.658662796020508,5.685069561004639,1752.10986328125,0,33,0,3,0.001511603593826294,12.246278762817383,0.06142962723970413
16,"PMD=34 PMS=3, AMD=0",169.0231796875,169.42458203125,True,-0.0016395659185945988,0.0017602172447368503,5.4878430091775954e-05,-6.6567463874816895,5.684000015258789,1752.1102294921875,0,34,0,3,0.0016800037119537592,12.264413833618164,0.06142927333712578
16,"PMD=35 PMS=3, AMD=0",169.42458203125,169.825984375,True,-0.001641015405766666,0.0016329367645084858,-9.11181268747896e-05,-6.655130386352539,5.683506488800049,1752.10986328125,0,35,0,3,0.0016101072542369366,12.251531600952148,0.06142864376306534
16,"PMD=36 PMS=3, AMD=0",169.825984375,170.22738671875,True,-0.0016697950195521116,0.001639978843741119,8.64595640450716e-05,-6.654446601867676,5.679556846618652,1752.109375,0,36,0,3,0.001568164792843163,12.260366439819336,0.06143035739660263
16,"PMD=37 PMS=3, AMD=0",170.22738671875,170.6287890625,True,-0.0016267289174720645,0.001578566269017756,0.00019518239423632622,-6.643797874450684,5.6803388595581055,1752.10888671875,0,37,0,3,0.0018793427152559161,12.248857498168945,0.061429668217897415
16,"PMD=38 PMS=3, AMD=0",170.6287890625,171.03019140625003,True,-0.0017704196507111192,0.0015613231807947159,-0.00021640397608280182,-6.659025192260742,5.686304092407227,1752.109130859375,0,38,0,3,0.0016006387304514647,12.242862701416016,0.06142943352460861
16,"PMD=39 PMS=3, AMD=0",171.03019140625003,171.43159375,True,-0.0016724866582080722,0.0016498175682500005,4.141765384702012e-05,-6.662671089172363,5.681901931762695,1752.1102294921875,0,39,0,3,0.0017421182710677385,12.248740196228027,0.061428822576999664
16,"PMD=40 PMS=3, AMD=0",171.43159375,171.83299609374998,True,-0.0021319135557860136,0.0022686319425702095,3.882903911289759e-05,-8.568300247192383,7.562527656555176,1752.108154296875,0,40,0,3,0.002489699749276042,16.021560668945312,0.061425499618053436
16,"PMD=41 PMS=3, AMD=0",171.83299609374998,172.2343984375,True,-0.002078290795907378,0.0022007932420819998,-3.1063154892763123e-06,-8.579375267028809,7.563144207000732,1752.10888671875,0,41,0,3,0.002244576346129179,16.031978607177734,0.061426639556884766
16,"PMD=42 PMS=3, AMD=0",172.2343984375,172.63580078125,True,-0.00212653074413538,0.0023720997851341963,6.160882185213268e-05,-8.55915355682373,7.560924530029297,1752.108154296875,0,42,0,3,0.002205503173172474,16.01490020751953,0.06142711639404297
16,"PMD=43 PMS=3, AMD=0",172.63580078125,173.037203125,True,-0.002148787025362253,0.0021733990870416164,1.9932223949581385e-05,-8.568933486938477,7.559239864349365,1752.1085205078125,0,43,0,3,0.0025356821715831757,16.025028228759766,0.06142672523856163
16,"PMD=44 PMS=3, AMD=0",173.037203125,173.43860546875,True,-0.001992369769141078,0.0021360621321946383,7.196328806458041e-05,-8.57265567779541,7.566020488739014,1752.1094970703125,0,44,0,3,0.002252599224448204,16.025405883789062,0.061426933854818344
16,"PMD=45 PMS=3, AMD=0",173.43860546875,173.8400078125,True,-0.002010175259783864,0.002295560436323285,0.00012787763262167573,-8.56141471862793,7.557554721832275,1752.1094970703125,0,45,0,3,0.0025761902797967196,16.033124923706055,0.06142645329236984
16,"PMD=46 PMS=3, AMD=0",173.8400078125,174.24141015625003,True,-0.0020741501357406378,0.0021528401412069798,-6.52323869871907e-05,-8.573651313781738,7.571116924285889,1752.111083984375,0,46,0,3,0.002338009187951684,16.0179500579834,0.06142650917172432
16,"PMD=47 PMS=3, AMD=0",174.24141015625003,174.6428125,True,-0.0021012723445892334,0.002232692902907729,-6.212609878275543e-05,-8.572054862976074,7.5616230964660645,1752.1092529296875,0,47,0,3,0.0024229218252003193,16.030010223388672,0.06142519414424896
16,"PMD=48 PMS=3, AMD=0",174.6428125,175.04421484374998,True,-0.0020033428445458412,0.0016941430512815714,5.1254370191600174e-05,-9.489112854003906,8.516716957092285,1752.108154296875,0,48,0,3,0.0020518205128610134,17.90514373779297,0.061428338289260864
16,"PMD=49 PMS=3, AMD=0",175.04421484374998,175.4456171875,True,-0.0015492922393605113,0.0019404217600822449,-9.318898082710803e-05,-9.485015869140625,8.504682540893555,1752.110107421875,0,49,0,3,0.0019600882660597563,17.913429260253906,0.061428528279066086
16,"PMD=50 PMS=3, AMD=0",175.4456171875,175.84701953125,True,-0.0021002369467169046,0.0018249452114105225,-4.45237492385786e-05,-9.485306739807129,8.517949104309082,1752.1075439453125,0,50,0,3,0.002153433160856366,17.914344787597656,0.061429113149642944
16,"PMD=51 PMS=3, AMD=0",175.84701953125,176.248421875,True,-0.0018184541258960962,0.0018631612183526158,3.1063216738402843e-05,-9.485949516296387,8.516511917114258,1752.109619140625,0,51,0,3,0.0021381694823503494,17.90736961364746,0.061428170651197433
16,"PMD=52 PMS=3, AMD=0",176.248421875,176.64982421875,True,-0.001933777006343007,0.0017699521267786622,4.038220504298806e-05,-9.49190616607666,8.516593933105469,1752.109130859375,0,52,0,3,0.0018907332560047507,17.914836883544922,0.06142771616578102
16,"PMD=53 PMS=3, AMD=0",176.64982421875,177.0512265625,True,-0.002198475878685713,0.0017340152990072966,6.264427065616474e-05,-9.489425659179688,8.512507438659668,1752.1082763671875,0,53,0,3,0.002018280327320099,17.904399871826172,0.061428576707839966
16,"PMD=54 PMS=3, AMD=0",177.0512265625,177.45262890625003,True,-0.0017124466830864549,0.0018967165378853679,2.4332843167940155e-05,-9.486468315124512,8.511870384216309,1752.1085205078125,0,54,0,3,0.0019046871457248926,17.911043167114258,0.06142835319042206
16,"PMD=55 PMS=3, AMD=0",177.45262890625003,177.85403125,True,-0.0021254955790936947,0.0016994245816022158,2.7956888516200706e-05,-9.486385345458984,8.517579078674316,1752.1090087890625,0,55,0,3,0.002075009047985077,17.91122817993164,0.06142938509583473
16,"PMD=56 PMS=3, AMD=0",177.85403125,178.25543359374998,True,-0.0018356386572122574,0.0021026090253144503,-1.9673312635859475e-05,-11.44047737121582,10.377979278564453,1752.108642578125,0,56,0,3,0.002043977612629533,21.686601638793945,0.061427801847457886
16,"PMD=57 PMS=3, AMD=0",178.25543359374998,178.6568359375,True,-0.001935847569257021,0.0017957397503778338,1.3978434253658634e-05,-11.427056312561035,10.36636734008789,1752.108642578125,0,57,0,3,0.0017447093268856406,21.66653823852539,0.06142899766564369
16,"PMD=58 PMS=3, AMD=0",178.6568359375,179.05823828125,True,-0.00199040281586349,0.0019307901384308934,-2.329732296857401e-06,-11.438919067382812,10.369361877441406,1752.10791015625,0,58,0,3,0.0020425389520823956,21.677387237548828,0.06142882630228996
16,"PMD=59 PMS=3, AMD=0",179.05823828125,179.459640625,True,-0.0019567585550248623,0.002007636707276106,1.6567035345360637e-05,-11.429134368896484,10.370675086975098,1752.1094970703125,0,59,0,3,0.0018912195228040218,21.673742294311523,0.061429042369127274
16,"PMD=60 PMS=3, AMD=0",179.459640625,179.86104296875,True,-0.0021360544487833977,0.0018535293638706207,-2.69213633146137e-05,-11.414508819580078,10.366532325744629,1752.1087646484375,0,60,0,3,0.002101029735058546,21.695764541625977,0.06142967566847801
16,"PMD=61 PMS=3, AMD=0",179.86104296875,180.2624453125,True,-0.001995268277823925,0.001882424228824675,7.765794180158991e-06,-11.425249099731445,10.367147445678711,1752.109130859375,0,61,0,3,0.0017090000910684466,21.66729736328125,0.06142846867442131
16,"PMD=62 PMS=3, AMD=0",180.2624453125,180.66384765625003,True,-0.00197228672914207,0.0019366932101547718,-7.040954369585961e-05,-11.432209014892578,10.362675666809082,1752.1085205078125,0,62,0,3,0.002148021012544632,21.692974090576172,0.061427995562553406
16,"PMD=63 PMS=3, AMD=0",180.66384765625003,181.06525,True,-0.001962452195584774,0.0021091860253363848,-8.283470378955826e-05,-11.429933547973633,10.370594024658203,1752.109130859375,0,63,0,3,0.0019754678942263126,21.68728256225586,0.061429016292095184
16,"PMD=64 PMS=3, AMD=0",181.06525,181.46665234374998,True,-0.0014615022810176015,0.0015322738327085972,-3.313397610327229e-05,-12.327994346618652,12.251012802124023,1752.10888671875,0,64,0,3,0.0015225982060655951,24.500276565551758,0.0614294670522213
16,"PMD=65 PMS=3, AMD=0",181.46665234374998,181.8680546875,True,-0.0015020845457911491,0.0015871619107201695,5.3842981287743896e-05,-12.3283052444458,12.25687313079834,1752.10888671875,0,65,0,3,0.0016319758724421263,24.51021957397461,0.06143004447221756
16,"PMD=66 PMS=3, AMD=0",181.8680546875,182.26945703125,True,-0.0014525990700349212,0.0015479116700589657,-5.4878077207831666e-05,-12.327557563781738,12.257079124450684,1752.1063232421875,0,66,0,3,0.0016520442441105843,24.502002716064453,0.06143004074692726
16,"PMD=67 PMS=3, AMD=0",182.26945703125,182.670859375,True,-0.0014536342350766063,0.0014525314327329397,2.8474612918216735e-05,-12.326622009277344,12.256053924560547,1752.1083984375,0,67,0,3,0.0014713528798893094,24.507064819335938,0.06143000349402428
16,"PMD=68 PMS=3, AMD=0",182.670859375,183.07226171875,True,-0.0014037343207746744,0.0014936452498659492,3.986448064097203e-05,-12.330405235290527,12.252939224243164,1752.1094970703125,0,68,0,3,0.001549669075757265,24.497947692871094,0.06142900139093399
16,"PMD=69 PMS=3, AMD=0",183.07226171875,183.4736640625,True,-0.0015107807703316212,0.0014595732791349292,-3.209853821317665e-05,-12.3256254196167,12.255070686340332,1752.1075439453125,0,69,0,3,0.0015728219877928495,24.50506591796875,0.061429500579833984
16,"PMD=70 PMS=3, AMD=0",183.4736640625,183.87506640625003,True,-0.0016540592769160867,0.0015306166606023908,6.367971218423918e-05,-12.326828956604004,12.252693176269531,1752.1087646484375,0,70,0,3,0.0015323231928050518,24.50557518005371,0.06142991781234741
16,"PMD=71 PMS=3, AMD=0",183.87506640625003,184.27646875,True,-0.0014165716711431742,0.00149053824134171,5.2807536121690646e-05,-12.325188636779785,12.257938385009766,1752.1082763671875,0,71,0,3,0.0015453917440026999,24.498249053955078,0.06142979860305786
16,"PMD=72 PMS=3, AMD=0",184.27646875,184.67787109374999,True,-0.0027799152303487062,0.0026262691244482994,0.0001812036643968895,-14.358920097351074,13.190170288085938,1752.1094970703125,0,72,0,3,0.002345816697925329,27.309154510498047,0.0614260770380497
16,"PMD=73 PMS=3, AMD=0",184.67787109374999,185.0792734375,True,-0.004227702505886555,0.004163253586739302,-2.8992235456826165e-05,-14.373717308044434,13.196109771728516,1752.1094970703125,0,73,0,3,0.0033073113299906254,27.359416961669922,0.061423446983098984
16,"PMD=74 PMS=3, AMD=0",185.0792734375,185.48067578125,True,-0.003244251711294055,0.0031008634250611067,-3.209853821317665e-05,-14.349493980407715,13.18595027923584,1752.1087646484375,0,74,0,3,0.0026274516712874174,27.32793617248535,0.06142519786953926
16,"PMD=75 PMS=3, AMD=0",185.48067578125,185.882078125,True,-0.004052382428199053,0.00356657593511045,9.060135926119983e-05,-14.367328643798828,13.188531875610352,1752.1092529296875,0,75,0,3,0.0030021420679986477,27.366558074951172,0.06142490357160568
16,"PMD=76 PMS=3, AMD=0",185.882078125,186.28348046875,True,-0.0029041271191090345,0.003156072460114956,0.00011855854245368391,-14.365309715270996,13.196150779724121,1752.1112060546875,0,76,0,3,0.0026518208906054497,27.30567169189453,0.06142577528953552
16,"PMD=77 PMS=3, AMD=0",186.28348046875,186.6848828125,True,-0.002634998643770814,0.002796652028337121,0.00011286356311757118,-14.356070518493652,13.189351081848145,1752.1072998046875,0,77,0,3,0.0026036319322884083,27.3634033203125,0.061424773186445236
16,"PMD=78 PMS=3, AMD=0",186.6848828125,187.08628515625003,True,-0.0033222935162484646,0.003407468553632498,-1.1389818610041402e-05,-14.367703437805176,13.190784454345703,1752.109130859375,0,78,0,3,0.00270312512293458,27.3105525970459,0.061425983905792236
16,"PMD=79 PMS=3, AMD=0",187.08628515625003,187.4876875,True,-0.0029790671542286873,0.003040580078959465,1.4496154108201154e-05,-14.353509902954102,13.18533706665039,1752.107421875,0,79,0,3,0.0027714066673070192,27.374671936035156,0.061425160616636276
16,"PMD=80 PMS=3, AMD=0",187.4876875,187.88908984374999,True,-0.002403541933745146,0.002555631333962083,8.542411524103954e-05,-16.16600799560547,15.054232597351074,1752.1080322265625,0,80,0,3,0.002394856419414282,31.10867691040039,0.06142609938979149
16,"PMD=81 PMS=3, AMD=0",187.88908984374999,188.2904921875,True,-0.002640588441863656,0.0024663505610078573,-1.2425254681147635e-05,-16.17115592956543,15.048299789428711,1752.1094970703125,0,81,0,3,0.002521321177482605,31.103408813476562,0.061426613479852676
16,"PMD=82 PMS=3, AMD=0",188.2904921875,188.69189453125,True,-0.0024735177867114544,0.002130469074472785,1.5531595636275597e-05,-16.168655395507812,15.05112361907959,1752.1087646484375,0,82,0,3,0.002364405896514654,31.095096588134766,0.0614284947514534
16,"PMD=83 PMS=3, AMD=0",188.69189453125,189.093296875,True,-0.00249877548776567,0.0026319660246372223,6.937466969247907e-05,-16.168842315673828,15.050386428833008,1752.10986328125,0,83,0,3,0.0024781590327620506,31.11131477355957,0.06142633035778999
16,"PMD=84 PMS=3, AMD=0",189.093296875,189.49469921875001,True,-0.0021969228982925415,0.002515859203413129,2.3815122403902933e-05,-16.16713523864746,15.046335220336914,1752.108642578125,0,84,0,3,0.002413081703707576,31.0978946685791,0.061428003013134
16,"PMD=85 PMS=3, AMD=0",189.49469921875001,189.8961015625,True,-0.002406026003882289,0.0023947821464389563,7.71405320847407e-05,-16.166133880615234,15.048381805419922,1752.109375,0,85,0,3,0.0022239862009882927,31.10846710205078,0.06142707169055939
16,"PMD=86 PMS=3, AMD=0",189.8961015625,190.29750390625003,True,-0.00258551980368793,0.0024611721746623516,-3.1063103961059824e-05,-16.16771697998047,15.053577423095703,1752.109619140625,0,86,0,3,0.002630532719194889,31.106643676757812,0.061426546424627304
16,"PMD=87 PMS=3, AMD=0",190.29750390625003,190.69890625000002,True,-0.002603530650958419,0.0022349716164171696,9.888496424537152e-05,-16.171279907226562,15.049445152282715,1752.1087646484375,0,87,0,3,0.0024689885322004557,31.093822479248047,0.06142779439687729
16,"PMD=88 PMS=3, AMD=0",190.69890625000002,191.10030859375,True,-0.0034388394560664892,0.0033222190104424953,-0.00028888261294923723,-17.09361457824707,16.08490753173828,1752.1097412109375,0,88,0,3,0.003429751144722104,32.97114181518555,0.06142459064722061
16,"PMD=89 PMS=3, AMD=0",191.10030859375,191.5017109375,True,-0.0035595230292528868,0.00368217914365232,-4.6594614104833454e-05,-17.09017562866211,16.093944549560547,1752.1085205078125,0,89,0,3,0.004314148798584938,33.02088165283203,0.06142112985253334
16,"PMD=90 PMS=3, AMD=0",191.5017109375,191.90311328125,True,-0.003400336252525449,0.003655556822195649,-0.0002629974333103746,-17.08963394165039,16.100324630737305,1752.1097412109375,0,90,0,3,0.0037699895910918713,32.96794891357422,0.06142193451523781
16,"PMD=91 PMS=3, AMD=0",191.90311328125,192.304515625,True,-0.0037344384472817183,0.0033797076903283596,-0.000220545640331693,-17.090593338012695,16.090673446655273,1752.108154296875,0,91,0,3,0.0037643644027411938,33.012542724609375,0.06142177805304527
16,"PMD=92 PMS=3, AMD=0",192.304515625,192.70591796875001,True,-0.0034121356438845396,0.0037261005491018295,-1.0354379810451064e-05,-17.092029571533203,16.089693069458008,1752.109130859375,0,92,0,3,0.003500864142552018,32.97562789916992,0.06142088770866394
16,"PMD=93 PMS=3, AMD=0",192.70591796875001,193.1073203125,True,-0.0037499635946005583,0.003751894226297736,-9.733068873174489e-05,-17.09363555908203,16.097217559814453,1752.1087646484375,0,93,0,3,0.003931259270757437,33.00413513183594,0.061420828104019165
16,"PMD=94 PMS=3, AMD=0",193.1073203125,193.50872265625003,True,-0.0035425485111773014,0.0035710299853235483,0.00020709021191578358,-17.089092254638672,16.091041564941406,1752.109619140625,0,94,0,3,0.0037995288148522377,32.96878433227539,0.06142204627394676
16,"PMD=95 PMS=3, AMD=0",193.50872265625003,193.91012500000002,True,-0.0030939611606299877,0.0037248574662953615,-0.0002008727751672268,-17.089946746826172,16.08772850036621,1752.110595703125,0,95,0,3,0.003884071484208107,33.01002502441406,0.06142178922891617
16,"PMD=96 PMS=3, AMD=0",193.91012500000002,194.31152734375,True,-0.0015281732194125652,0.0015287527348846197,1.4496154108201154e-05,-18.989795684814453,17.843238830566406,1752.1087646484375,0,96,0,3,0.001670179539360106,36.766082763671875,0.061430275440216064
16,"PMD=97 PMS=3, AMD=0",194.31152734375,194.7129296875,True,-0.0015805569710209966,0.0015251280274242163,-2.0708748706965707e-05,-18.99325942993164,17.844789505004883,1752.1083984375,0,97,0,3,0.0015055316034704447,36.766822814941406,0.061430297791957855
16,"PMD=98 PMS=3, AMD=0",194.7129296875,195.11433203125,True,-0.0015517768915742636,0.0015220210188999772,-4.2452880734344944e-05,-18.99588966369629,17.848058700561523,1752.109130859375,0,98,0,3,0.0016150197479873896,36.77155303955078,0.06142950803041458
16,"PMD=99 PMS=3, AMD=0",195.11433203125,195.515734375,True,-0.0015397679526358843,0.0015654136659577489,-4.1417446482228115e-05,-18.997140884399414,17.85259437561035,1752.10986328125,0,99,0,3,0.0016489375848323107,36.76313781738281,0.06142907217144966
16,"PMD=100 PMS=3, AMD=0",195.515734375,195.91713671875002,True,-0.0015594378346577287,0.0015614783624187112,-0.00010975581244565547,-18.987564086914062,17.84233856201172,1752.1090087890625,0,100,0,3,0.0015279214130714536,36.76728057861328,0.06142950803041458
16,"PMD=101 PMS=3, AMD=0",195.91713671875002,196.3185390625,True,-0.0015331420581787825,0.0015138395829126239,-6.212630069057923e-06,-18.987459182739258,17.844791412353516,1752.10888671875,0,101,0,3,0.0016334125539287925,36.763832092285156,0.061430301517248154
16,"PMD=102 PMS=3, AMD=0",196.3185390625,196.71994140625003,True,-0.001449286239221692,0.0013844919158145785,-9.215356112690642e-05,-18.990400314331055,17.846464157104492,1752.1083984375,0,102,0,3,0.0014144054148346186,36.76225280761719,0.061430368572473526
16,"PMD=103 PMS=3, AMD=0",196.71994140625003,197.12134375000002,True,-0.0014921460533514619,0.001534241484478116,-9.008269262267277e-05,-18.99651527404785,17.84944725036621,1752.109130859375,0,103,0,3,0.0016603139229118824,36.77042770385742,0.061429496854543686
16,"PMD=104 PMS=3, AMD=0",197.12134375000002,197.52274609375,True,-0.0034146199468523264,0.0030647139064967632,8.180005534086376e-05,-20.907482147216797,19.815134048461914,1752.1094970703125,0,104,0,3,0.0033159847371280193,40.55844497680664,0.061425380408763885
16,"PMD=105 PMS=3, AMD=0",197.52274609375,197.9241484375,True,-0.0030430355109274387,0.0036516201216727495,0.00017965049482882023,-20.899629592895508,19.830270767211914,1752.108154296875,0,105,0,3,0.0026740438770502806,40.51435089111328,0.06142660975456238
16,"PMD=106 PMS=3, AMD=0",197.9241484375,198.32555078125,True,-0.003054835135117173,0.0035113643389195204,8.335321763297543e-05,-20.899839401245117,19.81729507446289,1752.1090087890625,0,106,0,3,0.003153960220515728,40.54269027709961,0.06142595782876015
16,"PMD=107 PMS=3, AMD=0",198.32555078125,198.726953125,True,-0.003551242407411337,0.0032779891043901443,3.882903911289759e-05,-20.899627685546875,19.8075008392334,1752.1104736328125,0,107,0,3,0.002714909613132477,40.513160705566406,0.0614277645945549
16,"PMD=108 PMS=3, AMD=0",198.726953125,199.12835546875002,True,-0.003453329671174288,0.0035241057630628347,7.35164649086073e-05,-20.90808868408203,19.822315216064453,1752.109130859375,0,108,0,3,0.003049646969884634,40.55284118652344,0.06142556294798851
16,"PMD=109 PMS=3, AMD=0",199.12835546875002,199.5297578125,True,-0.003497628727927804,0.0033159004524350166,0.00021123207989148796,-20.902009963989258,19.82688331604004,1752.1083984375,0,109,0,3,0.002723740879446268,40.515037536621094,0.06142611429095268
16,"PMD=110 PMS=3, AMD=0",199.5297578125,199.93116015625,True,-0.0030167442746460438,0.003210453549399972,0.0001524696999695152,-20.897268295288086,19.838024139404297,1752.109619140625,0,110,0,3,0.002491667866706848,40.548583984375,0.06142480671405792
16,"PMD=111 PMS=3, AMD=0",199.93116015625,200.33256250000002,True,-0.0031200444791465998,0.0034801852889358997,0.00022883497877046466,-20.9033260345459,19.821090698242188,1752.109375,0,111,0,3,0.0028329796623438597,40.522369384765625,0.06142710521817207
16,"PMD=112 PMS=3, AMD=0",200.33256250000002,200.73396484375,True,-0.0018791179172694683,0.0017446823185309768,-6.93741167197004e-05,-21.88152313232422,20.652067184448242,1752.1102294921875,0,112,0,3,0.001977180130779743,42.40602111816406,0.06142931431531906
16,"PMD=113 PMS=3, AMD=0",200.73396484375,201.1353671875,True,-0.0014993927907198668,0.0018200777703896165,0.00013512579607777297,-21.90022850036621,20.653820037841797,1752.1097412109375,0,113,0,3,0.0017215695697814226,42.4298210144043,0.0614292174577713
16,"PMD=114 PMS=3, AMD=0",201.1353671875,201.53676953125,True,-0.0015445300377905369,0.00172169110737741,9.940268500940874e-05,-21.868209838867188,20.65797996520996,1752.108642578125,0,114,0,3,0.0014718931633979082,42.4196891784668,0.0614292211830616
16,"PMD=115 PMS=3, AMD=0",201.53676953125,201.938171875,True,-0.0016120283398777246,0.0017223642207682133,0.00021459734125528485,-21.889497756958008,20.64874267578125,1752.1112060546875,0,115,0,3,0.0015522653702646494,42.42034149169922,0.06142974644899368
16,"PMD=116 PMS=3, AMD=0",201.938171875,202.33957421875002,True,-0.0015859401319175959,0.0018018502742052078,7.972915045684204e-05,-21.878870010375977,20.652067184448242,1752.1092529296875,0,116,0,3,0.0017540401313453913,42.42274856567383,0.06142953783273697
16,"PMD=117 PMS=3, AMD=0",202.33957421875002,202.7409765625,True,-0.001502084662206471,0.0016876182053238153,1.2942993635078892e-05,-21.859975814819336,20.64892578125,1752.109619140625,0,117,0,3,0.0018011534120887518,42.42902755737305,0.06142956390976906
16,"PMD=118 PMS=3, AMD=0",202.7409765625,203.14237890625,True,-0.0017954722279682755,0.0019207439618185163,0.00011545219604158774,-21.891681671142578,20.644235610961914,1752.107421875,0,118,0,3,0.001834825612604618,42.424560546875,0.06142920255661011
16,"PMD=119 PMS=3, AMD=0",203.14237890625,203.54378125000002,True,-0.001642050570808351,0.0017958434764295816,5.9020210755988955e-05,-21.889278411865234,20.656269073486328,1752.10986328125,0,119,0,3,0.0017545640002936125,42.41845703125,0.0614287294447422
16,"PMD=120 PMS=3, AMD=0",203.54378125000002,203.94518359375,True,-0.0023206258192658424,0.002471684943884611,-6.0572940128622577e-05,-23.845741271972656,22.51290512084961,1752.108154296875,0,120,0,3,0.0025179218500852585,46.20240020751953,0.06142773479223251
16,"PMD=121 PMS=3, AMD=0",203.94518359375,204.3465859375,True,-0.002206860575824976,0.002106959233060479,-2.2779620849178173e-05,-23.84796905517578,22.511253356933594,1752.109619140625,0,121,0,3,0.002235530875623226,46.17669677734375,0.06142810732126236
16,"PMD=122 PMS=3, AMD=0",204.3465859375,204.74798828125,True,-0.0021675240714102983,0.0026148760225623846,6.160882185213268e-05,-23.836650848388672,22.50929832458496,1752.110595703125,0,122,0,3,0.002362916711717844,46.20753479003906,0.061426907777786255
16,"PMD=123 PMS=3, AMD=0",204.74798828125,205.149390625,True,-0.0020704232156276703,0.002481990261003375,0.00014237398863770068,-23.841691970825195,22.511009216308594,1752.1083984375,0,123,0,3,0.0024513257667422295,46.16845703125,0.0614280179142952
16,"PMD=124 PMS=3, AMD=0",205.149390625,205.55079296875002,True,-0.0021395739167928696,0.0022322784643620253,0.00012218262418173254,-23.841899871826172,22.507465362548828,1752.1092529296875,0,124,0,3,0.0023038811050355434,46.21118927001953,0.061426639556884766
16,"PMD=125 PMS=3, AMD=0",205.55079296875002,205.9521953125,True,-0.001955723389983177,0.002549366559833288,1.138983316195663e-05,-23.836639404296875,22.511173248291016,1752.111083984375,0,125,0,3,0.0022663348354399204,46.189998626708984,0.06142779812216759
16,"PMD=126 PMS=3, AMD=0",205.9521953125,206.35359765625,True,-0.0023283895570784807,0.002371789189055562,0.00011286356311757118,-23.846044540405273,22.50836181640625,1752.1082763671875,0,126,0,3,0.002577733714133501,46.20738983154297,0.061427436769008636
16,"PMD=127 PMS=3, AMD=0",206.35359765625,206.75500000000002,True,-0.002174977445974946,0.002580799860879779,0.00010095586912939325,-23.843616485595703,22.50326919555664,1752.1103515625,0,127,0,3,0.0022455062717199326,46.15959548950195,0.06142689287662506
16,"PMD=0 PMS=4, AMD=0",206.75500000000002,207.15640234375,True,-0.0014563258737325668,0.0010760945733636618,-0.0001232163340318948,-0.035786520689725876,0.03661127761006355,1752.108154296875,0,0,0,4,0.0013082507066428661,0.034981273114681244,0.06143303960561752
16,"PMD=1 PMS=4, AMD=0",207.15640234375,207.5578046875,True,-0.0014940093969926238,0.0012552494881674647,-0.00014185394684318453,-0.03607545420527458,0.03834482282400131,1752.1090087890625,0,1,0,4,0.0013118735514581203,0.040037572383880615,0.06143278628587723
16,"PMD=2 PMS=4, AMD=0",207.5578046875,207.95920703125,True,-0.001496597658842802,0.0009889003122225404,-0.00017498737724963576,-0.03792259097099304,0.03838610276579857,1752.1087646484375,0,2,0,4,0.0014180121943354607,0.03825750946998596,0.061432551592588425
16,"PMD=3 PMS=4, AMD=0",207.95920703125,208.360609375,True,-0.0014258890878409147,0.0010871751001104712,-0.00015220814384520054,-0.0380154624581337,0.035992152988910675,1752.107421875,0,3,0,4,0.001294269459322095,0.04117261618375778,0.061432816088199615
16,"PMD=4 PMS=4, AMD=0",208.360609375,208.76201171875002,True,-0.0023074790369719267,0.0014942664420232177,-0.0004400502657517791,-1.93638277053833,0.9878203272819519,1752.107666015625,0,4,0,4,0.0020367265678942204,2.8321969509124756,0.06143207848072052
16,"PMD=5 PMS=4, AMD=0",208.76201171875002,209.1634140625,True,-0.0011678963201120496,0.0015866442117840052,0.00011286356311757118,-1.9083251953125,0.9780434966087341,1752.107177734375,0,5,0,4,0.00136679713614285,2.83652400970459,0.061426881700754166
16,"PMD=6 PMS=4, AMD=0",209.1634140625,209.56481640625,True,-0.0014848991995677352,0.002023275475949049,0.00012684217654168606,-1.9211349487304688,0.9885216355323792,1752.10888671875,0,6,0,4,0.002112362999469042,2.8236167430877686,0.061425384134054184
16,"PMD=7 PMS=4, AMD=0",209.56481640625,209.96621875000002,True,-0.0013288839254528284,0.002036946825683117,0.00038208533078432083,-1.921372413635254,0.9806424975395203,1752.1083984375,0,7,0,4,0.002000791486352682,2.823972463607788,0.061428651213645935
16,"PMD=8 PMS=4, AMD=0",209.96621875000002,210.36762109375,True,-0.0018499249126762152,0.0017604242311790586,-1.760244049364701e-05,-3.8066978454589844,2.8532748222351074,1752.1087646484375,0,8,0,4,0.0019280083943158388,6.599225044250488,0.06143062934279442
16,"PMD=9 PMS=4, AMD=0",210.36762109375,210.7690234375,True,-0.0018178328173235059,0.001461851759813726,1.8637918401509523e-05,-3.8069047927856445,2.852203607559204,1752.109375,0,9,0,4,0.0017435566987842321,6.59876823425293,0.061428990215063095
16,"PMD=10 PMS=4, AMD=0",210.7690234375,211.17042578125,True,-0.0017840847140178084,0.001605699653737247,-9.422440780326724e-05,-3.827815532684326,2.850637674331665,1752.107421875,0,10,0,4,0.002048092894256115,6.588260650634766,0.061426639556884766
16,"PMD=11 PMS=4, AMD=0",211.17042578125,211.571828125,True,-0.0016890504630282521,0.0017450966406613588,0.0001651540515013039,-3.809448719024658,2.8505139350891113,1752.1085205078125,0,11,0,4,0.001845183433033526,6.5983123779296875,0.061426710337400436
16,"PMD=12 PMS=4, AMD=0",211.571828125,211.97323046875002,True,-0.00200178986415267,0.00231736246496439,9.500211308477446e-05,-4.751636505126953,3.84562611579895,1752.1083984375,0,12,0,4,0.0026161910500377417,8.492244720458984,0.06142576038837433
16,"PMD=13 PMS=4, AMD=0",211.97323046875002,212.3746328125,True,-0.0022888462990522385,0.002218607347458601,4.245309537509456e-05,-4.751626014709473,3.8457703590393066,1752.10986328125,0,13,0,4,0.0026430096477270126,8.463726043701172,0.06142675504088402
16,"PMD=14 PMS=4, AMD=0",212.3746328125,212.77603515625,True,-0.0023892566096037626,0.0020565211307257414,0.00015065763727761805,-4.747735977172852,3.842681407928467,1752.1104736328125,0,14,0,4,0.0023638824932277203,8.496990203857422,0.061426013708114624
16,"PMD=15 PMS=4, AMD=0",212.77603515625,213.17743750000002,True,-0.0021348122972995043,0.0021297442726790905,3.313410343253054e-05,-4.756199836730957,3.8404574394226074,1752.107421875,0,15,0,4,0.0023401076905429363,8.468785285949707,0.061424728482961655
16,"PMD=16 PMS=4, AMD=0",213.17743750000002,213.57883984375,True,-0.001282606739550829,0.001488570705987513,0.00019155828340444714,-6.660910606384277,5.685399055480957,1752.1097412109375,0,16,0,4,0.0015267671551555395,12.25152587890625,0.06142925098538399
16,"PMD=17 PMS=4, AMD=0",213.57883984375,213.9802421875,True,-0.0016415327554568648,0.0017311673145741224,-0.00010095468314830214,-6.666069030761719,5.684144020080566,1752.110107421875,0,17,0,4,0.0017233463004231453,12.263721466064453,0.06143013387918472
16,"PMD=18 PMS=4, AMD=0",213.9802421875,214.38164453125,True,-0.0017565476009622216,0.0017515176441520452,-4.5559179852716625e-05,-6.660558223724365,5.685070037841797,1752.1092529296875,0,18,0,4,0.0017597345868125558,12.251096725463867,0.06142972409725189
16,"PMD=19 PMS=4, AMD=0",214.38164453125,214.783046875,True,-0.0017014732584357262,0.0016398754669353366,4.193536733509973e-05,-6.656373500823975,5.680174350738525,1752.1082763671875,0,19,0,4,0.001819891156628728,12.248895645141602,0.061429206281900406
16,"PMD=20 PMS=4, AMD=0",214.783046875,215.18444921875002,True,-0.0022209391463547945,0.0021451758220791817,3.106316853518365e-06,-8.57018756866455,7.566883563995361,1752.1090087890625,0,20,0,4,0.0023198826238512993,16.01998519897461,0.06142731010913849
16,"PMD=21 PMS=4, AMD=0",215.18444921875002,215.5858515625,True,-0.0021791181061416864,0.002178318565711379,8.594183600507677e-05,-8.570747375488281,7.565322399139404,1752.109619140625,0,21,0,4,0.0022049606777727604,16.021312713623047,0.061425890773534775
16,"PMD=22 PMS=4, AMD=0",215.5858515625,215.98725390625,True,-0.0021809812169522047,0.0019322396256029606,-3.520484460750595e-05,-8.56983470916748,7.56503438949585,1752.106689453125,0,22,0,4,0.0023794537410140038,16.035429000854492,0.06142725795507431
16,"PMD=23 PMS=4, AMD=0",215.98725390625,216.38865625000003,True,-0.0022579978685826063,0.0024134248960763216,-5.694893843610771e-05,-8.563695907592773,7.555253505706787,1752.1083984375,0,23,0,4,0.00233281496912241,16.015499114990234,0.06142719089984894
16,"PMD=24 PMS=4, AMD=0",216.38865625000003,216.79005859375,True,-0.0019333629170432687,0.0018552899127826095,-4.5559179852716625e-05,-9.481405258178711,8.506490707397461,1752.109375,0,24,0,4,0.0020456137135624886,17.912429809570312,0.06142815202474594
16,"PMD=25 PMS=4, AMD=0",216.79005859375,217.1914609375,True,-0.002056137891486287,0.0018427585018798709,-4.1417538341192994e-06,-9.48586654663086,8.508954048156738,1752.1077880859375,0,25,0,4,0.002147983992472291,17.913721084594727,0.0614284984767437
16,"PMD=26 PMS=4, AMD=0",217.1914609375,217.59286328125,True,-0.0019847091753035784,0.0019272686913609505,-4.763004835695028e-05,-9.48497486114502,8.522795677185059,1752.10986328125,0,26,0,4,0.0018177302554249763,17.9062442779541,0.06142823025584221
16,"PMD=27 PMS=4, AMD=0",217.59286328125,217.994265625,True,-0.0019147292478010058,0.002039950340986252,0.00012218262418173254,-9.482815742492676,8.521276473999023,1752.1094970703125,0,27,0,4,0.0018974447157233953,17.91249656677246,0.06142745167016983
16,"PMD=28 PMS=4, AMD=0",217.994265625,218.39566796875002,True,-0.0020401959773153067,0.0019109052373096347,0.00014133854710962623,-11.443011283874512,10.368706703186035,1752.1080322265625,0,28,0,4,0.0021205891389399767,21.683513641357422,0.06142711639404297
16,"PMD=29 PMS=4, AMD=0",218.39566796875002,218.7970703125,True,-0.0021254955790936947,0.001978223444893956,8.076459926087409e-05,-11.436509132385254,10.366121292114258,1752.10888671875,0,29,0,4,0.0018011522479355335,21.663267135620117,0.06142839789390564
16,"PMD=30 PMS=4, AMD=0",218.7970703125,219.19847265625,True,-0.0018764262786135077,0.0016780903097242117,0.00013771445082966238,-11.430214881896973,10.362141609191895,1752.1068115234375,0,30,0,4,0.0016882875934243202,21.679149627685547,0.06142950803041458
16,"PMD=31 PMS=4, AMD=0",219.19847265625,219.59987500000003,True,-0.00202963687479496,0.0018679250497370958,4.607714799931273e-05,-11.423046112060547,10.362593650817871,1752.1107177734375,0,31,0,4,0.0016970752039924264,21.675933837890625,0.06142982095479965
16,"PMD=32 PMS=4, AMD=0",219.59987500000003,220.00127734375,True,-0.0014648149954155087,0.0014509778702631593,-3.9346581615973264e-05,-12.326519012451172,12.256381034851074,1752.109130859375,0,32,0,4,0.001718179788440466,24.498079299926758,0.061431024223566055
16,"PMD=33 PMS=4, AMD=0",220.00127734375,220.4026796875,True,-0.001557574258185923,0.0017413682071492076,-4.1417446482228115e-05,-12.328367233276367,12.257734298706055,1752.108642578125,0,33,0,4,0.0015981965698301792,24.509090423583984,0.0614297054708004
16,"PMD=34 PMS=4, AMD=0",220.4026796875,220.80408203125,True,-0.0015045690815895796,0.0014315084554255009,-5.177178172743879e-05,-12.333563804626465,12.256996154785156,1752.1082763671875,0,34,0,4,0.0015715446788817644,24.494159698486328,0.06143033877015114
16,"PMD=35 PMS=4, AMD=0",220.80408203125,221.205484375,True,-0.0014600529102608562,0.001443003537133336,-0.00015634983719792217,-12.324377059936523,12.253308296203613,1752.109375,0,35,0,4,0.0015391805209219456,24.50916290283203,0.0614297091960907
16,"PMD=36 PMS=4, AMD=0",221.205484375,221.60688671875002,True,-0.0038029539864510298,0.0032173930667340755,-1.0354379810451064e-05,-14.36250114440918,13.186565399169922,1752.1075439453125,0,36,0,4,0.002997032133862376,27.351408004760742,0.061424288898706436
16,"PMD=37 PMS=4, AMD=0",221.60688671875002,222.0082890625,True,-0.0032301750034093857,0.002907688030973077,5.5396150855813175e-05,-14.365496635437012,13.1827974319458,1752.107421875,0,37,0,4,0.0028855353593826294,27.350662231445312,0.06142541766166687
16,"PMD=38 PMS=4, AMD=0",222.0082890625,222.40969140625,True,-0.003924875054508448,0.003214182099327445,-0.00012632260040845722,-14.357672691345215,13.187057495117188,1752.10888671875,0,38,0,4,0.002823146525770426,27.312732696533203,0.061425041407346725
16,"PMD=39 PMS=4, AMD=0",222.40969140625,222.81109375000003,True,-0.002826080657541752,0.0026767109520733356,4.2970816139131784e-05,-14.354238510131836,13.194143295288086,1752.1092529296875,0,39,0,4,0.0025609186850488186,27.360708236694336,0.06142503768205643
16,"PMD=40 PMS=4, AMD=0",222.81109375000003,223.21249609375,True,-0.002509747864678502,0.0025719963014125824,0.000187416429980658,-16.164487838745117,15.047930717468262,1752.10888671875,0,40,0,4,0.002413594163954258,31.091501235961914,0.0614263191819191
16,"PMD=41 PMS=4, AMD=0",223.21249609375,223.6138984375,True,-0.002458818955346942,0.0021720007061958313,6.937466969247907e-05,-16.168989181518555,15.042447090148926,1752.10986328125,0,41,0,4,0.0025425043422728777,31.123918533325195,0.06142625957727432
16,"PMD=42 PMS=4, AMD=0",223.6138984375,224.01530078125,True,-0.0023820106871426105,0.0020337363239377737,0.00018172139243688434,-16.165029525756836,15.041997909545898,1752.108154296875,0,42,0,4,0.0020768214017152786,31.100845336914062,0.061427630484104156
16,"PMD=43 PMS=4, AMD=0",224.01530078125,224.416703125,True,-0.0024828340392559767,0.0023755175061523914,-6.212609878275543e-05,-16.17294692993164,15.046704292297363,1752.1107177734375,0,43,0,4,0.002708205720409751,31.115447998046875,0.06142579764127731
16,"PMD=44 PMS=4, AMD=0",224.416703125,224.81810546875002,True,-0.0032378346659243107,0.003473555902019143,-0.00015945608902256936,-17.087778091430664,16.103391647338867,1752.1090087890625,0,44,0,4,0.004083000589162111,33.02009582519531,0.06142135709524155
16,"PMD=45 PMS=4, AMD=0",224.81810546875002,225.2195078125,True,-0.0034382182639092207,0.003446520073339343,-0.00012942886678501964,-17.097576141357422,16.085357666015625,1752.108642578125,0,45,0,4,0.003985390532761812,32.9750862121582,0.06142127886414528
16,"PMD=46 PMS=4, AMD=0",225.2195078125,225.62091015625,True,-0.0032218946143984795,0.0035712372045964003,-0.00018016446847468615,-17.079566955566406,16.096235275268555,1752.10986328125,0,46,0,4,0.004002493806183338,33.016563415527344,0.06141943857073784
16,"PMD=47 PMS=4, AMD=0",225.62091015625,226.02231250000003,True,-0.0035862261429429054,0.0036379473749548197,-0.00010457867756485939,-17.088153839111328,16.09042739868164,1752.109130859375,0,47,0,4,0.0034247292205691338,32.979759216308594,0.06142182648181915
16,"PMD=48 PMS=4, AMD=0",226.02231250000003,226.42371484375,True,-0.0015424595912918448,0.0014796642353758216,-0.00014910189202055335,-18.988815307617188,17.84070587158203,1752.109375,0,48,0,4,0.0015236397739499807,36.770164489746094,0.06143065169453621
16,"PMD=49 PMS=4, AMD=0",226.42371484375,226.8251171875,True,-0.0015675127506256104,0.0015672778245061636,9.215452882926911e-05,-18.99918556213379,17.848590850830078,1752.1094970703125,0,49,0,4,0.001529087545350194,36.76871871948242,0.061429210007190704
16,"PMD=50 PMS=4, AMD=0",226.8251171875,227.22651953125,True,-0.001465436303988099,0.0015668632695451379,6.316199142020196e-05,-18.988250732421875,17.845565795898438,1752.1092529296875,0,50,0,4,0.0016163275577127934,36.7691650390625,0.061428770422935486
16,"PMD=51 PMS=4, AMD=0",227.22651953125,227.627921875,True,-0.0014637798303738236,0.0016027999809011817,3.1580937502440065e-05,-18.993989944458008,17.846792221069336,1752.1102294921875,0,51,0,4,0.0014972365461289883,36.764198303222656,0.06142984330654144
16,"PMD=52 PMS=4, AMD=0",227.627921875,228.02932421875002,True,-0.0031900147441774607,0.003385197836905718,0.00013305489846970886,-20.900318145751953,19.819416046142578,1752.109619140625,0,52,0,4,0.0028572918381541967,40.544219970703125,0.061426177620887756
16,"PMD=53 PMS=4, AMD=0",228.02932421875002,228.4307265625,True,-0.0033839824609458447,0.003685183357447386,-2.7956801204709336e-05,-20.89033317565918,19.82708740234375,1752.1097412109375,0,53,0,4,0.0030472709331661463,40.52141571044922,0.061426181346178055
16,"PMD=54 PMS=4, AMD=0",228.4307265625,228.83212890625,True,-0.003246735082939267,0.0028313505463302135,4.659486876334995e-05,-20.896495819091797,19.819499969482422,1752.108642578125,0,54,0,4,0.002692639362066984,40.50006103515625,0.0614270381629467
16,"PMD=55 PMS=4, AMD=0",228.83212890625,229.23353125000003,True,-0.0032900008372962475,0.0034309823531657457,-4.1417538341192994e-06,-20.89703941345215,19.815174102783203,1752.1099853515625,0,55,0,4,0.00297019025310874,40.55469512939453,0.06142504885792732
16,"PMD=56 PMS=4, AMD=0",229.23353125000003,229.63493359375,True,-0.0015379043761640787,0.001627447665669024,-0.00015220814384520054,-21.868438720703125,20.65671730041504,1752.1087646484375,0,56,0,4,0.0015391639899462461,42.427860260009766,0.06143062561750412
16,"PMD=57 PMS=4, AMD=0",229.63493359375,230.03633593749998,True,-0.001617825822904706,0.0016919680638238788,5.2807536121690646e-05,-21.8858699798584,20.659896850585938,1752.108154296875,0,57,0,4,0.0016555357724428177,42.41413879394531,0.06142919510602951
16,"PMD=58 PMS=4, AMD=0",230.03633593749998,230.43773828125,True,-0.0014116023667156696,0.0015094898408278823,-0.00014806647959630936,-21.8748779296875,20.656553268432617,1752.1092529296875,0,58,0,4,0.0017411012668162584,42.417598724365234,0.061430398374795914
16,"PMD=59 PMS=4, AMD=0",230.43773828125,230.839140625,True,-0.001669173943810165,0.001576080801896751,3.416954859858379e-05,-21.871137619018555,20.650964736938477,1752.109130859375,0,59,0,4,0.0017819954082369804,42.42534637451172,0.06142875552177429
16,"PMD=60 PMS=4, AMD=0",230.839140625,231.24054296875002,True,-0.0023422606755048037,0.0023855639155954123,6.833922816440463e-05,-23.85184097290039,22.501516342163086,1752.109130859375,0,60,0,4,0.0022675897926092148,46.20948028564453,0.061426661908626556
16,"PMD=61 PMS=4, AMD=0",231.24054296875002,231.6419453125,True,-0.002460682298988104,0.002338024554774165,-0.00010043696966022253,-23.82928466796875,22.506324768066406,1752.10986328125,0,61,0,4,0.0022996910847723484,46.186439514160156,0.06142837554216385
16,"PMD=62 PMS=4, AMD=0",231.6419453125,232.04334765625,True,-0.002233775332570076,0.0024031708016991615,3.209865826647729e-05,-23.85353660583496,22.510234832763672,1752.107421875,0,62,0,4,0.002621458377689123,46.207275390625,0.06142627075314522
16,"PMD=63 PMS=4, AMD=0",232.04334765625,232.44475000000003,True,-0.002195680746808648,0.0021093410905450583,-4.763004835695028e-05,-23.836627960205078,22.517282485961914,1752.1102294921875,0,63,0,4,0.0020522631239145994,46.154571533203125,0.06142795458436012
16,"PMD=64 PMS=4, AMD=0",232.44475000000003,232.84615234375,True,-0.0013485541567206383,0.0015494134277105331,1.6308174963342026e-05,-24.714731216430664,25.28962516784668,1752.10888671875,0,64,0,4,0.0015743857948109508,49.94071960449219,0.061430856585502625
16,"PMD=65 PMS=4, AMD=0",232.84615234375,233.24755468749998,True,-0.0014188492204993963,0.0015482223825529218,-1.0354385722166626e-06,-24.72056007385254,25.288606643676758,1752.1102294921875,0,65,0,4,0.0014237359864637256,49.93157196044922,0.06143096834421158
16,"PMD=66 PMS=4, AMD=0",233.24755468749998,233.64895703125,True,-0.0014292020350694656,0.0014729328686371446,-6.109067180659622e-05,-24.72420310974121,25.28929901123047,1752.109130859375,0,66,0,4,0.0014682526234537363,49.93670654296875,0.06143121421337128
16,"PMD=67 PMS=4, AMD=0",233.64895703125,234.050359375,True,-0.001438105246052146,0.001397126354277134,-2.174418477807194e-05,-24.723949432373047,25.28881072998047,1752.1099853515625,0,67,0,4,0.0015632433351129293,49.932132720947266,0.06142978370189667
16,"PMD=68 PMS=4, AMD=0",234.050359375,234.45176171875002,True,-0.002272076439112425,0.0023570817429572344,-4.970090958522633e-05,-26.67877197265625,26.225231170654297,1752.1092529296875,0,68,0,4,0.002236036816611886,52.76960754394531,0.06142735108733177
16,"PMD=69 PMS=4, AMD=0",234.45176171875002,234.8531640625,True,-0.002288535702973604,0.002256255131214857,-9.940154268406332e-05,-26.68171501159668,26.22515106201172,1752.108154296875,0,69,0,4,0.0022300942800939083,52.787574768066406,0.06142662465572357
16,"PMD=70 PMS=4, AMD=0",234.8531640625,235.25456640625,True,-0.0019917485769838095,0.0019959339406341314,-8.283470378955826e-05,-26.681076049804688,26.221696853637695,1752.109130859375,0,70,0,4,0.002147502265870571,52.759803771972656,0.06142729893326759
16,"PMD=71 PMS=4, AMD=0",235.25456640625,235.65596875000003,True,-0.002382217673584819,0.0024404574651271105,2.1226522221695632e-05,-26.671667098999023,26.217144012451172,1752.1097412109375,0,71,0,4,0.002432243898510933,52.78109359741211,0.06142667308449745
16,"PMD=72 PMS=4, AMD=0",235.65596875000003,236.05737109375,True,-0.002046613721176982,0.002207007259130478,-9.31894282985013e-06,-28.571866989135742,28.095138549804688,1752.106689453125,0,72,0,4,0.0020998623222112656,56.542091369628906,0.06142792850732803
16,"PMD=73 PMS=4, AMD=0",236.05737109375,236.45877343749999,True,-0.0022027199156582355,0.0022235787473618984,-6.419696001103148e-05,-28.596332550048828,28.089616775512695,1752.1097412109375,0,73,0,4,0.0022753672674298286,56.5477294921875,0.06142725795507431
16,"PMD=74 PMS=4, AMD=0",236.45877343749999,236.86017578125,True,-0.002171043772250414,0.0021824613213539124,-2.950995258288458e-05,-28.600738525390625,28.0903263092041,1752.1090087890625,0,74,0,4,0.0021986491046845913,56.54003143310547,0.06142713129520416
16,"PMD=75 PMS=4, AMD=0",236.86017578125,237.261578125,True,-0.002450537635013461,0.0023322247434407473,8.853046165313572e-05,-28.59398078918457,28.090347290039062,1752.10888671875,0,75,0,4,0.0023633656091988087,56.56328582763672,0.06142716854810715
16,"PMD=76 PMS=4, AMD=0",237.261578125,237.66298046875002,True,-0.0022482676431536674,0.002316481666639447,2.5886009098030627e-05,-29.51076316833496,29.044818878173828,1752.106689453125,0,76,0,4,0.0023426911793649197,58.440555572509766,0.06142747774720192
16,"PMD=77 PMS=4, AMD=0",237.66298046875002,238.0643828125,True,-0.002060278784483671,0.0019610316958278418,7.35164649086073e-05,-29.508434295654297,29.04177474975586,1752.1083984375,0,77,0,4,0.0022303389851003885,58.429649353027344,0.06142742931842804
16,"PMD=78 PMS=4, AMD=0",238.0643828125,238.46578515625,True,-0.0020159720443189144,0.0019917909521609545,-6.212609878275543e-05,-29.516286849975586,29.045185089111328,1752.1109619140625,0,78,0,4,0.00197977339848876,58.44681930541992,0.061428219079971313
16,"PMD=79 PMS=4, AMD=0",238.46578515625,238.86718750000003,True,-0.002162244636565447,0.0021402565762400627,-0.00017446966376155615,-29.511531829833984,29.036113739013672,1752.1090087890625,0,79,0,4,0.00215536798350513,58.42973709106445,0.061429549008607864
16,"PMD=80 PMS=4, AMD=0",238.86718750000003,239.26858984375,True,-0.001955516403540969,0.0017474786145612597,8.749500557314605e-05,-31.46383285522461,30.868825912475586,1752.10888671875,0,80,0,4,0.0019989456050097942,62.20012664794922,0.061428092420101166
16,"PMD=81 PMS=4, AMD=0",239.26858984375,239.6699921875,True,-0.0019608994480222464,0.0018625396769493818,1.5531583130723448e-06,-31.47148323059082,30.87020492553711,1752.1075439453125,0,81,0,4,0.0019202135736122727,62.20563507080078,0.06142761930823326
16,"PMD=82 PMS=4, AMD=0",239.6699921875,240.07139453125,True,-0.001971458550542593,0.0016802652971819043,0.00020760795450769365,-31.4657039642334,30.868743896484375,1752.107177734375,0,82,0,4,0.0021890602074563503,62.19611358642578,0.06142786890268326
16,"PMD=83 PMS=4, AMD=0",240.07139453125,240.472796875,True,-0.0021035494282841682,0.0018257738556712866,-8.283505849249195e-06,-31.459463119506836,30.86992073059082,1752.1097412109375,0,83,0,4,0.002170269377529621,62.20744705200195,0.06142756715416908
16,"PMD=84 PMS=4, AMD=0",240.472796875,240.87419921875002,True,-0.0019401954486966133,0.0018181619234383106,-6.057293649064377e-05,-33.35968017578125,32.7055549621582,1752.1083984375,0,84,0,4,0.0019176221685484052,65.97511291503906,0.06142791733145714
16,"PMD=85 PMS=4, AMD=0",240.87419921875002,241.27560156250001,True,-0.0016610990278422832,0.001945807016454637,6.885695620439947e-05,-33.35948181152344,32.703792572021484,1752.108642578125,0,85,0,4,0.0019326237961649895,65.97886657714844,0.06142815947532654
16,"PMD=86 PMS=4, AMD=0",241.27560156250001,241.67700390625,True,-0.0019163854885846376,0.001674465835094452,6.212634616531432e-06,-33.36577224731445,32.70257568359375,1752.10888671875,0,86,0,4,0.001812125090509653,65.98827362060547,0.061428867280483246
16,"PMD=87 PMS=4, AMD=0",241.67700390625,242.07840625000003,True,-0.0016401871107518673,0.0018123103072866797,-0.00010872038546949625,-33.35832214355469,32.70513153076172,1752.110595703125,0,87,0,4,0.0018777663353830576,65.98202514648438,0.06142845004796982
16,"PMD=88 PMS=4, AMD=0",242.07840625000003,242.47980859375,True,-0.0020923693664371967,0.0025090232957154512,0.0001454803568776697,-34.3045768737793,33.666656494140625,1752.10888671875,0,88,0,4,0.002144855447113514,67.86148071289062,0.06142714247107506
16,"PMD=89 PMS=4, AMD=0",242.47980859375,242.8812109375,True,-0.002275078557431698,0.0022389073856174946,4.659476417145925e-06,-34.30076599121094,33.668663024902344,1752.1080322265625,0,89,0,4,0.002310066483914852,67.87251281738281,0.06142629683017731
16,"PMD=90 PMS=4, AMD=0",242.8812109375,243.28261328125,True,-0.0023490923922508955,0.002220678376033902,-0.00011493293277453631,-34.31533432006836,33.676212310791016,1752.1082763671875,0,90,0,4,0.002407881896942854,67.84996032714844,0.06142834573984146
16,"PMD=91 PMS=4, AMD=0",243.28261328125,243.684015625,True,-0.0020996155217289925,0.0021551186218857765,-0.00011286207882221788,-34.307861328125,33.66434860229492,1752.10693359375,0,91,0,4,0.0023884805850684643,67.87742614746094,0.06142795830965042
16,"PMD=92 PMS=4, AMD=0",243.684015625,244.08541796875002,True,-0.0016203103587031364,0.0015332059701904655,-0.00010457867756485939,-36.2412109375,35.48276901245117,1752.1104736328125,0,92,0,4,0.001660333015024662,71.63478088378906,0.061429012566804886
16,"PMD=93 PMS=4, AMD=0",244.08541796875002,244.48682031250002,True,-0.0014217480784282088,0.0016785047482699156,2.640372622408904e-05,-36.22553253173828,35.4849967956543,1752.10791015625,0,93,0,4,0.0016872526612132788,71.6353759765625,0.06142913177609444
16,"PMD=94 PMS=4, AMD=0",244.48682031250002,244.88822265625,True,-0.0017523032147437334,0.0016120688524097204,8.154118404490873e-05,-36.22309875488281,35.47154998779297,1752.1092529296875,0,94,0,4,0.001781993079930544,71.63734436035156,0.06142974644899368
16,"PMD=95 PMS=4, AMD=0",244.88822265625,245.28962500000003,True,-0.0015710325678810477,0.0014431072631850839,-1.760244049364701e-05,-36.233604431152344,35.48479080200195,1752.110107421875,0,95,0,4,0.0015453810337930918,71.63888549804688,0.06143028289079666
16,"PMD=96 PMS=4, AMD=0",245.28962500000003,245.69102734375,True,-0.001860691118054092,0.0018598471069708467,2.7439171390142292e-05,-37.2059326171875,37.3324089050293,1752.107666015625,0,96,0,4,0.002047586487606168,74.43878173828125,0.06142880395054817
16,"PMD=97 PMS=4, AMD=0",245.69102734375,246.0924296875,True,-0.0017430896405130625,0.0016893789870664477,2.277968087582849e-05,-37.20357131958008,37.341339111328125,1752.1082763671875,0,97,0,4,0.0017814852762967348,74.44181060791016,0.06142931431531906
16,"PMD=98 PMS=4, AMD=0",246.0924296875,246.49383203125,True,-0.0017319089965894818,0.0016483678482472897,-3.8311147363856435e-05,-37.21293258666992,37.34061050415039,1752.10986328125,0,98,0,4,0.0017819753848016262,74.44734191894531,0.061429109424352646
16,"PMD=99 PMS=4, AMD=0",246.49383203125,246.895234375,True,-0.0019857443403452635,0.001783208572305739,0.00011881740647368133,-37.19215393066406,37.34113311767578,1752.1063232421875,0,99,0,4,0.001952183898538351,74.44950103759766,0.061428189277648926
16,"PMD=100 PMS=4, AMD=0",246.895234375,247.29663671875002,True,-0.0043280902318656445,0.0044000716879963875,-0.00011700378672685474,-39.36592102050781,39.17543029785156,1752.1103515625,0,100,0,4,0.004054281860589981,78.2344970703125,0.06142042204737663
16,"PMD=101 PMS=4, AMD=0",247.29663671875002,247.69803906250002,True,-0.00445869704708457,0.004393027629703283,-8.283505849249195e-06,-39.34989547729492,39.17341232299805,1752.1104736328125,0,101,0,4,0.003918228670954704,78.2373046875,0.06142129376530647
16,"PMD=102 PMS=4, AMD=0",247.69803906250002,248.09944140625,True,-0.005032430402934551,0.004884709604084492,4.504170283325948e-05,-39.36079025268555,39.180355072021484,1752.109619140625,0,102,0,4,0.003402471076697111,78.1324691772461,0.061422862112522125
16,"PMD=103 PMS=4, AMD=0",248.09944140625,248.50084375000003,True,-0.0047822026535868645,0.004810011945664883,-0.00014185394684318453,-39.370697021484375,39.17781448364258,1752.10888671875,0,103,0,4,0.003962134942412376,78.27932739257812,0.06142168864607811
16,"PMD=104 PMS=4, AMD=0",248.50084375000003,248.90224609375,True,-0.0023697956930845976,0.002219229005277157,0.00011726422962965444,-41.1308708190918,40.09923553466797,1752.108154296875,0,104,0,4,0.0022660838440060616,81.03756713867188,0.06142808869481087
16,"PMD=105 PMS=4, AMD=0",248.90224609375,249.3036484375,True,-0.0024871816858649254,0.0022187107242643833,-1.2425254681147635e-05,-41.12995147705078,40.098609924316406,1752.1092529296875,0,105,0,4,0.00247105467133224,81.08638000488281,0.06142638623714447
16,"PMD=106 PMS=4, AMD=0",249.3036484375,249.70505078125,True,-0.0027962697204202414,0.002636729972437024,2.4332843167940155e-05,-41.13276290893555,40.098167419433594,1752.10791015625,0,106,0,4,0.002659271005541086,81.02417755126953,0.06142619997262955
16,"PMD=107 PMS=4, AMD=0",249.70505078125,250.106453125,True,-0.002806413918733597,0.0029331680852919817,0.000227799522690475,-41.14696502685547,40.09235763549805,1752.1085205078125,0,107,0,4,0.003026124555617571,81.0852279663086,0.06142568215727806
16,"PMD=108 PMS=4, AMD=0",250.106453125,250.50785546875002,True,-0.0028101401403546333,0.002540613291785121,0.0,-42.114131927490234,41.95033645629883,1752.1097412109375,0,108,0,4,0.002766713732853532,83.85111236572266,0.06142478063702583
16,"PMD=109 PMS=4, AMD=0",250.50785546875002,250.90925781250002,True,-0.0030270947609096766,0.0027253918815404177,0.000329275761032477,-42.086238861083984,41.94412612915039,1752.10888671875,0,109,0,4,0.002793531399220228,83.87783813476562,0.0614248663187027
16,"PMD=110 PMS=4, AMD=0",250.90925781250002,251.31066015625,True,-0.0031204584520310163,0.002891840413212776,0.000187416429980658,-42.049739837646484,41.95138168334961,1752.1094970703125,0,110,0,4,0.003265256993472576,83.86329650878906,0.06142387539148331
16,"PMD=111 PMS=4, AMD=0",251.31066015625,251.71206250000003,True,-0.0029736850410699844,0.0029391758143901825,0.00022728178009856492,-42.08069610595703,41.93897247314453,1752.1072998046875,0,111,0,4,0.0028597533237189054,83.86480712890625,0.061423979699611664
16,"PMD=112 PMS=4, AMD=0",251.71206250000003,252.11346484375,True,-0.0030057725962251425,0.002605658257380128,3.054549597436562e-05,-44.02357864379883,43.80096435546875,1752.109619140625,0,112,0,4,0.002728344639763236,87.62457275390625,0.06142537668347359
16,"PMD=113 PMS=4, AMD=0",252.11346484375,252.5148671875,True,-0.002908474300056696,0.002602136693894863,0.0003018356510438025,-44.039730072021484,43.79991912841797,1752.1114501953125,0,113,0,4,0.002714378759264946,87.65011596679688,0.0614251047372818
16,"PMD=114 PMS=4, AMD=0",252.5148671875,252.91626953125,True,-0.00262630358338356,0.002819646615535021,0.0001522108359495178,-44.02109909057617,43.79887390136719,1752.110595703125,0,114,0,4,0.002929448150098324,87.62904357910156,0.06142329052090645
16,"PMD=115 PMS=4, AMD=0",252.91626953125,253.317671875,True,-0.002906197216361761,0.0027008436154574156,-5.177191724214936e-06,-43.992881774902344,43.78635787963867,1752.1092529296875,0,115,0,4,0.0026988787576556206,87.64897155761719,0.06142392382025719
16,"PMD=116 PMS=4, AMD=0",253.317671875,253.71907421875002,True,-0.00489810761064291,0.0048395381309092045,0.0001542817335575819,-46.10394287109375,44.694488525390625,1752.108642578125,0,116,0,4,0.0032434468157589436,90.49274444580078,0.06142465025186539
16,"PMD=117 PMS=4, AMD=0",253.71907421875002,254.12047656250002,True,-0.00473521975800395,0.004193606786429882,0.00026714729028753936,-46.115108489990234,44.69211196899414,1752.1099853515625,0,117,0,4,0.003345069009810686,90.45272064208984,0.06142331659793854
16,"PMD=118 PMS=4, AMD=0",254.12047656250002,254.52187890625,True,-0.0046975500881671906,0.004333667457103729,-5.901980330236256e-05,-46.116676330566406,44.69649887084961,1752.1082763671875,0,118,0,4,0.0037886295467615128,90.54866790771484,0.06142224371433258
16,"PMD=119 PMS=4, AMD=0",254.52187890625,254.92328125000003,True,-0.0045027839951217175,0.004092189483344555,-7.662212738068774e-05,-46.11424255371094,44.695613861083984,1752.109619140625,0,119,0,4,0.0029384088702499866,90.45721435546875,0.06142456457018852
16,"PMD=120 PMS=4, AMD=0",254.92328125000003,255.32468359375,True,-0.003909350838512182,0.0036057315301150084,-4.5559179852716625e-05,-47.026058197021484,46.56308364868164,1752.1094970703125,0,120,0,4,0.004603163804858923,93.30715942382812,0.061419837176799774
16,"PMD=121 PMS=4, AMD=0",255.32468359375,255.72608593750002,True,-0.004008707590401173,0.004029412288218737,-0.0001397830928908661,-47.06196212768555,46.55561065673828,1752.1114501953125,0,121,0,4,0.004813638515770435,93.12513732910156,0.06141616404056549
16,"PMD=122 PMS=4, AMD=0",255.72608593750002,256.12748828125,True,-0.003917009569704533,0.0038528935983777046,0.0001366789947496727,-47.02622985839844,46.566856384277344,1752.109619140625,0,122,0,4,0.00476246140897274,93.31660461425781,0.061419472098350525
16,"PMD=123 PMS=4, AMD=0",256.12748828125,256.52889062500003,True,-0.004669608548283577,0.004361327271908522,0.00038622727151960135,-47.07292938232422,46.552677154541016,1752.1092529296875,0,123,0,4,0.005931598134338856,93.11482238769531,0.061414703726768494
16,"PMD=124 PMS=4, AMD=0",256.52889062500003,256.93029296875005,True,-0.0016969181597232819,0.0017023241380229592,0.00015738811634946615,-48.796958923339844,47.44140625,1752.1083984375,0,124,0,4,0.001771786017343402,96.14369201660156,0.061429012566804886
16,"PMD=125 PMS=4, AMD=0",256.93029296875005,257.3316953125,True,-0.0015316929202526808,0.0015690383734181523,-0.0001377122534904629,-48.794010162353516,47.442047119140625,1752.1085205078125,0,125,0,4,0.0017219369765371084,96.14654541015625,0.06142919883131981
16,"PMD=126 PMS=4, AMD=0",257.3316953125,257.73309765625004,True,-0.0014863485703244805,0.0013379935408011079,-9.83661157079041e-05,-48.78916549682617,47.441932678222656,1752.1072998046875,0,126,0,4,0.0014977575046941638,96.15165710449219,0.06143003702163696
16,"PMD=127 PMS=4, AMD=0",257.73309765625004,258.13450000000006,True,-0.0017863621469587088,0.0015251280274242163,5.073664942756295e-05,-48.78006362915039,47.445587158203125,1752.107666015625,0,127,0,4,0.0015707656275480986,96.15176391601562,0.06142985448241234
16,"PMD=0 PMS=5, AMD=0",258.13450000000006,258.53590234375,True,-0.001424025627784431,0.0013181099202483892,1.0354393452871591e-05,-0.04441336914896965,0.04527899622917175,1752.1083984375,0,0,0,5,0.001491028000600636,0.048189543187618256,0.061434075236320496
16,"PMD=1 PMS=5, AMD=0",258.53590234375,258.93730468750005,True,-0.0013132510939612985,0.0012881812872365117,6.7303544710739516e-06,-0.04499124363064766,0.04131661355495453,1752.107666015625,0,1,0,5,0.0014497390948235989,0.04558400809764862,0.06143413111567497
16,"PMD=2 PMS=5, AMD=0",258.93730468750005,259.33870703125007,True,-0.001518027507700026,0.0017834155587479472,0.00010250903869746253,-1.9172919988632202,0.9757746458053589,1752.109130859375,0,2,0,5,0.0018741595558822155,2.8283777236938477,0.06142856180667877
16,"PMD=3 PMS=5, AMD=0",259.33870703125007,259.7401093750001,True,-0.0023642058949917555,0.001415663631632924,-0.0003789622860495001,-1.93020498752594,0.9809724688529968,1752.110107421875,0,3,0,5,0.001823704456910491,2.835145950317383,0.06143023818731308
16,"PMD=4 PMS=5, AMD=0",259.7401093750001,260.14151171875,True,-0.0016453632852062583,0.0017224160255864263,8.749500557314605e-05,-3.814805507659912,2.85636568069458,1752.110595703125,0,4,0,5,0.001787181245163083,6.599243640899658,0.061425577849149704
16,"PMD=5 PMS=5, AMD=0",260.14151171875,260.5429140625,True,-0.0018851221539080143,0.0016214413335546851,-4.45237492385786e-05,-3.8125717639923096,2.8558709621429443,1752.1107177734375,0,5,0,5,0.0019440136384218931,6.598199844360352,0.06142765283584595
16,"PMD=6 PMS=5, AMD=0",260.5429140625,260.94431640625004,True,-0.0023343933280557394,0.002492968924343586,0.0001542817335575819,-4.753777980804443,3.8499300479888916,1752.1087646484375,0,6,0,5,0.0025081017520278692,8.480690956115723,0.06142633035778999
16,"PMD=7 PMS=5, AMD=0",260.94431640625004,261.34571875,True,-0.0023876004852354527,0.002171275671571493,0.00017084907449316233,-4.754461288452148,3.8440403938293457,1752.1094970703125,0,7,0,5,0.0026414096355438232,8.47794246673584,0.06142689287662506
16,"PMD=8 PMS=5, AMD=0",261.34571875,261.74712109375,True,-0.0017563406145200133,0.0017931506736204028,5.0218921387568116e-05,-6.655980110168457,5.690993785858154,1752.1070556640625,0,8,0,5,0.0019365370972082019,12.258146286010742,0.06142866984009743
16,"PMD=9 PMS=5, AMD=0",261.74712109375,262.14852343750005,True,-0.0017702126642689109,0.0016238231910392642,4.9701200623530895e-05,-6.6575541496276855,5.692680835723877,1752.109130859375,0,9,0,5,0.002033583354204893,12.240285873413086,0.06142880395054817
16,"PMD=10 PMS=5, AMD=0",262.14852343750005,262.54992578125,True,-0.0019107954576611519,0.002006497932597995,4.141765384702012e-05,-8.578359603881836,7.574732780456543,1752.1077880859375,0,10,0,5,0.001953376457095146,16.020442962646484,0.06142691522836685
16,"PMD=11 PMS=5, AMD=0",262.54992578125,262.95132812500003,True,-0.002211829414591193,0.0021630937699228525,-3.7275713111739606e-05,-8.574729919433594,7.559773921966553,1752.109619140625,0,11,0,5,0.002211062703281641,16.02985954284668,0.06142621859908104
16,"PMD=12 PMS=5, AMD=0",262.95132812500003,263.35273046875005,True,-0.0019979598000645638,0.0022375606931746006,8.180005534086376e-05,-9.481551170349121,8.5154447555542,1752.1103515625,0,12,0,5,0.002033635275438428,17.91031837463379,0.06142709404230118
16,"PMD=13 PMS=5, AMD=0",263.35273046875005,263.7541328125,True,-0.0014853132888674736,0.0019081089412793517,5.3842981287743896e-05,-9.48379135131836,8.50977611541748,1752.109619140625,0,13,0,5,0.0017214204417541623,17.91415786743164,0.06142861023545265
16,"PMD=14 PMS=5, AMD=0",263.7541328125,264.15553515625004,True,-0.001995268277823925,0.001949950004927814,-6.52323869871907e-05,-11.431377410888672,10.369280815124512,1752.1083984375,0,14,0,5,0.00219099223613739,21.679729461669922,0.0614292211830616
16,"PMD=15 PMS=5, AMD=0",264.15553515625004,264.55693750000006,True,-0.001805824344046414,0.0018165564397349954,9.784951544133946e-05,-11.428115844726562,10.369854927062988,1752.10986328125,0,15,0,5,0.001971988705918193,21.691570281982422,0.061428580433130264
16,"PMD=16 PMS=5, AMD=0",264.55693750000006,264.95833984375,True,-0.001424025627784431,0.0016038354951888323,2.277968087582849e-05,-12.329947471618652,12.252775192260742,1752.110107421875,0,16,0,5,0.0015701299998909235,24.502803802490234,0.061429500579833984
16,"PMD=17 PMS=5, AMD=0",264.95833984375,265.35974218750005,True,-0.0013790949014946818,0.0015019300626590848,-0.00011596835975069553,-12.334853172302246,12.252898216247559,1752.1094970703125,0,17,0,5,0.0016002746997401118,24.501304626464844,0.061429429799318314
16,"PMD=18 PMS=5, AMD=0",265.35974218750005,265.76114453125007,True,-0.0024385300930589437,0.002846990479156375,0.00010147358989343047,-14.364331245422363,13.183984756469727,1752.107666015625,0,18,0,5,0.0024499897845089436,27.311311721801758,0.061424918472766876
16,"PMD=19 PMS=5, AMD=0",265.76114453125007,266.1625468750001,True,-0.00304241431877017,0.003026389516890049,9.267226414522156e-05,-14.358463287353516,13.182182312011719,1752.1085205078125,0,19,0,5,0.0028060274198651314,27.351341247558594,0.061425428837537766
16,"PMD=20 PMS=5, AMD=0",266.1625468750001,266.56394921875,True,-0.002591730561107397,0.0021591580007225275,-1.0354385722166626e-06,-16.162822723388672,15.04576301574707,1752.1087646484375,0,20,0,5,0.001989595592021942,31.1230525970459,0.06142684817314148
16,"PMD=21 PMS=5, AMD=0",266.56394921875,266.9653515625,True,-0.0025091266725212336,0.0024557863362133503,0.00011752309364965186,-16.16190528869629,15.055541038513184,1752.1090087890625,0,21,0,5,0.0025756307877600193,31.10260581970215,0.061426229774951935
16,"PMD=22 PMS=5, AMD=0",266.9653515625,267.36675390625004,True,-0.003226241562515497,0.0036638439632952213,-0.00015945608902256936,-17.094802856445312,16.086788177490234,1752.1099853515625,0,22,0,5,0.0034366308245807886,32.95452880859375,0.061421122401952744
16,"PMD=23 PMS=5, AMD=0",267.36675390625004,267.76815625,True,-0.003418863285332918,0.003824458224698901,-0.00014806642138864845,-17.083412170410156,16.098033905029297,1752.1090087890625,0,23,0,5,0.003868684871122241,33.02850341796875,0.061421774327754974
16,"PMD=24 PMS=5, AMD=0",267.76815625,268.16955859375,True,-0.001577451010234654,0.0015067977365106344,-6.212609878275543e-05,-18.992341995239258,17.842012405395508,1752.107177734375,0,24,0,5,0.0016349598299711943,36.76776885986328,0.061430539935827255
16,"PMD=25 PMS=5, AMD=0",268.16955859375,268.57096093750005,True,-0.0016345968469977379,0.0013998189242556691,-8.801183867035434e-05,-19.00492286682129,17.847936630249023,1752.1082763671875,0,25,0,5,0.0015091529348865151,36.75877380371094,0.06143005192279816
16,"PMD=26 PMS=5, AMD=0",268.57096093750005,268.97236328125,True,-0.003196845995262265,0.0035829427652060986,4.9183476221514866e-05,-20.902114868164062,19.815948486328125,1752.108642578125,0,26,0,5,0.0026301085017621517,40.522216796875,0.061426080763339996
16,"PMD=27 PMS=5, AMD=0",268.97236328125,269.37376562500003,True,-0.0036236937157809734,0.0032902120146900415,-2.8992235456826165e-05,-20.909759521484375,19.828516006469727,1752.1087646484375,0,27,0,5,0.003013060661032796,40.55139923095703,0.061427854001522064
16,"PMD=28 PMS=5, AMD=0",269.37376562500003,269.77516796875005,True,-0.0017300457693636417,0.0015481188893318176,0.00011855855700559914,-21.87314224243164,20.649456024169922,1752.1109619140625,0,28,0,5,0.0016844088677316904,42.424339294433594,0.061428967863321304
16,"PMD=29 PMS=5, AMD=0",269.77516796875005,270.1765703125,True,-0.0017737322486937046,0.001631279825232923,-1.3460693480737973e-05,-21.880186080932617,20.658470153808594,1752.10791015625,0,29,0,5,0.0017312589334324002,42.409080505371094,0.061429399996995926
16,"PMD=30 PMS=5, AMD=0",270.1765703125,270.57797265625004,True,-0.0020915414206683636,0.002449778839945793,0.0001439271873096004,-23.83499526977539,22.510072708129883,1752.1070556640625,0,30,0,5,0.00206780806183815,46.20207977294922,0.06142736226320267
16,"PMD=31 PMS=5, AMD=0",270.57797265625004,270.97937500000006,True,-0.0021147297229617834,0.0023723070044070482,6.523288902826607e-05,-23.83917999267578,22.516386032104492,1752.10986328125,0,31,0,5,0.0021410633344203234,46.16328430175781,0.06142708659172058
16,"PMD=32 PMS=5, AMD=0",270.97937500000006,271.38077734375,True,-0.0015169921098276973,0.0014946807641535997,-4.763004835695028e-05,-24.71813201904297,25.292348861694336,1752.1087646484375,0,32,0,5,0.0014620331348851323,49.9365234375,0.06143056973814964
16,"PMD=33 PMS=5, AMD=0",271.38077734375,271.78217968750005,True,-0.001408600015565753,0.001463198335841298,2.7956892154179513e-05,-24.71755599975586,25.293792724609375,1752.108642578125,0,33,0,5,0.001345559023320675,49.940589904785156,0.06142936646938324
16,"PMD=34 PMS=5, AMD=0",271.78217968750005,272.18358203125007,True,-0.001956551568582654,0.0021858790423721075,6.833922816440463e-05,-26.67392921447754,26.22535514831543,1752.109375,0,34,0,5,0.002511964412406087,52.78550338745117,0.06142715364694595
16,"PMD=35 PMS=5, AMD=0",272.18358203125007,272.5849843750001,True,-0.0022954712621867657,0.0019744953606277704,6.57506097923033e-05,-26.666845321655273,26.228485107421875,1752.109130859375,0,35,0,5,0.0021029808558523655,52.768592834472656,0.06142701581120491
16,"PMD=36 PMS=5, AMD=0",272.5849843750001,272.98638671875,True,-0.0018453699303790927,0.0021459010895341635,-3.520484460750595e-05,-28.571889877319336,28.08681297302246,1752.10888671875,0,36,0,5,0.0019849292002618313,56.551212310791016,0.06142805889248848
16,"PMD=37 PMS=5, AMD=0",272.98638671875,273.3877890625,True,-0.0019689740147441626,0.0020649097859859467,-0.0001977665233425796,-28.57866668701172,28.081655502319336,1752.10791015625,0,37,0,5,0.00242758821696043,56.560829162597656,0.06142701208591461
16,"PMD=38 PMS=5, AMD=0",273.3877890625,273.78919140625004,True,-0.00218036025762558,0.0021148822270333767,-5.7984376326203346e-05,-29.516096115112305,29.055191040039062,1752.109130859375,0,38,0,5,0.002062457147985697,58.420379638671875,0.061428043991327286
16,"PMD=39 PMS=5, AMD=0",273.78919140625004,274.19059375,True,-0.002287189709022641,0.0021109983790665865,-1.2425254681147635e-05,-29.523969650268555,29.048755645751953,1752.1085205078125,0,39,0,5,0.0017328019021078944,58.43975067138672,0.06142766773700714
16,"PMD=40 PMS=5, AMD=0",274.19059375,274.59199609375,True,-0.0020151438657194376,0.001871446380391717,-7.144497067201883e-05,-31.464126586914062,30.86489486694336,1752.109130859375,0,40,0,5,0.0018643112853169441,62.19096755981445,0.06142766401171684
16,"PMD=41 PMS=5, AMD=0",274.59199609375,274.99339843750005,True,-0.0019422657787799835,0.0018334377091377974,9.267226414522156e-05,-31.46232032775879,30.864364624023438,1752.109130859375,0,41,0,5,0.0019612363539636135,62.2122917175293,0.06142871826887131
16,"PMD=42 PMS=5, AMD=0",274.99339843750005,275.39480078125,True,-0.0019965104293078184,0.0019193976186215878,0.00012787763262167573,-33.361602783203125,32.71404266357422,1752.1099853515625,0,42,0,5,0.002137166680768132,65.97526550292969,0.061427563428878784
16,"PMD=43 PMS=5, AMD=0",275.39480078125,275.79620312500003,True,-0.001982638845220208,0.002118507167324424,0.00014470376481767744,-33.36231231689453,32.710113525390625,1752.108642578125,0,43,0,5,0.0022194585762917995,65.97984313964844,0.06142740324139595
16,"PMD=44 PMS=5, AMD=0",275.79620312500003,276.19760546875006,True,-0.002348885638639331,0.0022499889601022005,5.4878430091775954e-05,-34.29918670654297,33.67661666870117,1752.1075439453125,0,44,0,5,0.002572526689618826,67.8502426147461,0.061426933854818344
16,"PMD=45 PMS=5, AMD=0",276.19760546875006,276.5990078125,True,-0.002259033266454935,0.002379142679274082,6.212654989212751e-05,-34.30419921875,33.66608810424805,1752.1082763671875,0,45,0,5,0.0021230431739240885,67.86096954345703,0.06142764538526535
16,"PMD=46 PMS=5, AMD=0",276.5990078125,277.00041015625004,True,-0.0014507354935631156,0.001502240658737719,-7.248040492413566e-05,-36.228546142578125,35.48410415649414,1752.111083984375,0,46,0,5,0.001680541317909956,71.63362884521484,0.06142951920628548
16,"PMD=47 PMS=5, AMD=0",277.00041015625004,277.40181250000006,True,-0.0015267236158251762,0.0017711949767544866,0.00011234583507757634,-36.222938537597656,35.48479461669922,1752.1090087890625,0,47,0,5,0.0018539816373959184,71.64161682128906,0.06142859160900116
16,"PMD=48 PMS=5, AMD=0",277.40181250000006,277.80321484375,True,-0.001750750350765884,0.001900237868539989,1.1907553925993852e-05,-37.19811248779297,37.33921813964844,1752.10888671875,0,48,0,5,0.001743544009514153,74.44132995605469,0.06142859160900116
16,"PMD=49 PMS=5, AMD=0",277.80321484375,278.20461718750005,True,-0.0017176228575408459,0.0018477299017831683,-3.9346581615973264e-05,-37.202388763427734,37.341617584228516,1752.1092529296875,0,49,0,5,0.0017229672521352768,74.44029235839844,0.061429619789123535
16,"PMD=50 PMS=5, AMD=0",278.20461718750005,278.60601953125007,True,-0.004317534621804953,0.0047225733287632465,2.1226522221695632e-05,-39.36026382446289,39.18309783935547,1752.10791015625,0,50,0,5,0.003303691977635026,78.16692352294922,0.06142445653676987
16,"PMD=51 PMS=5, AMD=0",278.60601953125007,279.0074218750001,True,-0.0047043804079294205,0.004486472345888615,0.00011855854245368391,-39.33640670776367,39.183258056640625,1752.1080322265625,0,51,0,5,0.003961083944886923,78.23699951171875,0.061421431601047516
16,"PMD=52 PMS=5, AMD=0",279.0074218750001,279.40882421875,True,-0.002216798486188054,0.002167236525565386,5.6431596021866426e-05,-41.1253662109375,40.09235763549805,1752.1090087890625,0,52,0,5,0.002263959962874651,81.06056213378906,0.061427775770425797
16,"PMD=53 PMS=5, AMD=0",279.40882421875,279.8102265625,True,-0.002792646875604987,0.002567232120782137,1.4496156836685259e-05,-41.14619445800781,40.09439468383789,1752.1097412109375,0,53,0,5,0.0022115930914878845,81.0465316772461,0.06142733246088028
16,"PMD=54 PMS=5, AMD=0",279.8102265625,280.21162890625004,True,-0.003003909485414624,0.0023832854349166155,1.708475610939786e-05,-42.083805084228516,41.931758880615234,1752.110107421875,0,54,0,5,0.002649161498993635,83.88592529296875,0.06142380088567734
16,"PMD=55 PMS=5, AMD=0",280.21162890625004,280.61303125,True,-0.002590695396065712,0.0027015688829123974,5.7467041187919676e-05,-42.0844612121582,41.93659591674805,1752.109619140625,0,55,0,5,0.002882442669942975,83.86386108398438,0.061424028128385544
16,"PMD=56 PMS=5, AMD=0",280.61303125,281.01443359375,True,-0.0025712349452078342,0.0025578062050044537,0.00019673560746014118,-44.05497360229492,43.79315948486328,1752.1065673828125,0,56,0,5,0.0027149401139467955,87.6551513671875,0.06142493709921837
16,"PMD=57 PMS=5, AMD=0",281.01443359375,281.41583593750005,True,-0.00304241431877017,0.0026156012900173664,3.624036253313534e-06,-44.00082015991211,43.79291534423828,1752.1085205078125,0,57,0,5,0.0031746425665915012,87.64167785644531,0.06142469495534897
16,"PMD=58 PMS=5, AMD=0",281.41583593750005,281.81723828125,True,-0.0050002471543848515,0.00422768946737051,0.0001333137770416215,-46.12259292602539,44.69396209716797,1752.1072998046875,0,58,0,5,0.0037846639752388,90.54777526855469,0.06142215058207512
16,"PMD=59 PMS=5, AMD=0",281.81723828125,282.21864062500003,True,-0.0045313467271625996,0.004503358155488968,3.054549597436562e-05,-46.083065032958984,44.69364547729492,1752.1085205078125,0,59,0,5,0.0030239750631153584,90.41580963134766,0.06142403930425644
16,"PMD=60 PMS=5, AMD=0",282.21864062500003,282.62004296875006,True,-0.003820342244580388,0.003871228778734803,-5.798436905024573e-05,-47.0239143371582,46.5576171875,1752.1085205078125,0,60,0,5,0.004256006330251694,93.32881164550781,0.06142105162143707
16,"PMD=61 PMS=5, AMD=0",282.62004296875006,283.0214453125,True,-0.003832348622381687,0.0036172294057905674,-4.45237492385786e-05,-46.97904586791992,46.56593704223633,1752.1090087890625,0,61,0,5,0.004024173133075237,93.2552261352539,0.06142011284828186
16,"PMD=62 PMS=5, AMD=0",283.0214453125,283.42284765625004,True,-0.0015271378215402365,0.0013471065321937203,-0.00012839345436077565,-48.787174224853516,47.44562530517578,1752.1082763671875,0,62,0,5,0.0016271574422717094,96.14518737792969,0.06143064796924591
16,"PMD=63 PMS=5, AMD=0",283.42284765625004,283.82425000000006,True,-0.0018713539466261864,0.0015139434253796935,-5.953751679044217e-05,-48.768333435058594,47.44610595703125,1752.108642578125,0,63,0,5,0.0017907650908455253,96.15348815917969,0.06142966449260712
16,"PMD=64 PMS=5, AMD=0",283.82425000000006,284.22565234375,True,-0.00181203568354249,0.001724280184134841,-7.765754708088934e-05,-49.748870849609375,50.18939208984375,1752.1094970703125,0,64,0,5,0.002094695810228586,99.87712097167969,0.06142887473106384
16,"PMD=65 PMS=5, AMD=0",284.22565234375,284.62705468750005,True,-0.0018379163229838014,0.0020876952912658453,0.00011804081441368908,-49.74404525756836,50.19331741333008,1752.1085205078125,0,65,0,5,0.0020491434261202812,99.87590026855469,0.061426226049661636
16,"PMD=66 PMS=5, AMD=0",284.62705468750005,285.02845703125007,True,-0.0020134877413511276,0.0016222698614001274,-6.212609878275543e-05,-52.676265716552734,51.123985290527344,1752.1082763671875,0,66,0,5,0.0019844009075313807,103.69715881347656,0.061429984867572784
16,"PMD=67 PMS=5, AMD=0",285.02845703125007,285.4298593750001,True,-0.001656543929129839,0.002083656145259738,-2.174418477807194e-05,-52.67339324951172,51.131080627441406,1752.1082763671875,0,67,0,5,0.0019419430755078793,103.70093536376953,0.06142871826887131
16,"PMD=68 PMS=5, AMD=0",285.4298593750001,285.83126171875,True,-0.0021335699129849672,0.002170550636947155,-0.0002008727751672268,-54.62896728515625,52.94438552856445,1752.108154296875,0,68,0,5,0.001835805713199079,107.46614074707031,0.06142909824848175
16,"PMD=69 PMS=5, AMD=0",285.83126171875,286.2326640625,True,-0.0018772545736283064,0.001998212421312928,-0.00016256235539913177,-54.6470947265625,52.94110107421875,1752.1065673828125,0,69,0,5,0.002223594579845667,107.48081970214844,0.06142859160900116
16,"PMD=70 PMS=5, AMD=0",286.2326640625,286.63406640625004,True,-0.001821145648136735,0.0018885348690673709,-3.0027669708942994e-05,-55.585731506347656,53.85308837890625,1752.1083984375,0,70,0,5,0.0019411984831094742,109.35638427734375,0.06142792850732803
16,"PMD=71 PMS=5, AMD=0",286.63406640625004,287.03546875,True,-0.002011831384152174,0.0017382613150402904,-9.31894282985013e-06,-55.585201263427734,53.852848052978516,1752.10888671875,0,71,0,5,0.0019720210693776608,109.3570556640625,0.06142851337790489
16,"PMD=72 PMS=5, AMD=0",287.03546875,287.43687109375,True,-0.0017820141511037946,0.0018243237864226103,-5.901980330236256e-05,-57.55733871459961,55.676456451416016,1752.109619140625,0,72,0,5,0.0019342019222676754,113.11929321289062,0.061429187655448914
16,"PMD=73 PMS=5, AMD=0",287.43687109375,287.83827343750005,True,-0.0020153510849922895,0.001990755321457982,-0.00016256235539913177,-57.54825210571289,55.67361831665039,1752.109375,0,73,0,5,0.001990746008232236,113.13156127929688,0.06142888963222504
16,"PMD=74 PMS=5, AMD=0",287.83827343750005,288.23967578125,True,-0.0017020943341776729,0.0013728931080549955,-0.0002629974333103746,-58.510128021240234,57.508968353271484,1752.111328125,0,74,0,5,0.001878251787275076,115.92880249023438,0.06142975762486458
16,"PMD=75 PMS=5, AMD=0",288.23967578125,288.64107812500004,True,-0.0020886429119855165,0.0016757085686549544,-0.00012632260040845722,-58.503875732421875,57.5057373046875,1752.1082763671875,0,75,0,5,0.0018818604294210672,115.93195343017578,0.061429962515830994
16,"PMD=76 PMS=5, AMD=0",288.64107812500004,289.04248046875006,True,-0.0026778525207191706,0.002766407560557127,1.6567035345360637e-05,-60.45594787597656,58.46568298339844,1752.1094970703125,0,76,0,5,0.0032166093587875366,118.78668975830078,0.06142451614141464
16,"PMD=77 PMS=5, AMD=0",289.04248046875006,289.4438828125,True,-0.0023929832968860865,0.0024941086303442717,-0.00010250783088849857,-60.44902038574219,58.45119857788086,1752.1092529296875,0,77,0,5,0.0026771011762320995,118.7799072265625,0.061425622552633286
16,"PMD=78 PMS=5, AMD=0",289.4438828125,289.84528515625004,True,-0.0021662816870957613,0.001903241383843124,-5.0736343837343156e-05,-61.44054412841797,60.243465423583984,1752.1082763671875,0,78,0,5,0.002178795402869582,121.58978271484375,0.061427291482686996
16,"PMD=79 PMS=5, AMD=0",289.84528515625004,290.24668750000006,True,-0.002126530511304736,0.0019257152453064919,-9.008269262267277e-05,-61.43169021606445,60.24162673950195,1752.1087646484375,0,79,0,5,0.0022070384584367275,121.59390258789062,0.06142744794487953
16,"PMD=80 PMS=5, AMD=0",290.24668750000006,290.64808984375003,True,-0.0021029284689575434,0.0019248862517997622,-2.0708748706965707e-05,-63.398563385009766,62.051876068115234,1752.1097412109375,0,80,0,5,0.001831965520977974,125.35198974609375,0.061428315937519073
16,"PMD=81 PMS=5, AMD=0",290.64808984375003,291.04949218750005,True,-0.0019205263815820217,0.0018364411080256104,-6.626782123930752e-05,-63.407020568847656,62.051517486572266,1752.1065673828125,0,81,0,5,0.0020548361353576183,125.36953735351562,0.061427563428878784
16,"PMD=82 PMS=5, AMD=0",291.04949218750005,291.45089453125007,True,-0.0020718725863844156,0.0017710913671180606,-0.00011182665912201628,-65.34988403320312,63.87626266479492,1752.1072998046875,0,82,0,5,0.0021479991264641285,129.13172912597656,0.061427876353263855
16,"PMD=83 PMS=5, AMD=0",291.45089453125007,291.85229687500004,True,-0.002024667803198099,0.0020056692883372307,-0.00011493293277453631,-65.35172271728516,63.87152862548828,1752.1085205078125,0,83,0,5,0.002242970047518611,129.13475036621094,0.061428219079971313
16,"PMD=84 PMS=5, AMD=0",291.85229687500004,292.25369921875,True,-0.002406647428870201,0.0016180233797058463,-1.553156653244514e-05,-66.31179809570312,64.77960205078125,1752.1077880859375,0,84,0,5,0.001969357021152973,131.01895141601562,0.06142925098538399
16,"PMD=85 PMS=5, AMD=0",292.25369921875,292.6551015625,True,-0.0020671109668910503,0.001848765299655497,2.5368284696014598e-05,-66.3204574584961,64.77832794189453,1752.1087646484375,0,85,0,5,0.002014308935031295,131.025146484375,0.06142905727028847
16,"PMD=86 PMS=5, AMD=0",292.6551015625,293.05650390625004,True,-0.0018292204476892948,0.0018398587126284838,-7.351583190029487e-05,-68.28150939941406,66.59850311279297,1752.1094970703125,0,86,0,5,0.0017359040211886168,134.80104064941406,0.06143004074692726
16,"PMD=87 PMS=5, AMD=0",293.05650390625004,293.45790625,True,-0.0016519888304173946,0.0015776341315358877,-0.00010561409726506099,-68.28033447265625,66.59735107421875,1752.109375,0,87,0,5,0.0017985394224524498,134.79031372070312,0.06143081560730934
16,"PMD=88 PMS=5, AMD=0",293.45790625,293.85930859375003,True,-0.0019190770108252764,0.0015063832979649305,-0.000163597782375291,-69.27449035644531,68.4081039428711,1752.1097412109375,0,88,0,5,0.001735363737680018,137.5890655517578,0.06143094226717949
16,"PMD=89 PMS=5, AMD=0",293.85930859375003,294.26071093750005,True,-0.0017459882656112313,0.0015814659418538213,-4.1417446482228115e-05,-69.26997375488281,68.40846252441406,1752.1090087890625,0,89,0,5,0.0016789508517831564,137.59490966796875,0.06142940744757652
16,"PMD=90 PMS=5, AMD=0",294.26071093750005,294.66211328125,True,-0.001855514943599701,0.00175338180270046,-6.212609878275543e-05,-71.2273941040039,69.3116683959961,1752.10986328125,0,90,0,5,0.0019141342490911484,140.46646118164062,0.06143001466989517
16,"PMD=91 PMS=5, AMD=0",294.66211328125,295.06351562500004,True,-0.001784291584044695,0.0014251910615712404,-6.730325549142435e-05,-71.22257232666016,69.31292724609375,1752.107177734375,0,91,0,5,0.0015924811596050858,140.46400451660156,0.06142966076731682
16,"PMD=92 PMS=5, AMD=0",295.06351562500004,295.46491796875006,True,-0.0018650389974936843,0.001645364216528833,-4.763004835695028e-05,-72.21163940429688,71.13191223144531,1752.1116943359375,0,92,0,5,0.0017384847160428762,143.2508087158203,0.061429932713508606
16,"PMD=93 PMS=5, AMD=0",295.46491796875006,295.8663203125,True,-0.001836466952227056,0.0017608384368941188,4.245309537509456e-05,-72.20050048828125,71.12370300292969,1752.109130859375,0,93,0,5,0.0018341620452702045,143.2550048828125,0.06142926216125488
16,"PMD=94 PMS=5, AMD=0",295.8663203125,296.26772265625004,True,-0.001860691118054092,0.0015341379912570119,-0.00025885581271722913,-74.17135620117188,72.0417709350586,1752.1097412109375,0,94,0,5,0.0016105849063023925,146.11831665039062,0.06143149733543396
16,"PMD=95 PMS=5, AMD=0",296.26772265625004,296.66912500000007,True,-0.0018927828641608357,0.001749342423863709,-2.4850491172401235e-05,-74.16385650634766,72.03880310058594,1752.1114501953125,0,95,0,5,0.0017469077138230205,146.12474060058594,0.06142961606383324
16,"PMD=96 PMS=5, AMD=0",296.66912500000007,297.07052734375003,True,-0.0028273225761950016,0.002984646474942565,-0.00012114548007957637,-75.15814208984375,74.80773162841797,1752.108154296875,0,96,0,5,0.0022660314571112394,149.81175231933594,0.06142794340848923
16,"PMD=97 PMS=5, AMD=0",297.07052734375003,297.47192968750005,True,-0.0033361634705215693,0.003819019766524434,-0.00020604985184036195,-75.16068267822266,74.80528259277344,1752.1107177734375,0,97,0,5,0.00307677173987031,149.81497192382812,0.06142473220825195
16,"PMD=98 PMS=5, AMD=0",297.47192968750005,297.8733320312501,True,-0.002108311513438821,0.002177904359996319,-0.00017188112542498857,-77.13579559326172,75.66248321533203,1752.1094970703125,0,98,0,5,0.0022520236670970917,152.6812744140625,0.06142868846654892
16,"PMD=99 PMS=5, AMD=0",297.8733320312501,298.27473437500004,True,-0.002034605946391821,0.0019955195020884275,-0.00014288935926742852,-77.1376953125,75.66291809082031,1752.1092529296875,0,99,0,5,0.002155764028429985,152.68505859375,0.06142802536487579
16,"PMD=100 PMS=5, AMD=0",298.27473437500004,298.67613671875006,True,-0.0023844949901103973,0.0022547533735632896,-8.076384256128222e-05,-79.11959075927734,77.45585632324219,1752.110107421875,0,100,0,5,0.0027144819032400846,156.46514892578125,0.0614265613257885
16,"PMD=101 PMS=5, AMD=0",298.67613671875006,299.0775390625,True,-0.002309963572770357,0.002338542602956295,-0.00018119988089893013,-79.1282730102539,77.46563720703125,1752.1087646484375,0,101,0,5,0.0025378363206982613,156.46624755859375,0.06142706423997879
16,"PMD=102 PMS=5, AMD=0",299.0775390625,299.47894140625004,True,-0.001999201951548457,0.0016971462173387408,8.387094567297027e-05,-80.0892562866211,79.25206756591797,1752.1090087890625,0,102,0,5,0.0020744940266013145,159.2519989013672,0.06142812967300415
16,"PMD=103 PMS=5, AMD=0",299.47894140625004,299.88034375,True,-0.001911830622702837,0.0016136737540364265,-0.00028888261294923723,-80.09194946289062,79.24276733398438,1752.10791015625,0,103,0,5,0.0019087860127910972,159.2561492919922,0.061430081725120544
16,"PMD=104 PMS=5, AMD=0",299.88034375,300.28174609375003,True,-0.0019490980776026845,0.0019722168799489737,-0.00010354325058870018,-82.0601577758789,81.05693054199219,1752.1112060546875,0,104,0,5,0.0020470484159886837,163.0308074951172,0.06142676621675491
16,"PMD=105 PMS=5, AMD=0",300.28174609375003,300.68314843750005,True,-0.0022923657670617104,0.0020475108176469803,-0.00018119988089893013,-82.05391693115234,81.0441665649414,1752.108642578125,0,105,0,5,0.002109543653205037,163.0276641845703,0.061429478228092194
16,"PMD=106 PMS=5, AMD=0",300.68314843750005,301.08455078125,True,-0.002106240950524807,0.002048132009804249,8.801233889244031e-06,-83.06316375732422,81.95647430419922,1752.108154296875,0,106,0,5,0.002603103406727314,164.91748046875,0.06142614409327507
16,"PMD=107 PMS=5, AMD=0",301.08455078125,301.48595312500004,True,-0.002152617322281003,0.0020314576104283333,-0.00015531441022176296,-83.05000305175781,81.95509338378906,1752.1097412109375,0,107,0,5,0.002097782213240862,164.91632080078125,0.06142720207571983
16,"PMD=108 PMS=5, AMD=0",301.48595312500004,301.88735546875006,True,-0.0023853229358792305,0.002096809446811676,6.212654989212751e-05,-85.05056762695312,83.7437744140625,1752.108154296875,0,108,0,5,0.0021898429840803146,168.6787109375,0.06142628192901611
16,"PMD=109 PMS=5, AMD=0",301.88735546875006,302.2887578125,True,-0.0021915400866419077,0.0019134941976517439,-0.00021640399063471705,-85.03704071044922,83.73728942871094,1752.108642578125,0,109,0,5,0.0025476468726992607,168.68634033203125,0.06142929196357727
16,"PMD=110 PMS=5, AMD=0",302.2887578125,302.69016015625004,True,-0.0020913342013955116,0.0020695708226412535,0.00010199131793342531,-86.00718688964844,85.55989074707031,1752.1085205078125,0,110,0,5,0.0023360636550933123,171.47552490234375,0.061428215354681015
16,"PMD=111 PMS=5, AMD=0",302.69016015625004,303.09156250000007,True,-0.0021673168521374464,0.0017964646685868502,-0.00020294361456763,-86.0158462524414,85.55598449707031,1752.1090087890625,0,111,0,5,0.0018968728836625814,171.47518920898438,0.06142992898821831
16,"PMD=112 PMS=5, AMD=0",303.09156250000007,303.49296484375003,True,-0.002310584532096982,0.0020462677348405123,-0.00012942886678501964,-88.01364135742188,87.34742736816406,1752.1092529296875,0,112,0,5,0.0024161390028893948,175.25244140625,0.06142779812216759
16,"PMD=113 PMS=5, AMD=0",303.49296484375003,303.89436718750005,True,-0.002308100229129195,0.002103955252096057,-8.283505849249195e-06,-88.0047378540039,87.3480453491211,1752.1075439453125,0,113,0,5,0.0019679730758070946,175.2474822998047,0.06142789497971535
16,"PMD=114 PMS=5, AMD=0",303.89436718750005,304.2957695312501,True,-0.0017331513809040189,0.0015749415615573525,7.662280404474586e-05,-89.98406982421875,88.22994232177734,1752.1080322265625,0,114,0,5,0.0018057862762361765,178.13009643554688,0.06142963841557503
16,"PMD=115 PMS=5, AMD=0",304.2957695312501,304.69717187500004,True,-0.0018780827522277832,0.001429281895980239,2.2779684513807297e-05,-89.97992706298828,88.22904968261719,1752.109130859375,0,115,0,5,0.0017621549777686596,178.12496948242188,0.061430424451828
16,"PMD=116 PMS=5, AMD=0",304.69717187500004,305.09857421875006,True,-0.0020478563383221626,0.0021990323439240456,0.00020501929975580424,-90.97823333740234,90.0333480834961,1752.10791015625,0,116,0,5,0.002189444378018379,180.9167938232422,0.0614267997443676
16,"PMD=117 PMS=5, AMD=0",305.09857421875006,305.4999765625,True,-0.0021199053153395653,0.0022868600208312273,4.607714799931273e-05,-90.97432708740234,90.0362548828125,1752.109619140625,0,117,0,5,0.0020703873597085476,180.91802978515625,0.061427466571331024
16,"PMD=118 PMS=5, AMD=0",305.4999765625,305.90137890625005,True,-0.0020849162247031927,0.0020379824563860893,-6.212630069057923e-06,-92.96363830566406,91.82512664794922,1752.109619140625,0,118,0,5,0.0021574085112661123,184.6847381591797,0.061428964138031006
16,"PMD=119 PMS=5, AMD=0",305.90137890625005,306.30278125,True,-0.002152617322281003,0.00217541866004467,-0.00015945608902256936,-92.95875549316406,91.8249740600586,1752.109619140625,0,119,0,5,0.002215288346633315,184.69117736816406,0.06142834201455116
16,"PMD=120 PMS=5, AMD=0",306.30278125,306.70418359375003,True,-0.0017921595135703683,0.001677313819527626,-0.00021433313668239862,-93.96267700195312,93.58419799804688,1752.1123046875,0,120,0,5,0.00207303324714303,187.46795654296875,0.06143099442124367
16,"PMD=121 PMS=5, AMD=0",306.70418359375003,307.10558593750005,True,-0.0018700079526752234,0.0016010393155738711,-0.00014806647959630936,-93.95552825927734,93.59148406982422,1752.106689453125,0,121,0,5,0.0017275975551456213,187.473876953125,0.06142948567867279
16,"PMD=122 PMS=5, AMD=0",307.10558593750005,307.50698828125,True,-0.00228863931261003,0.002599339699372649,-0.0002567850169725716,-95.95350646972656,94.50462341308594,1752.1072998046875,0,122,0,5,0.0023907762952148914,190.358154296875,0.06142773851752281
16,"PMD=123 PMS=5, AMD=0",307.50698828125,307.90839062500004,True,-0.0023319090250879526,0.0026411840226501226,-0.00024021844728849828,-95.9511489868164,94.50767517089844,1752.1085205078125,0,123,0,5,0.002616226440295577,190.35501098632812,0.061426810920238495
16,"PMD=124 PMS=5, AMD=0",307.90839062500004,308.30979296875006,True,-0.002218661829829216,0.002328081289306283,-0.00013357056013774127,-96.9518051147461,96.27500915527344,1752.11083984375,0,124,0,5,0.002227707067504525,193.13661193847656,0.06142876297235489
16,"PMD=125 PMS=5, AMD=0",308.30979296875006,308.7111953125,True,-0.002441221382468939,0.0019364863401278853,-0.00016204464191105217,-96.94558715820312,96.27996826171875,1752.107421875,0,125,0,5,0.002101114485412836,193.13551330566406,0.06142879277467728
16,"PMD=126 PMS=5, AMD=0",308.7111953125,309.11259765625005,True,-0.0020762206986546516,0.001533516333438456,-5.901980330236256e-05,-98.93867492675781,98.04705047607422,1752.1087646484375,0,126,0,5,0.0018301173113286495,196.91314697265625,0.061428505927324295
16,"PMD=127 PMS=5, AMD=0",309.11259765625005,309.51400000000007,True,-0.0020074835047125816,0.002173968590795994,-0.00016981028602458537,-98.93840026855469,98.04353332519531,1752.1104736328125,0,127,0,5,0.0021012842189520597,196.91793823242188,0.06142950803041458
16,"PMD=0 PMS=6, AMD=0",309.51400000000007,309.91540234375003,True,-0.0016563369426876307,0.0014099677791818976,7.506963447667658e-05,-0.04515635222196579,0.04544409364461899,1752.1077880859375,0,0,0,6,0.001605973462574184,0.05025330185890198,0.06142949312925339
16,"PMD=1 PMS=6, AMD=0",309.91540234375003,310.31680468750005,True,-0.0017432967433705926,0.001576080685481429,6.471516098827124e-05,-3.8070290088653564,2.852121114730835,1752.1090087890625,0,1,0,6,0.0019357504788786173,6.600869178771973,0.061430007219314575
16,"PMD=2 PMS=6, AMD=0",310.31680468750005,310.7182070312501,True,-0.001611510757356882,0.0015991234686225653,6.031451630406082e-05,-6.6591291427612305,5.6858930587768555,1752.1055908203125,0,2,0,6,0.0016082900110632181,12.255000114440918,0.061429642140865326
16,"PMD=3 PMS=6, AMD=0",310.7182070312501,311.11960937500004,True,-0.001991748344153166,0.0020505141001194715,0.0002469556638970971,-9.484393119812012,8.510351181030273,1752.1085205078125,0,3,0,6,0.002074008109048009,17.907508850097656,0.06142741069197655
16,"PMD=4 PMS=6, AMD=0",311.11960937500004,311.52101171875006,True,-0.0015731030143797398,0.0016452608397230506,-1.3460693480737973e-05,-12.325313568115234,12.264496803283691,1752.109130859375,0,4,0,6,0.0017183152958750725,24.507049560546875,0.06143015995621681
16,"PMD=5 PMS=6, AMD=0",311.52101171875006,311.9224140625,True,-0.002419068943709135,0.0023532493505626917,-0.00016152692842297256,-16.160593032836914,15.043593406677246,1752.110107421875,0,5,0,6,0.0027744858525693417,31.11908721923828,0.06142411753535271
16,"PMD=6 PMS=6, AMD=0",311.9224140625,312.32381640625005,True,-0.0012817785609513521,0.0015696593327447772,8.387094567297027e-05,-18.99321746826172,17.84099006652832,1752.108642578125,0,6,0,6,0.001571275875903666,36.754913330078125,0.06142961233854294
16,"PMD=7 PMS=6, AMD=0",312.32381640625005,312.72521875,True,-0.0015928763896226883,0.0017710397951304913,0.0001133812838816084,-21.862693786621094,20.648845672607422,1752.1092529296875,0,7,0,6,0.0016758739948272705,42.42450714111328,0.061428848654031754
16,"PMD=8 PMS=6, AMD=0",312.72521875,313.12662109375003,True,-0.0012604516232386231,0.001416388200595975,-2.588592906249687e-05,-24.716291427612305,25.293853759765625,1752.1092529296875,0,8,0,6,0.0014040571404621005,49.93919372558594,0.06143040210008621
16,"PMD=9 PMS=6, AMD=0",313.12662109375003,313.52802343750005,True,-0.0020163862500339746,0.002117833821102977,-0.00010043696966022253,-28.57224464416504,28.084579467773438,1752.108642578125,0,9,0,6,0.0020816149190068245,56.54413986206055,0.06142747029662132
16,"PMD=10 PMS=6, AMD=0",313.52802343750005,313.92942578125,True,-0.0018551008542999625,0.0019783275201916695,2.9510056265280582e-05,-31.483652114868164,30.870731353759766,1752.104736328125,0,10,0,6,0.0020843432284891605,62.190185546875,0.06142778322100639
16,"PMD=11 PMS=6, AMD=0",313.92942578125,314.33082812500004,True,-0.0022356384433805943,0.002516377018764615,-0.00013460598711390048,-34.30973815917969,33.66617202758789,1752.1077880859375,0,11,0,6,0.0025911880657076836,67.86177825927734,0.06142662838101387
16,"PMD=12 PMS=6, AMD=0",314.33082812500004,314.73223046875006,True,-0.001981603680178523,0.0019266477320343256,-5.7984376326203346e-05,-37.19705581665039,37.33769989013672,1752.10791015625,0,12,0,6,0.0019551385194063187,74.44979858398438,0.06142968684434891
16,"PMD=13 PMS=6, AMD=0",314.73223046875006,315.1336328125,True,-0.0024844901636242867,0.002590328920632601,0.0001273599045816809,-41.13937759399414,40.10135269165039,1752.10986328125,0,13,0,6,0.0024928427301347256,81.07914733886719,0.06142576411366463
16,"PMD=14 PMS=6, AMD=0",315.1336328125,315.53503515625005,True,-0.0027527951169759035,0.0027473499067127705,7.041011849651113e-05,-44.039939880371094,43.78929138183594,1752.1094970703125,0,14,0,6,0.002660695929080248,87.62664794921875,0.06142447888851166
16,"PMD=15 PMS=6, AMD=0",315.53503515625005,315.93643750000007,True,-0.004024231806397438,0.0037152236327528954,0.00014185627514962107,-47.03844451904297,46.561553955078125,1752.1077880859375,0,15,0,6,0.0043576788157224655,93.33084106445312,0.06141863390803337
16,"PMD=16 PMS=6, AMD=0",315.93643750000007,316.33783984375003,True,-0.0018954742699861526,0.0017384685343131423,-3.209853821317665e-05,-49.76819610595703,50.1912727355957,1752.11083984375,0,16,0,6,0.0018725802656263113,99.87188720703125,0.06142834946513176
16,"PMD=17 PMS=6, AMD=0",316.33783984375003,316.73924218750005,True,-0.0018801529658958316,0.001889881445094943,-0.00024384239804930985,-54.6320686340332,52.94440460205078,1752.109130859375,0,17,0,6,0.0023004701361060143,107.47725677490234,0.0614287443459034
16,"PMD=18 PMS=6, AMD=0",316.73924218750005,317.1406445312501,True,-0.001960692461580038,0.001659241272136569,-0.00020501443941611797,-57.55842590332031,55.68429183959961,1752.1102294921875,0,18,0,6,0.0019170844461768866,113.11959838867188,0.061428818851709366
16,"PMD=19 PMS=6, AMD=0",317.1406445312501,317.54204687500004,True,-0.002910337643697858,0.002718244446441531,-6.316152575891465e-05,-60.45759201049805,58.45825958251953,1752.1103515625,0,19,0,6,0.003225510474294424,118.7872314453125,0.06142549216747284
16,"PMD=20 PMS=6, AMD=0",317.54204687500004,317.94344921875006,True,-0.002030465053394437,0.0019341042498126626,-3.6240278859622777e-05,-63.393341064453125,62.04657745361328,1752.1087646484375,0,20,0,6,0.002116444520652294,125.36968994140625,0.06142754107713699
16,"PMD=21 PMS=6, AMD=0",317.94344921875006,318.3448515625,True,-0.002036469057202339,0.001630658283829689,-7.45512661524117e-05,-66.31080627441406,64.78191375732422,1752.110107421875,0,21,0,6,0.0021681897342205048,131.01763916015625,0.061428483575582504
16,"PMD=22 PMS=6, AMD=0",318.3448515625,318.74625390625,True,-0.0017745605437085032,0.0017087453743442893,-1.553156653244514e-05,-69.2970199584961,68.41183471679688,1752.10888671875,0,22,0,6,0.002163945697247982,137.5918426513672,0.0614280067384243
16,"PMD=23 PMS=6, AMD=0",318.74625390625,319.14765625,True,-0.0019176278728991747,0.0015726631972938776,-0.00014599564019590616,-72.20825958251953,71.13182830810547,1752.1107177734375,0,23,0,6,0.0019093294395133853,143.25015258789062,0.06142983213067055
16,"PMD=24 PMS=6, AMD=0",319.14765625,319.54905859375003,True,-0.0033984731417149305,0.0031550368294119835,-0.00015842067659832537,-75.15570831298828,74.79895782470703,1752.108642578125,0,24,0,6,0.0027473564259707928,149.81735229492188,0.06142808496952057
16,"PMD=25 PMS=6, AMD=0",319.54905859375003,319.95046093750005,True,-0.002326733199879527,0.0024233681615442038,6.160882185213268e-05,-79.11705780029297,77.47026824951172,1752.109375,0,25,0,6,0.002536286134272814,156.45602416992188,0.06142594665288925
16,"PMD=26 PMS=6, AMD=0",319.95046093750005,320.35186328125,True,-0.0020925765857100487,0.00175338180270046,-8.490555774187669e-05,-82.05591583251953,81.04618072509766,1752.1119384765625,0,26,0,6,0.0018197766039520502,163.02587890625,0.061428967863321304
16,"PMD=27 PMS=6, AMD=0",320.35186328125,320.75326562500004,True,-0.0022128645796328783,0.0018571539549157023,-0.00019569569849409163,-85.04327392578125,83.74195861816406,1752.1080322265625,0,27,0,6,0.0021516329143196344,168.68434143066406,0.061426565051078796
16,"PMD=28 PMS=6, AMD=0",320.75326562500004,321.15466796875006,True,-0.002290088217705488,0.002315963851287961,-0.00024228927213698626,-88.01265716552734,87.34757995605469,1752.1077880859375,0,28,0,6,0.002334865741431713,175.24169921875,0.06142853572964668
16,"PMD=29 PMS=6, AMD=0",321.15466796875006,321.5560703125,True,-0.001961520640179515,0.0020605602767318487,0.00017602636944502592,-90.9827880859375,90.02812957763672,1752.1087646484375,0,29,0,6,0.0021560760214924812,180.9090576171875,0.06142693758010864
16,"PMD=30 PMS=6, AMD=0",321.5560703125,321.95747265625005,True,-0.0017339796759188175,0.0013956762850284576,-0.0001397830928908661,-93.95855712890625,93.5864028930664,1752.1068115234375,0,30,0,6,0.0016846288926899433,187.47052001953125,0.061430733650922775
16,"PMD=31 PMS=6, AMD=0",321.95747265625005,322.35887500000007,True,-0.0023298384621739388,0.002187225269153714,-0.00019466030062176287,-96.944580078125,96.27723693847656,1752.10986328125,0,31,0,6,0.0024932839442044497,193.1357879638672,0.06142796203494072
16,"PMD=32 PMS=6, AMD=0",322.35887500000007,322.76027734375003,True,-0.002152617322281003,0.0021250834688544273,-0.0003013074165210128,-99.94606018066406,99.8354721069336,1752.1085205078125,0,32,0,6,0.002025667577981949,199.6968994140625,0.06142974644899368
16,"PMD=33 PMS=6, AMD=0",322.76027734375003,323.16167968750005,True,-0.002065661596134305,0.0018452442018315196,-0.00010147239663638175,-103.94554901123047,102.50121307373047,1752.1102294921875,0,33,0,6,0.002210653852671385,206.3533935546875,0.06142790615558624
16,"PMD=34 PMS=6, AMD=0",323.16167968750005,323.5630820312501,True,-0.0034634729381650686,0.0030173782724887133,-5.0736343837343156e-05,-107.0084228515625,106.08151245117188,1752.109375,0,34,0,6,0.003867024788632989,212.9255828857422,0.061422646045684814
16,"PMD=35 PMS=6, AMD=0",323.5630820312501,323.96448437500004,True,-0.0029084745328873396,0.002852480625733733,-0.00032615705276839435,-109.95423126220703,108.70761108398438,1752.1092529296875,0,35,0,6,0.003101616632193327,218.578369140625,0.06142441928386688
16,"PMD=36 PMS=6, AMD=0",323.96448437500004,324.36588671875006,True,-0.00215717195533216,0.0022531996946781874,-0.00022158105275593698,-112.95488739013672,112.2406997680664,1752.1060791015625,0,36,0,6,0.002170229097828269,225.13461303710938,0.06142786145210266
16,"PMD=37 PMS=6, AMD=0",324.36588671875006,324.7672890625,True,-0.0020437154453247786,0.0015104222111403942,-0.00019155404879711568,-115.98101043701172,114.89070129394531,1752.109130859375,0,37,0,6,0.0016714087687432766,230.80072021484375,0.0614311546087265
16,"PMD=38 PMS=6, AMD=0",324.7672890625,325.16869140625,True,-0.0022219743113964796,0.001988062635064125,-0.00016773943207226694,-119.01104736328125,118.4224853515625,1752.10888671875,0,38,0,6,0.0020195897668600082,237.34226989746094,0.061428315937519073
16,"PMD=39 PMS=6, AMD=0",325.16869140625,325.57009375,True,-0.0020056201610714197,0.001689896802417934,-0.000314767676172778,-122.049560546875,121.04869079589844,1752.11083984375,0,39,0,6,0.0018872790969908237,243.01992797851562,0.0614304356276989
16,"PMD=40 PMS=6, AMD=0",325.57009375,325.97149609375003,True,-0.0019314995734021068,0.0016099459026008844,-0.00019362487364560366,-125.08269500732422,125.44022369384766,1752.10888671875,0,40,0,6,0.0017296646255999804,250.44546508789062,0.061429936438798904
16,"PMD=41 PMS=6, AMD=0",325.97149609375003,326.37289843750006,True,-0.0019364686449989676,0.0016484711086377501,-0.000245395494857803,-128.1284637451172,128.07333374023438,1752.1080322265625,0,41,0,6,0.0019460376352071762,256.11590576171875,0.0614304393529892
16,"PMD=42 PMS=6, AMD=0",326.37289843750006,326.77430078125,True,-0.0036590909585356712,0.0036930558271706104,-0.00038206850877031684,-131.20018005371094,131.5852508544922,1752.108154296875,0,42,0,6,0.0038138420786708593,262.6585388183594,0.06142296642065048
16,"PMD=43 PMS=6, AMD=0",326.77430078125,327.17570312500004,True,-0.002456748392432928,0.0023124422878026962,-0.00037689151940867305,-134.22291564941406,134.19497680664062,1752.1112060546875,0,43,0,6,0.0023581162095069885,268.3251953125,0.06142980977892876
16,"PMD=44 PMS=6, AMD=0",327.17570312500004,327.57710546875006,True,-0.002214935142546892,0.0018582934280857444,-0.00019155404879711568,-137.28846740722656,137.66725158691406,1752.1083984375,0,44,0,6,0.0019126974511891603,274.86932373046875,0.06142773851752281
16,"PMD=45 PMS=6, AMD=0",327.57710546875006,327.9785078125,True,-0.002198786474764347,0.0017944969004020095,-0.00026403286028653383,-140.338623046875,140.28009033203125,1752.1085205078125,0,45,0,6,0.0019920971244573593,280.548095703125,0.06143111363053322
16,"PMD=46 PMS=6, AMD=0",327.9785078125,328.37991015625005,True,-0.0026283739134669304,0.0023075747303664684,-0.00018637697212398052,-143.43087768554688,143.75633239746094,1752.1099853515625,0,46,0,6,0.0027024406008422375,287.08251953125,0.061426881700754166
16,"PMD=47 PMS=6, AMD=0",328.37991015625005,328.78131250000007,True,-0.002758591901510954,0.0023904319386929274,-0.00033547566272318363,-146.4859161376953,146.35238647460938,1752.1094970703125,0,47,0,6,0.0032083361875265837,292.75958251953125,0.061426952481269836
16,"PMD=48 PMS=6, AMD=0",328.78131250000007,329.18271484375003,True,-0.0022743537556380033,0.0018492831150069833,-0.00033236946910619736,-149.57249450683594,149.81484985351562,1752.1097412109375,0,48,0,6,0.0021199635230004787,299.30096435546875,0.06142919883131981
16,"PMD=49 PMS=6, AMD=0",329.18271484375003,329.58411718750006,True,-0.0027815711218863726,0.0023012564051896334,-0.00020501443941611797,-153.69146728515625,152.3998565673828,1752.10888671875,0,49,0,6,0.002930557820945978,306.0094299316406,0.06142616271972656
16,"PMD=50 PMS=6, AMD=0",329.58411718750006,329.9855195312501,True,-0.0022878111340105534,0.0016284832963719964,-0.00037792688817717135,-156.76475524902344,155.84678649902344,1752.1090087890625,0,50,0,6,0.0019289718475192785,312.5476379394531,0.06142951175570488
16,"PMD=51 PMS=6, AMD=0",329.9855195312501,330.38692187500004,True,-0.0023190730717033148,0.002016025595366955,-0.00046800565905869007,-159.88385009765625,158.4186553955078,1752.1099853515625,0,51,0,6,0.002484971657395363,318.2235107421875,0.061429161578416824
16,"PMD=52 PMS=6, AMD=0",330.38692187500004,330.78832421875006,True,-0.00256171147339046,0.0018161422340199351,-0.0004162364057265222,-162.97413635253906,161.86083984375,1752.107421875,0,52,0,6,0.002270867582410574,324.76165771484375,0.06142979860305786
16,"PMD=53 PMS=6, AMD=0",330.78832421875006,331.1897265625,True,-0.002230876823887229,0.001568624167703092,-0.00025782041484490037,-166.08450317382812,165.29733276367188,1752.110107421875,0,53,0,6,0.0017725834622979164,331.2984619140625,0.06142965704202652
16,"PMD=54 PMS=6, AMD=0",331.1897265625,331.59112890625,True,-0.002187813399359584,0.0013796244747936726,-0.00023918304941616952,-169.1847686767578,167.85707092285156,1752.110107421875,0,54,0,6,0.002005181508138776,336.98712158203125,0.06143123656511307
16,"PMD=55 PMS=6, AMD=0",331.59112890625,331.99253125,True,-0.003478791331872344,0.003215321572497487,-0.0003013074165210128,-172.3627166748047,171.28497314453125,1752.10791015625,0,55,0,6,0.003948432393372059,343.5269470214844,0.061423785984516144
16,"PMD=56 PMS=6, AMD=0",331.99253125,332.39393359375003,True,-0.0023801473435014486,0.0016121205408126116,-0.00042659026803448796,-175.43797302246094,174.7033233642578,1752.11181640625,0,56,0,6,0.002189353574067354,350.06365966796875,0.06142982840538025
16,"PMD=57 PMS=6, AMD=0",332.39393359375003,332.79533593750006,True,-0.002512439154088497,0.0017085382714867592,-0.00033547566272318363,-179.62025451660156,177.25531005859375,1752.1085205078125,0,57,0,6,0.002030800562351942,356.7919921875,0.06143008917570114
16,"PMD=58 PMS=6, AMD=0",332.79533593750006,333.19673828125,True,-0.002313068602234125,0.0018891561776399612,-0.0004514395259320736,-181.7268524169922,180.64772033691406,1752.111328125,0,58,0,6,0.002324457513168454,362.29193115234375,0.06143077835440636
16,"PMD=59 PMS=6, AMD=0",333.19673828125,333.59814062500004,True,-0.0023403973318636417,0.0014380327193066478,-0.00038103305269032717,-184.8561553955078,184.04319763183594,1752.1114501953125,0,59,0,6,0.0018930963706225157,368.81268310546875,0.061430830508470535
16,"PMD=60 PMS=6, AMD=0",333.59814062500004,333.99954296875006,True,-0.003453329671174288,0.0008878304506652057,-0.0011544374283403158,-188.0066680908203,187.43392944335938,1752.1104736328125,0,60,0,6,0.002239363268017769,375.3507385253906,0.06143590807914734
16,"PMD=61 PMS=6, AMD=0",333.99954296875006,334.4009453125,True,-0.002044543856754899,0.004581989720463753,0.000486669858219102,-191.16241455078125,189.97555541992188,1752.10791015625,0,61,0,6,0.0038057626225054264,381.03900146484375,0.06141158938407898
16,"PMD=62 PMS=6, AMD=0",334.4009453125,334.80234765625005,True,-0.0022660724353045225,0.0011084041325375438,-0.0007465191883966327,-194.31451416015625,193.33514404296875,1752.108642578125,0,62,0,6,0.0016825944185256958,387.59002685546875,0.06143295392394066
16,"PMD=63 PMS=6, AMD=0",334.80234765625005,335.20375000000007,True,-0.0032359713222831488,0.002304674591869116,-0.00035204202868044376,-197.49281311035156,196.7023468017578,1752.1097412109375,0,63,0,6,0.0027640475891530514,394.1068115234375,0.06142613664269447
16,"PMD=64 PMS=6, AMD=0",335.20375000000007,335.60515234375004,True,-0.002974823582917452,0.0020084655843675137,-0.00044626262388192117,-199.60702514648438,200.0692901611328,1752.108642578125,0,64,0,6,0.002317047445103526,399.5951843261719,0.061429332941770554
16,"PMD=65 PMS=6, AMD=0",335.60515234375004,336.00655468750006,True,-0.0025523952208459377,0.0018201812636107206,-0.0007113172905519605,-204.88926696777344,202.58682250976562,1752.109375,0,65,0,6,0.0026096398942172527,407.3934020996094,0.06143017113208771
16,"PMD=66 PMS=6, AMD=0",336.00655468750006,336.4079570312501,True,-0.0027476195245981216,0.001505968626588583,-0.0005311637651175261,-207.02008056640625,205.929931640625,1752.1102294921875,0,66,0,6,0.002479186747223139,412.87823486328125,0.06143106520175934
16,"PMD=67 PMS=6, AMD=0",336.4079570312501,336.80935937500004,True,-0.0024310769513249397,0.0015723522519692779,-0.0005311637651175261,-210.21148681640625,209.26943969726562,1752.1085205078125,0,67,0,6,0.0020245667546987534,419.41180419921875,0.061430953443050385
16,"PMD=68 PMS=6, AMD=0",336.80935937500004,337.21076171875006,True,-0.002513888292014599,0.001505451276898384,-0.0006253824685700238,-213.3953399658203,212.6083526611328,1752.108642578125,0,68,0,6,0.0023166779428720474,425.93768310546875,0.06143109127879143
16,"PMD=69 PMS=6, AMD=0",337.21076171875006,337.6121640625,True,-0.0031616543419659138,0.0011828105198219419,-0.00030182511545717716,-216.6197967529297,215.10769653320312,1752.10595703125,0,69,0,6,0.0018551438115537167,431.64520263671875,0.061431556940078735
16,"PMD=70 PMS=6, AMD=0",337.6121640625,338.01356640625,True,-0.002749068895354867,0.001996762352064252,-0.0008573009399697185,-219.79623413085938,218.4441375732422,1752.1094970703125,0,70,0,6,0.0023554745130240917,438.1770935058594,0.061430804431438446
16,"PMD=71 PMS=6, AMD=0",338.01356640625,338.41496875,True,-0.0029740987811237574,0.0016541670775040984,-0.0006616201717406511,-223.01467895507812,221.76060485839844,1752.1085205078125,0,71,0,6,0.002267455216497183,444.70770263671875,0.06143152341246605
16,"PMD=72 PMS=6, AMD=0",338.41496875,338.81637109375004,True,-0.0030765715055167675,0.002595818368718028,-0.001081966096535325,-225.16384887695312,225.07846069335938,1752.1082763671875,0,72,0,6,0.0026923264376819134,450.1629638671875,0.06143001839518547
16,"PMD=73 PMS=6, AMD=0",338.81637109375004,339.21777343750006,True,-0.0028258736710995436,0.0020697780419141054,-0.0009183855727314949,-229.45806884765625,227.5443878173828,1752.1094970703125,0,73,0,6,0.0023408972192555666,456.944580078125,0.061431482434272766
16,"PMD=74 PMS=6, AMD=0",339.21777343750006,339.61917578125,True,-0.0024919435381889343,0.001344362972304225,-0.0007749913493171334,-231.61569213867188,230.85568237304688,1752.107666015625,0,74,0,6,0.0017625568434596062,462.3936767578125,0.06143426150083542
16,"PMD=75 PMS=6, AMD=0",339.61917578125,340.02057812500004,True,-0.0028343615122139454,0.0014388611307367682,-0.0004856071900576353,-234.8592071533203,234.15037536621094,1752.1099853515625,0,75,0,6,0.0021664968226104975,468.93133544921875,0.06143205612897873
16,"PMD=76 PMS=6, AMD=0",340.02057812500004,340.42198046875006,True,-0.0037706629373133183,0.0020428504794836044,-0.0003416880208533257,-238.10299682617188,237.4476318359375,1752.1090087890625,0,76,0,6,0.0025698214303702116,475.45501708984375,0.06142853572964668
16,"PMD=77 PMS=6, AMD=0",340.42198046875006,340.82338281250003,True,-0.003613964421674609,0.00312872719950974,-0.0009649752755649388,-241.3363037109375,239.93002319335938,1752.1092529296875,0,77,0,6,0.0029632223304361105,481.16400146484375,0.06143216788768768
16,"PMD=78 PMS=6, AMD=0",340.82338281250003,341.22478515625005,True,-0.003393298014998436,0.0037257897201925516,-0.0009535866556689143,-244.60040283203125,243.2050323486328,1752.1070556640625,0,78,0,6,0.0030989183578640223,487.7142333984375,0.061427775770425797
16,"PMD=79 PMS=6, AMD=0",341.22478515625005,341.62618750000007,True,-0.0029660253785550594,0.0012571136467158794,-0.0005301284254528582,-247.86123657226562,246.46304321289062,1752.1102294921875,0,79,0,6,0.0024253129959106445,494.23870849609375,0.06143298000097275
16,"PMD=80 PMS=6, AMD=0",341.62618750000007,342.02758984375004,True,-0.002613054122775793,0.0013284656452015042,-0.0009007849730551243,-250.02783203125,249.7325897216797,1752.110595703125,0,80,0,6,0.0021312853787094355,499.67449951171875,0.06143266707658768
16,"PMD=81 PMS=6, AMD=0",342.02758984375004,342.42899218750006,True,-0.002522997558116913,0.0009846542961895466,-0.0007962158415466547,-254.3855438232422,252.16317749023438,1752.1077880859375,0,81,0,6,0.002087786328047514,506.47589111328125,0.06143428012728691
16,"PMD=82 PMS=6, AMD=0",342.42899218750006,342.8303945312501,True,-0.0031430230010300875,0.0015958609292283654,-0.001003282144665718,-257.6731262207031,255.435791015625,1752.109619140625,0,82,0,6,0.0026151486672461033,513.0185546875,0.06143302097916603
16,"PMD=83 PMS=6, AMD=0",342.8303945312501,343.23179687500004,True,-0.002987762214615941,0.0013210091274231672,-0.000750660605262965,-260.95013427734375,258.6661682128906,1752.1090087890625,0,83,0,6,0.0022389597725123167,519.5523681640625,0.06143462285399437
16,"PMD=84 PMS=6, AMD=0",343.23179687500004,343.63319921875006,True,-0.002348057460039854,0.0014673408586531878,-0.0005886269500479102,-263.1381530761719,261.91107177734375,1752.1083984375,0,84,0,6,0.002064376138150692,524.9866943359375,0.06143294647336006
16,"PMD=85 PMS=6, AMD=0",343.63319921875006,344.03460156250003,True,-0.002943460363894701,0.0010782693279907107,-0.0009380567353218794,-266.43841552734375,265.1541442871094,1752.11181640625,0,85,0,6,0.0024320136290043592,531.51611328125,0.06143275275826454
16,"PMD=86 PMS=6, AMD=0",344.03460156250003,344.43600390625,True,-0.0031067957170307636,0.0018341622781008482,-0.0011047427542507648,-269.7374572753906,268.39349365234375,1752.1087646484375,0,86,0,6,0.002404306083917618,538.047607421875,0.06143369525671005
16,"PMD=87 PMS=6, AMD=0",344.43600390625,344.83740625,True,-0.0035226761829108,0.0018284665420651436,-0.0010188119485974312,-273.04901123046875,270.8125305175781,1752.1092529296875,0,87,0,6,0.0028290487825870514,543.7774658203125,0.06143104285001755
16,"PMD=88 PMS=6, AMD=0",344.83740625,345.23880859375004,True,-0.003728021401911974,0.001341825001873076,-0.0009463394526392221,-275.2584533691406,274.82489013671875,1752.1087646484375,0,88,0,6,0.002657672856003046,550.005615234375,0.06143170967698097
16,"PMD=89 PMS=6, AMD=0",345.23880859375004,345.64021093750006,True,-0.0036010267212986946,0.0019776541739702225,-0.0011342489160597324,-278.569091796875,277.2630615234375,1752.10986328125,0,89,0,6,0.002812399994581938,555.7457275390625,0.06143315136432648
16,"PMD=90 PMS=6, AMD=0",345.64021093750006,346.04161328125,True,-0.003525160253047943,0.0017646702472120523,-0.0008945729350671172,-281.90069580078125,280.4433288574219,1752.108154296875,0,90,0,6,0.002789172111079097,562.2763061523438,0.06143145263195038
16,"PMD=91 PMS=6, AMD=0",346.04161328125,346.44301562500004,True,-0.003472581272944808,0.00157753040548414,-0.0009784344583749771,-285.2279052734375,283.6658935546875,1752.1085205078125,0,91,0,6,0.002522020600736141,568.8115234375,0.061433687806129456
16,"PMD=92 PMS=6, AMD=0",346.44301562500004,346.84441796875007,True,-0.0034092373680323362,0.0009467530180700123,-0.0009763637790456414,-287.4538269042969,286.8423156738281,1752.107666015625,0,92,0,6,0.0020866761915385723,574.2267456054688,0.06143530085682869
16,"PMD=93 PMS=6, AMD=0",346.84441796875007,347.24582031250003,True,-0.007317261304706335,0.006765913218259811,-0.0015354198403656483,-290.7840576171875,290.16748046875,1752.108154296875,0,93,0,6,0.004414919763803482,580.794921875,0.06142902746796608
16,"PMD=94 PMS=6, AMD=0",347.24582031250003,347.64722265625005,True,-0.003063840325921774,0.0009003606392070651,-0.0009163148934021592,-294.14019775390625,293.2270202636719,1752.1103515625,0,94,0,6,0.002037741942331195,587.292724609375,0.061436161398887634
16,"PMD=95 PMS=6, AMD=0",347.64722265625005,348.0486250000001,True,-0.003670268692076206,0.0011745771626010537,-0.0012942019384354353,-297.49151611328125,295.61187744140625,1752.107177734375,0,95,0,6,0.0022144855465739965,593.0279541015625,0.061435289680957794
16,"PMD=96 PMS=6, AMD=0",348.0486250000001,348.45002734375004,True,-0.0036951086949557066,0.0015259564388543367,-0.0014060119865462184,-299.73638916015625,300.3763427734375,1752.1087646484375,0,96,0,6,0.002884975401684642,600.032470703125,0.061435237526893616
16,"PMD=97 PMS=6, AMD=0",348.45002734375004,348.85142968750006,True,-0.002935800701379776,0.0015996930887922645,-0.0011906728614121675,-303.0939025878906,302.7605285644531,1752.10986328125,0,97,0,6,0.002239424968138337,605.7796630859375,0.061435431241989136
16,"PMD=98 PMS=6, AMD=0",348.85142968750006,349.2528320312501,True,-0.0072098723612725735,0.006107403431087732,-4.1417538341192994e-06,-306.47662353515625,305.9085693359375,1752.1087646484375,0,98,0,6,0.004991094581782818,612.303466796875,0.06141342222690582
16,"PMD=99 PMS=6, AMD=0",349.2528320312501,349.65423437500004,True,-0.00482069980353117,0.0026153940707445145,-0.002845954615622759,-309.8382568359375,309.11004638671875,1752.10888671875,0,99,0,6,0.0035892233718186617,618.8465576171875,0.061437129974365234
16,"PMD=100 PMS=6, AMD=0",349.65423437500004,350.05563671875007,True,-0.0034496039152145386,0.0007326037157326937,-0.0010084586683660746,-312.1054382324219,312.2237548828125,1752.111328125,0,100,0,6,0.00239000516012311,624.24267578125,0.061435531824827194
16,"PMD=101 PMS=6, AMD=0",350.05563671875007,350.45703906250003,True,-0.003028130391612649,0.0009418856352567673,-0.0013325073523446918,-315.48687744140625,315.38031005859375,1752.1082763671875,0,101,0,6,0.0019592673052102327,630.7747802734375,0.061438292264938354
16,"PMD=102 PMS=6, AMD=0",350.45703906250003,350.85844140625,True,-0.0032479779329150915,0.0006752357585355639,-0.001234155148267746,-318.8975524902344,318.4997253417969,1752.109375,0,102,0,6,0.001986730145290494,637.3099365234375,0.06143607944250107
16,"PMD=103 PMS=6, AMD=0",350.85844140625,351.25984375,True,-0.0036000951658934355,0.0011575939133763313,-0.0013180134119465947,-322.2921142578125,320.854736328125,1752.107177734375,0,103,0,6,0.002469134982675314,643.0621948242188,0.061435945332050323
16,"PMD=104 PMS=6, AMD=0",351.25984375,351.66124609375004,True,-0.0038240686990320683,0.001130254939198494,-0.0012662492226809263,-324.57098388671875,324.76092529296875,1752.1099853515625,0,104,0,6,0.002309228526428342,649.2518920898438,0.061434660106897354
16,"PMD=105 PMS=6, AMD=0",351.66124609375004,352.0626484375,True,-0.003943918738514185,0.0021201118361204863,-0.0014008355792611837,-327.97357177734375,327.9316101074219,1752.1082763671875,0,105,0,6,0.002783807460218668,655.800537109375,0.0614364892244339
16,"PMD=106 PMS=6, AMD=0",352.0626484375,352.46405078125,True,-0.003345065051689744,0.001329708145931363,-0.0016285923775285482,-331.3879699707031,330.2549743652344,1752.1099853515625,0,106,0,6,0.0023275527637451887,661.5408935546875,0.06143818795681
16,"PMD=107 PMS=6, AMD=0",352.46405078125,352.86545312500004,True,-0.003805438755080104,0.0003579584008548409,-0.0014546695165336132,-334.82806396484375,333.3341979980469,1752.109619140625,0,107,0,6,0.0023914200719445944,668.0811767578125,0.06143953278660774
16,"PMD=108 PMS=6, AMD=0",352.86545312500004,353.26685546875007,True,-0.003632594598457217,0.0007498969789594412,-0.0012517551658675075,-337.1091613769531,337.2124938964844,1752.1094970703125,0,108,0,6,0.0021306276321411133,674.2562255859375,0.06143784895539284
16,"PMD=109 PMS=6, AMD=0",353.26685546875007,353.66825781250003,True,-0.007484031841158867,0.005814898759126663,-0.0020271523389965296,-340.5639953613281,340.5284423828125,1752.1087646484375,0,109,0,6,0.004037071485072374,680.7592163085938,0.06143209710717201
16,"PMD=110 PMS=6, AMD=0",353.66825781250003,354.06966015625005,True,-0.0042237695306539536,0.0019038624595850706,-0.0014991858042776585,-343.9930725097656,342.67694091796875,1752.107666015625,0,110,0,6,0.002847001887857914,686.5584716796875,0.061434704810380936
16,"PMD=111 PMS=6, AMD=0",354.06966015625005,354.4710625000001,True,-0.0031436439603567123,0.0003101194160990417,-0.0015002210857346654,-347.446533203125,345.7322082519531,1752.1102294921875,0,111,0,6,0.0019980594515800476,693.101806640625,0.061440084129571915
16,"PMD=112 PMS=6, AMD=0",354.4710625000001,354.87246484375004,True,-0.003485208610072732,0.000565781956538558,-0.0014826215337961912,-349.752685546875,350.34906005859375,1752.1085205078125,0,112,0,6,0.002105721039697528,700.02880859375,0.06143835559487343
16,"PMD=113 PMS=6, AMD=0",354.87246484375004,355.27386718750006,True,-0.004124829545617104,0.0008795461035333574,-0.0013925533276051283,-354.37249755859375,353.42584228515625,1752.1085205078125,0,113,0,6,0.0024628974497318268,707.7169799804688,0.06143605336546898
16,"PMD=114 PMS=6, AMD=0",355.27386718750006,355.6752695312501,True,-0.00372243276797235,0.0005837999051436782,-0.0015385255683213472,-357.8402099609375,355.732666015625,1752.1090087890625,0,114,0,6,0.0021877659019082785,713.507080078125,0.061438001692295074
16,"PMD=115 PMS=6, AMD=0",355.6752695312501,356.07667187500005,True,-0.0048490553162992,0.0021046805195510387,-0.0018542727921158075,-360.1636047363281,358.8779602050781,1752.1092529296875,0,115,0,6,0.003150189993903041,718.8853759765625,0.061433639377355576
16,"PMD=116 PMS=6, AMD=0",356.07667187500005,356.47807421875007,True,-0.0044560059905052185,0.0006164184887893498,-0.0015913235256448388,-363.6516418457031,362.62164306640625,1752.109130859375,0,116,0,6,0.002518218941986561,726.2005615234375,0.061437562108039856
16,"PMD=117 PMS=6, AMD=0",356.47807421875007,356.87947656250003,True,-0.0041457354091107845,0.0005193912656977773,-0.0017196934204548597,-367.1417541503906,365.6896667480469,1752.108642578125,0,117,0,6,0.00238210242241621,732.7470703125,0.06143821030855179
16,"PMD=118 PMS=6, AMD=0",356.87947656250003,357.28087890625,True,-0.003929843194782734,0.0007220413535833359,-0.001739362720400095,-369.46600341796875,367.9755859375,1752.107666015625,0,118,0,6,0.002619147766381502,737.362548828125,0.061437562108039856
16,"PMD=119 PMS=6, AMD=0",357.28087890625,357.68228125,True,-0.004353343043476343,0.0012721294770017266,-0.0016917421016842127,-372.9736328125,371.0390930175781,1752.1082763671875,0,119,0,6,0.002708971966058016,743.9239501953125,0.061437658965587616
16,"PMD=120 PMS=6, AMD=0",357.68228125,358.08368359375004,True,-0.004343821667134762,0.0007116859778761864,-0.0015323141124099493,-375.3193054199219,374.8257141113281,1752.10791015625,0,120,0,6,0.0022319823037832975,750.0538330078125,0.061438366770744324
16,"PMD=121 PMS=6, AMD=0",358.08368359375004,358.4850859375,True,-0.003844147315248847,0.000336627010256052,-0.0018853292567655444,-378.8243408203125,377.8573913574219,1752.1080322265625,0,121,0,6,0.00212790141813457,756.6034545898438,0.06143977865576744
16,"PMD=122 PMS=6, AMD=0",358.4850859375,358.88648828125,True,-0.005214974284172058,0.0010425422806292772,-0.0015613011782988906,-382.37042236328125,380.1189270019531,1752.1104736328125,0,122,0,6,0.003075671847909689,762.400634765625,0.061435867100954056
16,"PMD=123 PMS=6, AMD=0",358.88648828125,359.28789062500005,True,-0.005240844562649727,0.001338821486569941,-0.001579935778863728,-384.7259521484375,383.1759033203125,1752.108154296875,0,123,0,6,0.0034307343885302544,767.7684326171875,0.06143537908792496
16,"PMD=124 PMS=6, AMD=0",359.28789062500005,359.68929296875007,True,-0.0040300278924405575,0.00022790271032135934,-0.0018118286971002817,-388.24298095703125,386.9167175292969,1752.1087646484375,0,124,0,6,0.0024327575229108334,775.0794067382812,0.06144069507718086
16,"PMD=125 PMS=6, AMD=0",359.68929296875007,360.09069531250003,True,-0.0035390297416597605,0.00019683875143527985,-0.0019867795053869486,-391.8043518066406,389.9291076660156,1752.1104736328125,0,125,0,6,0.0018012848449870944,781.6270751953125,0.06144081428647041
16,"PMD=126 PMS=6, AMD=0",360.09069531250003,360.49209765625005,True,-0.004063146188855171,-0.0008442557300440967,-0.002519892295822501,-394.148681640625,392.18695068359375,1752.1072998046875,0,126,0,6,0.0018102135509252548,786.2481689453125,0.06144718453288078
16,"PMD=127 PMS=6, AMD=0",360.49209765625005,360.8935000000001,True,-0.005672558210790157,0.0028854182455688715,-0.0021979582961648703,-397.6941223144531,395.3219299316406,1752.1103515625,0,127,0,6,0.004048578441143036,792.8380126953125,0.06143272668123245
16,"PMD=0 PMS=7, AMD=0",360.8935000000001,361.29490234375004,True,-0.001092112041078508,0.0012897346168756485,2.1744239347754046e-05,-0.040492068976163864,0.0394592359662056,1752.1083984375,0,0,0,7,0.00125030311755836,0.039108820259571075,0.061428483575582504
16,"PMD=1 PMS=7, AMD=0",361.29490234375004,361.69630468750006,True,-0.0015973278786987066,0.001618541544303298,6.0573380324058235e-05,-6.647817611694336,5.677746772766113,1752.110107421875,0,1,0,7,0.0016234584618359804,12.260916709899902,0.0614299476146698
16,"PMD=2 PMS=7, AMD=0",361.69630468750006,362.0977070312501,True,-0.0015277588972821832,0.001686893287114799,-9.940154996002093e-05,-12.324606895446777,12.258841514587402,1752.1082763671875,0,2,0,7,0.00160544877871871,24.503772735595703,0.06142938882112503
16,"PMD=3 PMS=7, AMD=0",362.0977070312501,362.49910937500005,True,-0.0014399688225239515,0.001424984191544354,-0.00010147239663638175,-18.991424560546875,17.8476505279541,1752.109375,0,3,0,7,0.0016427200753241777,36.75994873046875,0.06143046170473099
16,"PMD=4 PMS=7, AMD=0",362.49910937500005,362.90051171875007,True,-0.0013950380962342024,0.0013095146277919412,-4.1417446482228115e-05,-24.710281372070312,25.288972854614258,1752.109130859375,0,4,0,7,0.0014972479548305273,49.94438934326172,0.06143033131957054
16,"PMD=5 PMS=7, AMD=0",362.90051171875007,363.30191406250003,True,-0.0018940250156447291,0.0018355088541284204,1.3978434253658634e-05,-31.45622444152832,30.8620548248291,1752.107421875,0,5,0,7,0.0020465527195483446,62.210166931152344,0.06142794340848923
16,"PMD=6 PMS=7, AMD=0",363.30191406250003,363.70331640625,True,-0.0019317066762596369,0.0015505007468163967,7.299873686861247e-05,-37.1987190246582,37.330753326416016,1752.1099853515625,0,6,0,7,0.0018036074470728636,74.4437255859375,0.0614277720451355
16,"PMD=7 PMS=7, AMD=0",363.70331640625,364.10471875,True,-0.003080712165683508,0.0026372484862804413,0.00017447317077312618,-44.03534698486328,43.79001998901367,1752.1083984375,0,7,0,7,0.002874893369153142,87.66049194335938,0.06142441928386688
16,"PMD=8 PMS=7, AMD=0",364.10471875,364.50612109375004,True,-0.002051582792773843,0.0017906652064993978,-4.038201586809009e-05,-49.7518424987793,50.19500732421875,1752.109619140625,0,8,0,7,0.0019800234586000443,99.88001251220703,0.06142834201455116
16,"PMD=9 PMS=7, AMD=0",364.50612109375004,364.9075234375,True,-0.001790710142813623,0.0018976486753672361,-0.0001397830928908661,-57.552242279052734,55.67369842529297,1752.106201171875,0,9,0,7,0.0018938061548396945,113.13526916503906,0.061427123844623566
16,"PMD=10 PMS=7, AMD=0",364.9075234375,365.30892578125,True,-0.0019317066762596369,0.0019728378392755985,1.8637918401509523e-05,-63.39402770996094,62.06016159057617,1752.10888671875,0,10,0,7,0.0019150342559441924,125.36351013183594,0.06142837181687355
16,"PMD=11 PMS=7, AMD=0",365.30892578125,365.71032812500005,True,-0.0018368810415267944,0.001849386957474053,-3.416941035538912e-05,-69.2920150756836,68.40647888183594,1752.10986328125,0,11,0,7,0.0020873199682682753,137.60516357421875,0.06142810732126236
16,"PMD=12 PMS=7, AMD=0",365.71032812500005,366.11173046875007,True,-0.003591815009713173,0.003415651386603713,-0.00013253514771349728,-75.1527328491211,74.80208587646484,1752.107421875,0,12,0,7,0.003215478267520666,149.82894897460938,0.061426252126693726
16,"PMD=13 PMS=7, AMD=0",366.11173046875007,366.51313281250003,True,-0.0017675211420282722,0.0019235402578487992,-9.008269262267277e-05,-82.05790710449219,81.06031799316406,1752.107421875,0,13,0,7,0.0019490632694214582,163.03060913085938,0.06142868474125862
16,"PMD=14 PMS=7, AMD=0",366.51313281250003,366.91453515625005,True,-0.002155308611690998,0.0021873286459594965,-0.00015531441022176296,-87.99842071533203,87.34840393066406,1752.1102294921875,0,14,0,7,0.0022753605153411627,175.249755859375,0.06142612174153328
16,"PMD=15 PMS=7, AMD=0",366.91453515625005,367.3159375000001,True,-0.0015983631601557136,0.0013183171395212412,-0.00013874768046662211,-93.95637512207031,93.5852279663086,1752.107666015625,0,15,0,7,0.0014697748702019453,187.46621704101562,0.0614306777715683
16,"PMD=16 PMS=7, AMD=0",367.3159375000001,367.71733984375004,True,-0.0023385342210531235,0.0022453281562775373,-0.0003582544159144163,-99.94737243652344,99.83445739746094,1752.1087646484375,0,16,0,7,0.002209216356277466,199.69046020507812,0.06142949312925339
16,"PMD=17 PMS=7, AMD=0",367.71733984375004,368.11874218750006,True,-0.0033222942147403955,0.002971181645989418,-0.00019155404879711568,-107.00381469726562,106.0728988647461,1752.109619140625,0,17,0,7,0.0036534785758703947,212.9131622314453,0.06142313778400421
16,"PMD=18 PMS=7, AMD=0",368.11874218750006,368.5201445312501,True,-0.0022277713287621737,0.002155015245079994,-0.0001138975057983771,-112.96410369873047,112.23702239990234,1752.1082763671875,0,18,0,7,0.002253446262329817,225.12490844726562,0.06142883002758026
16,"PMD=19 PMS=7, AMD=0",368.5201445312501,368.92154687500005,True,-0.0021526170894503593,0.0019284080481156707,-0.00023607681214343756,-119.01286315917969,118.41690063476562,1752.109619140625,0,19,0,7,0.00202473858371377,237.35116577148438,0.061428867280483246
16,"PMD=20 PMS=7, AMD=0",368.92154687500005,369.32294921875007,True,-0.001873734756372869,0.0015127002261579037,-0.00019362487364560366,-125.0834732055664,125.4405746459961,1752.1099853515625,0,20,0,7,0.0018673702143132687,250.44456481933594,0.06143017113208771
16,"PMD=21 PMS=7, AMD=0",369.32294921875007,369.72435156250003,True,-0.003529714420437813,0.0035927833523601294,-0.0004669702611863613,-131.19256591796875,131.58628845214844,1752.10986328125,0,21,0,7,0.003785129403695464,262.65106201171875,0.061422936618328094
16,"PMD=22 PMS=7, AMD=0",369.72435156250003,370.12575390625,True,-0.0021749772131443024,0.001858190051279962,-0.00018534155969973654,-137.28524780273438,137.67379760742188,1752.1114501953125,0,22,0,7,0.0021608578972518444,274.865234375,0.061429981142282486
16,"PMD=23 PMS=7, AMD=0",370.12575390625,370.52715625,True,-0.0026699858717620373,0.0024763457477092743,-0.00034065262298099697,-143.44027709960938,143.75759887695312,1752.110107421875,0,23,0,7,0.002730016130954027,287.0830078125,0.06142576038837433
16,"PMD=24 PMS=7, AMD=0",370.52715625,370.92855859375004,True,-0.0024453618098050356,0.0018420337000861764,-0.0001138975057983771,-149.5765838623047,149.8210906982422,1752.1090087890625,0,24,0,7,0.0024554887786507607,299.2969665527344,0.06142805889248848
16,"PMD=25 PMS=7, AMD=0",370.92855859375004,371.3299609375,True,-0.002226735930889845,0.001667733769863844,-0.00042244873475283384,-156.7758331298828,155.85275268554688,1752.1065673828125,0,25,0,7,0.0023063875269144773,312.53851318359375,0.06143011152744293
16,"PMD=26 PMS=7, AMD=0",371.3299609375,371.73136328125,True,-0.0023062368854880333,0.0023024994879961014,-0.0005787909030914307,-162.97268676757812,161.86776733398438,1752.10791015625,0,26,0,7,0.0025984831154346466,324.7591552734375,0.0614280179142952
16,"PMD=27 PMS=7, AMD=0",371.73136328125,372.13276562500005,True,-0.0020923695992678404,0.0015591998817399144,-0.0002485017466824502,-169.19468688964844,167.85910034179688,1752.1090087890625,0,27,0,7,0.0020920648239552975,336.99151611328125,0.06142992526292801
16,"PMD=28 PMS=7, AMD=0",372.13276562500005,372.53416796875007,True,-0.002326836809515953,0.0018096177373081446,-0.0006367714377120137,-175.4415283203125,174.70004272460938,1752.111083984375,0,28,0,7,0.0021880411077290773,350.05963134765625,0.06142987310886383
16,"PMD=29 PMS=7, AMD=0",372.53416796875007,372.93557031250003,True,-0.002448674291372299,0.0018624361837282777,-0.0005332345608621836,-181.7171630859375,180.6511688232422,1752.1070556640625,0,29,0,7,0.0023441300727427006,362.281982421875,0.06143079698085785
16,"PMD=30 PMS=7, AMD=0",372.93557031250003,373.33697265625005,True,-0.00209195539355278,0.0033904805313795805,-0.00011700378672685474,-188.0157470703125,187.44204711914062,1752.1083984375,0,30,0,7,0.0023996522650122643,375.3497009277344,0.06142672151327133
16,"PMD=31 PMS=7, AMD=0",373.33697265625005,373.7383750000001,True,-0.002482627285644412,0.0016216484364122152,-0.00043901492608711123,-194.31597900390625,193.33792114257812,1752.1080322265625,0,31,0,7,0.0022673613857477903,387.57232666015625,0.06143184378743172
16,"PMD=32 PMS=7, AMD=0",373.7383750000001,374.13977734375004,True,-0.0030825750436633825,0.0021653722506016493,-0.00036446674494072795,-199.59837341308594,200.07440185546875,1752.109619140625,0,32,0,7,0.0026987530291080475,399.5917053222656,0.06142926961183548
16,"PMD=33 PMS=7, AMD=0",374.13977734375004,374.54117968750006,True,-0.0028086910024285316,0.001440932508558035,-0.0004467802937142551,-207.02256774902344,205.92941284179688,1752.1104736328125,0,33,0,7,0.0025094994343817234,412.8797607421875,0.06143048778176308
16,"PMD=34 PMS=7, AMD=0",374.54117968750006,374.9425820312501,True,-0.0024387368466705084,0.001328983693383634,-0.0006595493759959936,-213.3957977294922,212.61050415039062,1752.107666015625,0,34,0,7,0.0020117261447012424,425.93963623046875,0.061431482434272766
16,"PMD=35 PMS=7, AMD=0",374.9425820312501,375.34398437500005,True,-0.002515337197110057,0.0016700124833732843,-0.0006574786966666579,-219.8021240234375,218.44566345214844,1752.107421875,0,35,0,7,0.002012220909819007,438.1668701171875,0.06143254041671753
16,"PMD=36 PMS=7, AMD=0",375.34398437500005,375.74538671875007,True,-0.0030192288104444742,0.0028516517486423254,-0.0007900037453509867,-225.16287231445312,225.07501220703125,1752.1080322265625,0,36,0,7,0.002535721519961953,450.15460205078125,0.06143059581518173
16,"PMD=37 PMS=7, AMD=0",375.74538671875007,376.14678906250003,True,-0.0024352173786610365,0.0011301510967314243,-0.0006688676658086479,-231.615234375,230.8578643798828,1752.1092529296875,0,37,0,7,0.0019573315512388945,462.4007873535156,0.0614335723221302
16,"PMD=38 PMS=7, AMD=0",376.14678906250003,376.54819140625,True,-0.0037029748782515526,0.001780619495548308,-0.0005249516107141972,-238.10531616210938,237.44874572753906,1752.1085205078125,0,38,0,7,0.002723278943449259,475.459228515625,0.06142997369170189
16,"PMD=39 PMS=7, AMD=0",376.54819140625,376.94959375,True,-0.0038573951460421085,0.0032114889472723007,-0.001284884288907051,-244.59417724609375,243.19947814941406,1752.108642578125,0,39,0,7,0.002649878151714802,487.70263671875,0.06143607944250107
16,"PMD=40 PMS=7, AMD=0",376.94959375,377.35099609375004,True,-0.0026321003679186106,0.001676433370448649,-0.0009049262735061347,-250.0264434814453,249.735595703125,1752.1080322265625,0,40,0,7,0.0023818351328372955,499.67681884765625,0.06143221631646156
16,"PMD=41 PMS=7, AMD=0",377.35099609375004,377.7523984375,True,-0.0036888986360281706,0.002113276394084096,-0.0013242252171039581,-257.6741943359375,255.43618774414062,1752.1080322265625,0,41,0,7,0.002826286945492029,513.0145263671875,0.061432741582393646
16,"PMD=42 PMS=7, AMD=0",377.7523984375,378.15380078125,True,-0.00261222617700696,0.00109680590685457,-0.000910102971829474,-263.1385192871094,261.9142761230469,1752.10888671875,0,42,0,7,0.001926762517541647,524.989990234375,0.061435267329216
16,"PMD=43 PMS=7, AMD=0",378.15380078125,378.55520312500005,True,-0.002974823582917452,0.0015038460260257125,-0.0011358018964529037,-269.7381591796875,268.3934326171875,1752.1085205078125,0,43,0,7,0.0022559610661119223,538.0501708984375,0.06143440306186676
16,"PMD=44 PMS=7, AMD=0",378.55520312500005,378.95660546875,True,-0.003156892955303192,0.0011952891945838928,-0.0007413424318656325,-275.249267578125,274.8193359375,1752.108642578125,0,44,0,7,0.002503487979993224,550.0091552734375,0.061432380229234695
16,"PMD=45 PMS=7, AMD=0",378.95660546875,379.35800781250003,True,-0.0037719053216278553,0.0015565070789307356,-0.0008728309185244143,-281.9029846191406,280.4429931640625,1752.110595703125,0,45,0,7,0.0025692961644381285,562.2762451171875,0.06143219396471977
16,"PMD=46 PMS=7, AMD=0",379.35800781250003,379.75941015625006,True,-0.0030444844160228968,0.0010449240216985345,-0.0009183855727314949,-287.4551696777344,286.8519287109375,1752.1083984375,0,46,0,7,0.0018931074300780892,574.2273559570312,0.06143494322896004
16,"PMD=47 PMS=7, AMD=0",379.75941015625006,380.1608125000001,True,-0.003454778576269746,0.001025766134262085,-0.0009805051377043128,-294.1373596191406,293.2248229980469,1752.109375,0,47,0,7,0.002285931259393692,587.29052734375,0.06143555790185928
16,"PMD=48 PMS=7, AMD=0",380.1608125000001,380.56221484375004,True,-0.0035011479631066322,0.0019988855347037315,-0.0014086001319810748,-299.73468017578125,300.37933349609375,1752.1090087890625,0,48,0,7,0.0030192346312105656,600.0331420898438,0.061433784663677216
16,"PMD=49 PMS=7, AMD=0",380.56221484375004,380.96361718750006,True,-0.009116807021200657,0.005625081714242697,-0.00039656396256759763,-306.4754333496094,305.9039001464844,1752.11083984375,0,49,0,7,0.005750681273639202,612.3153076171875,0.06142142415046692
16,"PMD=50 PMS=7, AMD=0",380.96361718750006,381.3650195312501,True,-0.0030502809677273035,0.0004816990694962442,-0.00095565733499825,-312.10205078125,312.216552734375,1752.1087646484375,0,50,0,7,0.002084840089082718,624.2508544921875,0.06143518537282944
16,"PMD=51 PMS=7, AMD=0",381.3650195312501,381.76642187500005,True,-0.0031792502850294113,0.0005052049527876079,-0.0012279434595257044,-318.89111328125,318.5046081542969,1752.1090087890625,0,51,0,7,0.001841764198616147,637.3115234375,0.061437200754880905
16,"PMD=52 PMS=7, AMD=0",381.76642187500005,382.16782421875007,True,-0.003838972421362996,0.0011278730817139149,-0.0013822007458657026,-324.5709533691406,324.7518615722656,1752.109375,0,52,0,7,0.0025923256762325764,649.2581787109375,0.06143542379140854
16,"PMD=53 PMS=7, AMD=0",382.16782421875007,382.56922656250003,True,-0.0035378909669816494,0.0017801015637814999,-0.0015556073049083352,-331.38653564453125,330.25567626953125,1752.108154296875,0,53,0,7,0.002153335837647319,661.5386352539062,0.06143728643655777
16,"PMD=54 PMS=7, AMD=0",382.56922656250003,382.97062890625,True,-0.003419587854295969,0.00037214436451904476,-0.0013915181625634432,-337.1067199707031,337.2095947265625,1752.110107421875,0,54,0,7,0.0019193922635167837,674.2596435546875,0.0614391453564167
16,"PMD=55 PMS=7, AMD=0",382.97062890625,383.37203125,True,-0.003888237290084362,0.0012485180050134659,-0.0014567399630323052,-343.9908447265625,342.66552734375,1752.1097412109375,0,55,0,7,0.0025744722224771976,686.5642700195312,0.06143618002533913
16,"PMD=56 PMS=7, AMD=0",383.37203125,383.77343359375004,True,-0.0038420772179961205,0.0005291252164170146,-0.0014981505228206515,-349.74749755859375,350.36297607421875,1752.110107421875,0,56,0,7,0.0023303329944610596,700.0284423828125,0.06143907457590103
16,"PMD=57 PMS=7, AMD=0",383.77343359375004,384.1748359375,True,-0.00411510095000267,0.00046047140494920313,-0.0013490718556568027,-357.83392333984375,355.7377014160156,1752.1092529296875,0,57,0,7,0.0023365579545497894,713.5087890625,0.0614381805062294
16,"PMD=58 PMS=7, AMD=0",384.1748359375,384.57623828125,True,-0.004424337763339281,0.0004649244365282357,-0.0015985702630132437,-363.64837646484375,362.6197204589844,1752.1090087890625,0,58,0,7,0.0025231605395674706,726.2025146484375,0.06143765524029732
16,"PMD=59 PMS=7, AMD=0",384.57623828125,384.97764062500005,True,-0.004045966546982527,0.0010832399129867554,-0.0017983709694817662,-369.4714050292969,367.97027587890625,1752.10888671875,0,59,0,7,0.0027765322010964155,737.3631591796875,0.061437562108039856
16,"PMD=60 PMS=7, AMD=0",384.97764062500005,385.37904296875,True,-0.004036858677864075,0.000648312212433666,-0.0016710372874513268,-375.314453125,374.8187255859375,1752.1085205078125,0,60,0,7,0.0024790922179818153,750.0449829101562,0.06143869459629059
16,"PMD=61 PMS=7, AMD=0",385.37904296875,385.78044531250004,True,-0.004700447432696819,0.0006911825039424002,-0.001647226745262742,-382.3713684082031,380.1230163574219,1752.107666015625,0,61,0,7,0.0024980357848107815,762.4005737304688,0.061437446624040604
16,"PMD=62 PMS=7, AMD=0",385.78044531250004,386.18184765625006,True,-0.004196654073894024,0.00020046322606503963,-0.0018563431221991777,-388.2289733886719,386.9120788574219,1752.108642578125,0,62,0,7,0.0021605126094073057,775.07666015625,0.06144007295370102
16,"PMD=63 PMS=7, AMD=0",386.18184765625006,386.5832500000001,True,-0.003670372534543276,0.0008915585931390524,-0.0012346728472039104,-394.1479797363281,392.187255859375,1752.10888671875,0,63,0,7,0.00257773301564157,786.25,0.06143512204289436
16,"PMD=64 PMS=7, AMD=0",386.5832500000001,386.98465234375004,True,-0.004036651458591223,-1.24256985145621e-06,-0.0019909203983843327,-400.0732727050781,400.4322814941406,1752.109130859375,0,64,0,7,0.002165649551898241,800.4208374023438,0.06144281476736069
16,"PMD=65 PMS=7, AMD=0",386.98465234375004,387.38605468750006,True,-0.004252126906067133,3.199501588824205e-05,-0.0020447508431971073,-407.210205078125,405.6570129394531,1752.10986328125,0,65,0,7,0.0019117428455501795,812.7971801757812,0.06144285202026367
16,"PMD=66 PMS=7, AMD=0",387.38605468750006,387.7874570312501,True,-0.004526379518210888,0.00017716521688271314,-0.0019370897207409143,-413.20306396484375,412.3486328125,1752.109130859375,0,66,0,7,0.0022266963496804237,825.4576416015625,0.061442404985427856
16,"PMD=67 PMS=7, AMD=0",387.7874570312501,388.18885937500005,True,-0.004317120183259249,-3.0028335459064692e-05,-0.0022559280041605234,-419.1767578125,417.5375671386719,1752.1094970703125,0,67,0,7,0.001943024224601686,836.6438598632812,0.06144409254193306
16,"PMD=68 PMS=7, AMD=0",388.18885937500005,388.59026171875007,True,-0.004163122270256281,-0.00017954348004423082,-0.0022548928391188383,-425.1830749511719,424.92950439453125,1752.1094970703125,0,68,0,7,0.002030767034739256,850.0430908203125,0.061444349586963654
16,"PMD=69 PMS=7, AMD=0",388.59026171875007,388.99166406250004,True,-0.004813662264496088,-0.000287640345050022,-0.0022662796545773745,-432.43603515625,430.0832214355469,1752.1092529296875,0,69,0,7,0.002246276242658496,862.443115234375,0.06144436448812485
16,"PMD=70 PMS=7, AMD=0",388.99166406250004,389.39306640625,True,-0.004893347155302763,0.0001425810478394851,-0.002444326877593994,-438.50738525390625,436.6932067871094,1752.1107177734375,0,70,0,7,0.0027284412644803524,875.102294921875,0.06144203618168831
16,"PMD=71 PMS=7, AMD=0",389.39306640625,389.79446875,True,-0.005042986012995243,-0.00018057867418974638,-0.0023190730717033148,-444.5826416015625,441.8047180175781,1752.1102294921875,0,71,0,7,0.0026065115816891193,886.3037109375,0.061444252729415894
16,"PMD=72 PMS=7, AMD=0",389.79446875,390.19587109375004,True,-0.004455178044736385,-0.0006485748453997076,-0.0023335653822869062,-450.6841125488281,449.81298828125,1752.108642578125,0,72,0,7,0.0020506097935140133,900.4227294921875,0.061446405947208405
16,"PMD=73 PMS=7, AMD=0",390.19587109375004,390.5972734375,True,-0.009166663512587547,0.00432952307164669,-0.0021089324727654457,-457.04229736328125,454.8985290527344,1752.1097412109375,0,73,0,7,0.004757757298648357,911.6441650390625,0.06143638864159584
16,"PMD=74 PMS=7, AMD=0",390.5972734375,390.99867578125003,True,-0.004542523995041847,-0.0006295241182669997,-0.002486767712980509,-462.94854736328125,461.4021911621094,1752.10986328125,0,74,0,7,0.0018052931409329176,924.282470703125,0.06144638732075691
16,"PMD=75 PMS=7, AMD=0",390.99867578125003,391.40007812500005,True,-0.004698999226093292,-0.00011327676475048065,-0.0028914990834891796,-469.1199951171875,467.8924865722656,1752.1085205078125,0,75,0,7,0.002270748373121023,936.937255859375,0.0614471361041069
16,"PMD=76 PMS=7, AMD=0",391.40007812500005,391.80148046875,True,-0.004911146592348814,-0.0006790142506361008,-0.002723812125623226,-475.2992858886719,475.0718688964844,1752.1083984375,0,76,0,7,0.001913936692290008,950.298095703125,0.061447031795978546
16,"PMD=77 PMS=7, AMD=0",391.80148046875,392.20288281250004,True,-0.0046975500881671906,-0.0007937311311252415,-0.002698969328776002,-481.5110778808594,480.0748596191406,1752.1077880859375,0,77,0,7,0.0018745813285931945,961.525634765625,0.06144778057932854
16,"PMD=78 PMS=7, AMD=0",392.20288281250004,392.60428515625006,True,-0.004879273008555174,-0.00035266345366835594,-0.002857340732589364,-487.753173828125,486.50225830078125,1752.110107421875,0,78,0,7,0.0023336296435445547,974.1671142578125,0.06144753843545914
16,"PMD=79 PMS=7, AMD=0",392.60428515625006,393.0056875000001,True,-0.005075272172689438,-0.001120272558182478,-0.0029422182124108076,-494.0286560058594,492.88946533203125,1752.109130859375,0,79,0,7,0.0020090751349925995,986.8169555664062,0.06144926697015762
16,"PMD=80 PMS=7, AMD=0",393.0056875000001,393.40708984375004,True,-0.004945503547787666,-0.0008682758780196309,-0.003018814604729414,-500.289306640625,499.9704284667969,1752.1094970703125,0,80,0,7,0.0021255395840853453,1000.1692504882812,0.06144781783223152
16,"PMD=81 PMS=7, AMD=0",393.40708984375004,393.80849218750006,True,-0.0051309471018612385,-0.0009475823608227074,-0.0030022533610463142,-506.6150207519531,504.900634765625,1752.107666015625,0,81,0,7,0.0019583674147725105,1011.4198608398438,0.06145019456744194
16,"PMD=82 PMS=7, AMD=0",393.80849218750006,394.2098945312501,True,-0.005406412295997143,-0.0007119387737475336,-0.0032579144462943077,-512.9215087890625,511.2207946777344,1752.1104736328125,0,82,0,7,0.0021456817630678415,1024.056884765625,0.06145118549466133
16,"PMD=83 PMS=7, AMD=0",394.2098945312501,394.61129687500005,True,-0.004657810553908348,-0.0013424461940303445,-0.0032040916848927736,-519.2718505859375,517.5234985351562,1752.107177734375,0,83,0,7,0.001793490257114172,1036.7069091796875,0.061451513320207596
16,"PMD=84 PMS=7, AMD=0",394.61129687500005,395.0126992187501,True,-0.005294447764754295,-0.0008602002053521574,-0.003302421420812607,-525.6470336914062,525.2003784179688,1752.1094970703125,0,84,0,7,0.002081475453451276,1050.760986328125,0.061452850699424744
16,"PMD=85 PMS=7, AMD=0",395.0126992187501,395.41410156250004,True,-0.0058337729424238205,-0.0011144751915708184,-0.003420415800064802,-532.0303955078125,530.0555419921875,1752.11181640625,0,85,0,7,0.0019748168997466564,1062.013427734375,0.06145162135362625
16,"PMD=86 PMS=7, AMD=0",395.41410156250004,395.81550390625,True,-0.005788865033537149,-0.0009548292146064341,-0.0034597469493746758,-538.4552001953125,536.2935791015625,1752.10888671875,0,86,0,7,0.0021052665542811155,1074.66796875,0.06145209074020386
16,"PMD=87 PMS=7, AMD=0",395.81550390625,396.21690625,True,-0.010113038122653961,0.003704553935676813,-0.00365639990195632,-545.2869873046875,542.497802734375,1752.108642578125,0,87,0,7,0.004023210145533085,1087.275634765625,0.06144634261727333
16,"PMD=88 PMS=7, AMD=0",396.21690625,396.61830859375004,True,-0.0056680054403841496,-0.0014246470527723432,-0.003524953266605735,-550.0665283203125,550.0631713867188,1752.1090087890625,0,88,0,7,0.0021114512346684933,1100.059326171875,0.061452366411685944
16,"PMD=89 PMS=7, AMD=0",396.61830859375004,397.0197109375,True,-0.005565769970417023,-0.0017321163322776556,-0.003582914359867573,-556.5560302734375,554.8614501953125,1752.1085205078125,0,89,0,7,0.0017688260413706303,1111.338623046875,0.06145395711064339
16,"PMD=90 PMS=7, AMD=0",397.0197109375,397.42111328125003,True,-0.006082314997911453,-0.0015646140091121197,-0.0036398395895957947,-563.07958984375,561.0103149414062,1752.1099853515625,0,90,0,7,0.00242578680627048,1123.984375,0.06145305186510086
16,"PMD=91 PMS=7, AMD=0",397.42111328125003,397.82251562500005,True,-0.005779137834906578,-0.0018381236586719751,-0.0036491546779870987,-569.6014404296875,567.1261596679688,1752.109375,0,91,0,7,0.002122763777151704,1136.6580810546875,0.06145491451025009
16,"PMD=92 PMS=7, AMD=0",397.82251562500005,398.22391796875,True,-0.0070159900933504105,-0.0011935720685869455,-0.004041412379592657,-574.8458251953125,575.2562255859375,1752.1087646484375,0,92,0,7,0.002725055441260338,1150.0345458984375,0.061453547328710556
16,"PMD=93 PMS=7, AMD=0",398.22391796875,398.62532031250004,True,-0.005700496956706047,-0.001356526161544025,-0.003985524643212557,-581.4498291015625,579.9825439453125,1752.108154296875,0,93,0,7,0.0019511920399963856,1161.331298828125,0.061456337571144104
16,"PMD=94 PMS=7, AMD=0",398.62532031250004,399.02672265625006,True,-0.0057213990949094296,-0.0020180426072329283,-0.0038623628206551075,-588.0326538085938,586.0447998046875,1752.10888671875,0,94,0,7,0.001919853501021862,1173.99365234375,0.06145720183849335
16,"PMD=95 PMS=7, AMD=0",399.02672265625006,399.4281250000001,True,-0.00594138540327549,-0.0015366621082648635,-0.0040507265366613865,-594.6804809570312,592.0797119140625,1752.1107177734375,0,95,0,7,0.002294510370120406,1186.655517578125,0.06145524978637695
16,"PMD=96 PMS=7, AMD=0",399.4281250000001,399.82952734375004,True,-0.0058285994455218315,-0.0019493052968755364,-0.004080740734934807,-599.9991455078125,600.0890502929688,1752.1083984375,0,96,0,7,0.002034728415310383,1200.004150390625,0.06145693361759186
16,"PMD=97 PMS=7, AMD=0",399.82952734375004,400.23092968750007,True,-0.005800867453217506,-0.0022257009986788034,-0.004081775434315205,-608.0081176757812,605.4124755859375,1752.109619140625,0,97,0,7,0.0018184101209044456,1213.3359375,0.06145757436752319
16,"PMD=98 PMS=7, AMD=0",400.23092968750007,400.6323320312501,True,-0.005758857354521751,-0.00234060431830585,-0.004094195086508989,-614.0479125976562,612.0462646484375,1752.11083984375,0,98,0,7,0.0016507350374013186,1226.00390625,0.061458516865968704
16,"PMD=99 PMS=7, AMD=0",400.6323320312501,401.03373437500005,True,-0.005624959710985422,-0.0020880219526588917,-0.004066251218318939,-620.077392578125,618.6452026367188,1752.109130859375,0,99,0,7,0.0016549057327210903,1238.669921875,0.06145806983113289
16,"PMD=100 PMS=7, AMD=0",401.03373437500005,401.4351367187501,True,-0.006224897224456072,-0.0010896273888647556,-0.0039917342364788055,-625.5738525390625,625.2279663085938,1752.109375,0,100,0,7,0.002677226671949029,1249.854736328125,0.061452534049749374
16,"PMD=101 PMS=7, AMD=0",401.4351367187501,401.83653906250004,True,-0.005860055796802044,-0.0025811726227402687,-0.0042111435905098915,-632.9636840820312,630.4739379882812,1752.1087646484375,0,101,0,7,0.0017738845199346542,1263.353271484375,0.0614594891667366
16,"PMD=102 PMS=7, AMD=0",401.83653906250004,402.23794140625,True,-0.00689680315554142,-0.0018758053192868829,-0.004442966543138027,-639.0775756835938,637.0136108398438,1752.1107177734375,0,102,0,7,0.00248169619590044,1276.00048828125,0.0614587627351284
16,"PMD=103 PMS=7, AMD=0",402.23794140625,402.63934375,True,-0.006356096360832453,-0.002053032396361232,-0.004396395292133093,-645.2185668945312,643.5155029296875,1752.1085205078125,0,103,0,7,0.0021878117695450783,1288.668701171875,0.06145889312028885
16,"PMD=104 PMS=7, AMD=0",402.63934375,403.04074609375004,True,-0.006416727788746357,-0.0022416424471884966,-0.004767921753227711,-650.0590209960938,650.0128784179688,1752.1083984375,0,104,0,7,0.002333704847842455,1299.924072265625,0.061460401862859726
16,"PMD=105 PMS=7, AMD=0",403.04074609375004,403.4421484375,True,-0.0065750316716730595,-0.0019878149032592773,-0.004603375680744648,-657.5768432617188,655.1810913085938,1752.1087646484375,0,105,0,7,0.002189056947827339,1312.681884765625,0.061459772288799286
16,"PMD=106 PMS=7, AMD=0",403.4421484375,403.84355078125003,True,-0.006641870364546776,-0.0021420589182525873,-0.004769991617649794,-663.7826538085938,661.6227416992188,1752.10986328125,0,106,0,7,0.001963153714314103,1325.326416015625,0.061461709439754486
16,"PMD=107 PMS=7, AMD=0",403.84355078125003,404.24495312500005,True,-0.007418648339807987,-0.0016261085402220488,-0.004598201252520084,-670.1129150390625,668.0445556640625,1752.109375,0,107,0,7,0.002425776096060872,1337.992431640625,0.0614592544734478
16,"PMD=108 PMS=7, AMD=0",404.24495312500005,404.64635546875,True,-0.0072833276353776455,-0.002176633570343256,-0.004397430457174778,-674.8825073242188,674.4531860351562,1752.1090087890625,0,108,0,7,0.0025743311271071434,1349.24365234375,0.06145863980054855
16,"PMD=109 PMS=7, AMD=0",404.64635546875,405.04775781250004,True,-0.006804722361266613,-0.0024679284542798996,-0.004578538239002228,-682.5770263671875,680.8073120117188,1752.1075439453125,0,109,0,7,0.0019931625574827194,1363.28271484375,0.061460260301828384
16,"PMD=110 PMS=7, AMD=0",405.04775781250004,405.44916015625006,True,-0.007386784069240093,-0.0020375042222440243,-0.004731701221317053,-688.9063720703125,687.16357421875,1752.107666015625,0,110,0,7,0.0025716491509228945,1375.91796875,0.06145976111292839
16,"PMD=111 PMS=7, AMD=0",405.44916015625006,405.8505625000001,True,-0.006851693615317345,-0.002365241525694728,-0.00487658241763711,-695.1952514648438,693.4840698242188,1752.110107421875,0,111,0,7,0.0020956359803676605,1388.5927734375,0.061461128294467926
16,"PMD=112 PMS=7, AMD=0",405.8505625000001,406.25196484375005,True,-0.0069030108861625195,-0.002828979166224599,-0.004775166045874357,-700.1283569335938,699.796142578125,1752.1090087890625,0,112,0,7,0.002137015573680401,1399.824951171875,0.061462122946977615
16,"PMD=113 PMS=7, AMD=0",406.25196484375005,406.65336718750007,True,-0.006740574724972248,-0.002572891768068075,-0.004897279664874077,-707.19970703125,706.058837890625,1752.1080322265625,0,113,0,7,0.0022849733941257,1413.181396484375,0.06146286427974701
16,"PMD=114 PMS=7, AMD=0",406.65336718750007,407.0547695312501,True,-0.007649971637874842,-0.0019592433236539364,-0.004872443154454231,-714.3038330078125,712.3248901367188,1752.1097412109375,0,114,0,7,0.0027237378526479006,1425.76220703125,0.061460185796022415
16,"PMD=115 PMS=7, AMD=0",407.0547695312501,407.45617187500005,True,-0.0074100615456700325,-0.002845954615622759,-0.005051471292972565,-719.9908447265625,718.5570068359375,1752.107177734375,0,115,0,7,0.00224768347106874,1438.4803466796875,0.06146205589175224
16,"PMD=116 PMS=7, AMD=0",407.45617187500005,407.8575742187501,True,-0.007019922137260437,-0.0028914990834891796,-0.005038018338382244,-725.022216796875,724.7716064453125,1752.107666015625,0,116,0,7,0.0018699723295867443,1449.701416015625,0.06146252155303955
16,"PMD=117 PMS=7, AMD=0",407.8575742187501,408.2589765625001,True,-0.007027370855212212,-0.002741409232839942,-0.005173581652343273,-732.1920166015625,730.9746704101562,1752.1080322265625,0,117,0,7,0.002269390970468521,1463.0604248046875,0.06146254763007164
16,"PMD=118 PMS=7, AMD=0",408.2589765625001,408.66037890625,True,-0.007033785339444876,-0.0029295904096215963,-0.004896244499832392,-738.66259765625,737.1251220703125,1752.1070556640625,0,118,0,7,0.0022960896603763103,1475.717041015625,0.06146269291639328
16,"PMD=119 PMS=7, AMD=0",408.66037890625,409.06178125,True,-0.011629712767899036,-0.00023731976398266852,-0.004563014954328537,-745.392578125,743.4217529296875,1752.111083984375,0,119,0,7,0.0045906854793429375,1488.28173828125,0.061452195048332214
16,"PMD=120 PMS=7, AMD=0",409.06178125,409.46318359375005,True,-0.007003989070653915,-0.003301904071122408,-0.005058198235929012,-750.2628173828125,749.39111328125,1752.1083984375,0,120,0,7,0.0019517028704285622,1499.57470703125,0.061464108526706696
16,"PMD=121 PMS=7, AMD=0",409.46318359375005,409.8645859375,True,-0.007712043356150389,-0.00306891230866313,-0.005028705112636089,-758.311767578125,755.5086669921875,1752.1060791015625,0,121,0,7,0.0021327752619981766,1513.6851806640625,0.061464205384254456
16,"PMD=122 PMS=7, AMD=0",409.8645859375,410.26598828125003,True,-0.007877771742641926,-0.00279399286955595,-0.004938673693686724,-763.3987426757812,761.580078125,1752.1097412109375,0,122,0,7,0.0025125788524746895,1524.898681640625,0.061462391167879105
16,"PMD=123 PMS=7, AMD=0",410.26598828125003,410.66739062500005,True,-0.007637350354343653,-0.0032473572064191103,-0.004971788730472326,-770.119140625,767.6574096679688,1752.1060791015625,0,123,0,7,0.0021596821025013924,1537.529296875,0.061463844031095505
16,"PMD=124 PMS=7, AMD=0",410.66739062500005,411.06879296875,True,-0.0126004284247756,0.0009039844153448939,-0.004893140401691198,-775.2469482421875,775.0501098632812,1752.10986328125,0,124,0,7,0.006464604288339615,1549.9605712890625,0.06145068258047104
16,"PMD=125 PMS=7, AMD=0",411.06879296875,411.47019531250004,True,-0.0074648926965892315,-0.003113523591309786,-0.005256884265691042,-782.5574951171875,780.895751953125,1752.107666015625,0,125,0,7,0.002254846040159464,1563.3594970703125,0.061466265469789505
16,"PMD=126 PMS=7, AMD=0",411.47019531250004,411.87159765625006,True,-0.00781239103525877,-0.0028852885589003563,-0.005199452396482229,-787.748291015625,786.9088134765625,1752.109619140625,0,126,0,7,0.0026294696144759655,1574.5421142578125,0.061463527381420135
16,"PMD=127 PMS=7, AMD=0",411.87159765625006,412.273,True,-0.0074345809407532215,-0.003269714303314686,-0.005333977285772562,-794.4302978515625,792.86669921875,1752.109619140625,0,127,0,7,0.0021904231980443,1587.20849609375,0.061465710401535034
